activation,branch,role,label,truth,question,answer,text,rel_rank
-1.3373165130615234,1,cf,1,0,"Consider the following example: ‘‘‘The woman walked with crutches.’’’ Choice 1: She shaved her legs. Choice 2: She broke her leg. Q: Which one is more likely to be the cause, choice 1 or choice 2?",choice 2,"Consider the following example: ‘‘‘The woman walked with crutches.’’’ Choice 1: She shaved her legs. Choice 2: She broke her leg. Q: Which one is more likely to be the cause, choice 1 or choice 2? choice 2.",0.0
-1.0678424835205078,1,cf,1,0,"Consider the following example: ‘‘‘The patient went into a coma.’’’ Choice 1: He suffered emotional trauma. Choice 2: He suffered brain damage. Q: Which one is more likely to be the cause, choice 1 or choice 2?",choice 2,"Consider the following example: ‘‘‘The patient went into a coma.’’’ Choice 1: He suffered emotional trauma. Choice 2: He suffered brain damage. Q: Which one is more likely to be the cause, choice 1 or choice 2? choice 2.",0.002004008016032064
-0.981459379196167,1,cf,1,0,"Consider the following example: ‘‘‘The woman filed a restraining order against the man.’’’ Choice 1: The man called her. Choice 2: The man stalked her. Q: Which one is more likely to be the cause, choice 1 or choice 2?",choice 2,"Consider the following example: ‘‘‘The woman filed a restraining order against the man.’’’ Choice 1: The man called her. Choice 2: The man stalked her. Q: Which one is more likely to be the cause, choice 1 or choice 2? choice 2.",0.004008016032064128
-0.9458580017089844,1,cf,1,0,"Consider the following example: ‘‘‘The woman was arrested.’’’ Choice 1: She checked into rehab. Choice 2: She committed assault. Q: Which one is more likely to be the cause, choice 1 or choice 2?",choice 2,"Consider the following example: ‘‘‘The woman was arrested.’’’ Choice 1: She checked into rehab. Choice 2: She committed assault. Q: Which one is more likely to be the cause, choice 1 or choice 2? choice 2.",0.006012024048096192
-0.9322668313980103,1,cf,1,0,"Consider the following example: ‘‘‘The bride got cold feet before the wedding.’’’ Choice 1: The wedding guests brought gifts. Choice 2: She called the wedding off. Q: Which one is more likely to be the effect, choice 1 or choice 2?",choice 2,"Consider the following example: ‘‘‘The bride got cold feet before the wedding.’’’ Choice 1: The wedding guests brought gifts. Choice 2: She called the wedding off. Q: Which one is more likely to be the effect, choice 1 or choice 2? choice 2.",0.008016032064128256
-0.8988587856292725,1,cf,1,0,"Consider the following example: ‘‘‘The boat capsized.’’’ Choice 1: The captain raised the sail. Choice 2: It was caught in a hurricane. Q: Which one is more likely to be the cause, choice 1 or choice 2?",choice 2,"Consider the following example: ‘‘‘The boat capsized.’’’ Choice 1: The captain raised the sail. Choice 2: It was caught in a hurricane. Q: Which one is more likely to be the cause, choice 1 or choice 2? choice 2.",0.01002004008016032
-0.8978101015090942,1,cf,1,0,"Consider the following example: ‘‘‘The celebrity wore sunglasses.’’’ Choice 1: She wanted to thank her fans. Choice 2: She wanted to avoid recognition. Q: Which one is more likely to be the cause, choice 1 or choice 2?",choice 2,"Consider the following example: ‘‘‘The celebrity wore sunglasses.’’’ Choice 1: She wanted to thank her fans. Choice 2: She wanted to avoid recognition. Q: Which one is more likely to be the cause, choice 1 or choice 2? choice 2.",0.012024048096192385
-0.8928585648536682,0,base,1,1,"Consider the following example: ‘‘‘The vandals threw a rock at the window.’’’ Choice 1: The window cracked. Choice 2: The window fogged up. Q: Which one is more likely to be the effect, choice 1 or choice 2?",choice 1,"Consider the following example: ‘‘‘The vandals threw a rock at the window.’’’ Choice 1: The window cracked. Choice 2: The window fogged up. Q: Which one is more likely to be the effect, choice 1 or choice 2? choice 1.",0.014028056112224449
-0.8749638199806213,1,cf,1,0,"Consider the following example: ‘‘‘The child disobeyed her parents.’’’ Choice 1: Her parents hugged her. Choice 2: Her parents punished her. Q: Which one is more likely to be the effect, choice 1 or choice 2?",choice 2,"Consider the following example: ‘‘‘The child disobeyed her parents.’’’ Choice 1: Her parents hugged her. Choice 2: Her parents punished her. Q: Which one is more likely to be the effect, choice 1 or choice 2? choice 2.",0.01603206412825651
-0.8434405326843262,1,cf,1,0,"Consider the following example: ‘‘‘The driver got a flat tire.’’’ Choice 1: He went over the speed limit. Choice 2: He ran over a nail. Q: Which one is more likely to be the cause, choice 1 or choice 2?",choice 2,"Consider the following example: ‘‘‘The driver got a flat tire.’’’ Choice 1: He went over the speed limit. Choice 2: He ran over a nail. Q: Which one is more likely to be the cause, choice 1 or choice 2? choice 2.",0.018036072144288578
-0.841739296913147,0,base,1,1,"Consider the following example: ‘‘‘The woman dangled the biscuit above the dog.’’’ Choice 1: The dog jumped up. Choice 2: The dog scratched its fur. Q: Which one is more likely to be the effect, choice 1 or choice 2?",choice 1,"Consider the following example: ‘‘‘The woman dangled the biscuit above the dog.’’’ Choice 1: The dog jumped up. Choice 2: The dog scratched its fur. Q: Which one is more likely to be the effect, choice 1 or choice 2? choice 1.",0.02004008016032064
-0.8406240940093994,1,cf,1,0,"Consider the following example: ‘‘‘The woman was in a bad mood.’’’ Choice 1: She engaged in small talk with her friend. Choice 2: She told her friend to leave her alone. Q: Which one is more likely to be the effect, choice 1 or choice 2?",choice 2,"Consider the following example: ‘‘‘The woman was in a bad mood.’’’ Choice 1: She engaged in small talk with her friend. Choice 2: She told her friend to leave her alone. Q: Which one is more likely to be the effect, choice 1 or choice 2? choice 2.",0.022044088176352707
-0.8376035690307617,1,cf,1,0,"Consider the following example: ‘‘‘Air leaked out of the beach ball.’’’ Choice 1: It was inflated. Choice 2: There was a hole in it. Q: Which one is more likely to be the cause, choice 1 or choice 2?",choice 2,"Consider the following example: ‘‘‘Air leaked out of the beach ball.’’’ Choice 1: It was inflated. Choice 2: There was a hole in it. Q: Which one is more likely to be the cause, choice 1 or choice 2? choice 2.",0.02404809619238477
-0.8235087394714355,0,base,1,1,"Consider the following example: ‘‘‘The driver slammed on his brakes.’’’ Choice 1: A deer appeared on the road. Choice 2: The car radio shut off. Q: Which one is more likely to be the cause, choice 1 or choice 2?",choice 1,"Consider the following example: ‘‘‘The driver slammed on his brakes.’’’ Choice 1: A deer appeared on the road. Choice 2: The car radio shut off. Q: Which one is more likely to be the cause, choice 1 or choice 2? choice 1.",0.026052104208416832
-0.7997792959213257,1,cf,1,0,"Consider the following example: ‘‘‘The skier slipped on the slope.’’’ Choice 1: She dropped her ski poles. Choice 2: She hit a patch of ice. Q: Which one is more likely to be the cause, choice 1 or choice 2?",choice 2,"Consider the following example: ‘‘‘The skier slipped on the slope.’’’ Choice 1: She dropped her ski poles. Choice 2: She hit a patch of ice. Q: Which one is more likely to be the cause, choice 1 or choice 2? choice 2.",0.028056112224448898
-0.7553470134735107,1,cf,1,0,"Consider the following example: ‘‘‘My computer crashed.’’’ Choice 1: I installed new speakers. Choice 2: I lost all my data. Q: Which one is more likely to be the effect, choice 1 or choice 2?",choice 2,"Consider the following example: ‘‘‘My computer crashed.’’’ Choice 1: I installed new speakers. Choice 2: I lost all my data. Q: Which one is more likely to be the effect, choice 1 or choice 2? choice 2.",0.03006012024048096
-0.7456397414207458,1,cf,1,0,"Consider the following example: ‘‘‘The doctors amputated the patient's leg.’’’ Choice 1: It was badly bruised. Choice 2: It was severely infected. Q: Which one is more likely to be the cause, choice 1 or choice 2?",choice 2,"Consider the following example: ‘‘‘The doctors amputated the patient's leg.’’’ Choice 1: It was badly bruised. Choice 2: It was severely infected. Q: Which one is more likely to be the cause, choice 1 or choice 2? choice 2.",0.03206412825651302
-0.7261995673179626,1,cf,1,0,"Consider the following example: ‘‘‘The man craved a cigarette.’’’ Choice 1: His family urged him to quit smoking. Choice 2: He was addicted to nicotine. Q: Which one is more likely to be the cause, choice 1 or choice 2?",choice 2,"Consider the following example: ‘‘‘The man craved a cigarette.’’’ Choice 1: His family urged him to quit smoking. Choice 2: He was addicted to nicotine. Q: Which one is more likely to be the cause, choice 1 or choice 2? choice 2.",0.03406813627254509
-0.6962456107139587,1,cf,1,0,"Consider the following example: ‘‘‘The woman spoke with a foreign accent.’’’ Choice 1: She came from a wealthy family. Choice 2: She migrated from another country. Q: Which one is more likely to be the cause, choice 1 or choice 2?",choice 2,"Consider the following example: ‘‘‘The woman spoke with a foreign accent.’’’ Choice 1: She came from a wealthy family. Choice 2: She migrated from another country. Q: Which one is more likely to be the cause, choice 1 or choice 2? choice 2.",0.036072144288577156
-0.6928329467773438,0,base,1,1,"Consider the following example: ‘‘‘The woman felt compelled to help someone in need.’’’ Choice 1: She donated blood. Choice 2: She wrote a poem. Q: Which one is more likely to be the effect, choice 1 or choice 2?",choice 1,"Consider the following example: ‘‘‘The woman felt compelled to help someone in need.’’’ Choice 1: She donated blood. Choice 2: She wrote a poem. Q: Which one is more likely to be the effect, choice 1 or choice 2? choice 1.",0.03807615230460922
-0.6804954409599304,1,cf,0,1,"Consider the following example: ‘‘‘The boy's hands were shaking.’’’ Choice 1: He planned to ask the girl out. Choice 2: His palms were cold and sweaty. Q: Which one is more likely to be the cause, choice 1 or choice 2?",choice 2,"Consider the following example: ‘‘‘The boy's hands were shaking.’’’ Choice 1: He planned to ask the girl out. Choice 2: His palms were cold and sweaty. Q: Which one is more likely to be the cause, choice 1 or choice 2? choice 2.",0.04008016032064128
-0.6745782494544983,1,cf,0,1,"Consider the following example: ‘‘‘I clenched the candy wrapper in my fist.’’’ Choice 1: The wrapper crinkled. Choice 2: The wrapper ripped. Q: Which one is more likely to be the effect, choice 1 or choice 2?",choice 2,"Consider the following example: ‘‘‘I clenched the candy wrapper in my fist.’’’ Choice 1: The wrapper crinkled. Choice 2: The wrapper ripped. Q: Which one is more likely to be the effect, choice 1 or choice 2? choice 2.",0.04208416833667335
-0.6738216876983643,1,cf,1,0,"Consider the following example: ‘‘‘The bartender refused to serve the patron.’’’ Choice 1: The patron was alone. Choice 2: The patron was drunk. Q: Which one is more likely to be the cause, choice 1 or choice 2?",choice 2,"Consider the following example: ‘‘‘The bartender refused to serve the patron.’’’ Choice 1: The patron was alone. Choice 2: The patron was drunk. Q: Which one is more likely to be the cause, choice 1 or choice 2? choice 2.",0.04408817635270541
-0.6736620664596558,0,base,1,1,"Consider the following example: ‘‘‘The girl applied the scissors to the paper.’’’ Choice 1: The paper sliced apart. Choice 2: The paper crinkled. Q: Which one is more likely to be the effect, choice 1 or choice 2?",choice 1,"Consider the following example: ‘‘‘The girl applied the scissors to the paper.’’’ Choice 1: The paper sliced apart. Choice 2: The paper crinkled. Q: Which one is more likely to be the effect, choice 1 or choice 2? choice 1.",0.04609218436873747
-0.6666592359542847,1,cf,1,0,"Consider the following example: ‘‘‘The man's clothes fit loosely.’’’ Choice 1: He bought them on sale. Choice 2: He lost weight. Q: Which one is more likely to be the cause, choice 1 or choice 2?",choice 2,"Consider the following example: ‘‘‘The man's clothes fit loosely.’’’ Choice 1: He bought them on sale. Choice 2: He lost weight. Q: Which one is more likely to be the cause, choice 1 or choice 2? choice 2.",0.04809619238476954
-0.6521044969558716,0,base,1,1,"Consider the following example: ‘‘‘The man wanted to get revenge on his enemy.’’’ Choice 1: The man framed his enemy for a crime. Choice 2: The man declared a truce with his enemy. Q: Which one is more likely to be the effect, choice 1 or choice 2?",choice 1,"Consider the following example: ‘‘‘The man wanted to get revenge on his enemy.’’’ Choice 1: The man framed his enemy for a crime. Choice 2: The man declared a truce with his enemy. Q: Which one is more likely to be the effect, choice 1 or choice 2? choice 1.",0.050100200400801605
-0.6173607110977173,1,cf,1,0,"Consider the following example: ‘‘‘The woman betrayed her friend.’’’ Choice 1: Her friend sent her a greeting card. Choice 2: Her friend cut off contact with her. Q: Which one is more likely to be the effect, choice 1 or choice 2?",choice 2,"Consider the following example: ‘‘‘The woman betrayed her friend.’’’ Choice 1: Her friend sent her a greeting card. Choice 2: Her friend cut off contact with her. Q: Which one is more likely to be the effect, choice 1 or choice 2? choice 2.",0.052104208416833664
-0.607086181640625,1,cf,1,0,"Consider the following example: ‘‘‘The woman suffered amnesia.’’’ Choice 1: She had an allergic reaction. Choice 2: She got into a car accident. Q: Which one is more likely to be the cause, choice 1 or choice 2?",choice 2,"Consider the following example: ‘‘‘The woman suffered amnesia.’’’ Choice 1: She had an allergic reaction. Choice 2: She got into a car accident. Q: Which one is more likely to be the cause, choice 1 or choice 2? choice 2.",0.05410821643286573
-0.5937404632568359,1,cf,1,0,"Consider the following example: ‘‘‘The smoke alarm went off.’’’ Choice 1: I lit a candle. Choice 2: I burnt my dinner. Q: Which one is more likely to be the cause, choice 1 or choice 2?",choice 2,"Consider the following example: ‘‘‘The smoke alarm went off.’’’ Choice 1: I lit a candle. Choice 2: I burnt my dinner. Q: Which one is more likely to be the cause, choice 1 or choice 2? choice 2.",0.056112224448897796
-0.583478569984436,1,cf,1,0,"Consider the following example: ‘‘‘The student's answer on the exam was incorrect.’’’ Choice 1: The teacher added bonus points to the student's grade. Choice 2: The teacher subtracted points off the student's grade. Q: Which one is more likely to be the effect, choice 1 or choice 2?",choice 2,"Consider the following example: ‘‘‘The student's answer on the exam was incorrect.’’’ Choice 1: The teacher added bonus points to the student's grade. Choice 2: The teacher subtracted points off the student's grade. Q: Which one is more likely to be the effect, choice 1 or choice 2? choice 2.",0.05811623246492986
-0.5831600427627563,0,base,1,1,"Consider the following example: ‘‘‘The man confessed his love for the woman.’’’ Choice 1: The woman rejected him. Choice 2: The woman envied him. Q: Which one is more likely to be the effect, choice 1 or choice 2?",choice 1,"Consider the following example: ‘‘‘The man confessed his love for the woman.’’’ Choice 1: The woman rejected him. Choice 2: The woman envied him. Q: Which one is more likely to be the effect, choice 1 or choice 2? choice 1.",0.06012024048096192
-0.5760023593902588,1,cf,1,0,"Consider the following example: ‘‘‘The computer crashed.’’’ Choice 1: I backed up my files. Choice 2: I downloaded a virus. Q: Which one is more likely to be the cause, choice 1 or choice 2?",choice 2,"Consider the following example: ‘‘‘The computer crashed.’’’ Choice 1: I backed up my files. Choice 2: I downloaded a virus. Q: Which one is more likely to be the cause, choice 1 or choice 2? choice 2.",0.06212424849699399
-0.5747049450874329,1,cf,1,0,"Consider the following example: ‘‘‘The man got a discount on his groceries.’’’ Choice 1: He greeted the cashier. Choice 2: He used a coupon. Q: Which one is more likely to be the cause, choice 1 or choice 2?",choice 2,"Consider the following example: ‘‘‘The man got a discount on his groceries.’’’ Choice 1: He greeted the cashier. Choice 2: He used a coupon. Q: Which one is more likely to be the cause, choice 1 or choice 2? choice 2.",0.06412825651302605
-0.5741744041442871,1,cf,1,0,"Consider the following example: ‘‘‘The man went into denial about the tragedy.’’’ Choice 1: He got over it easily. Choice 2: He refused to talk about it. Q: Which one is more likely to be the effect, choice 1 or choice 2?",choice 2,"Consider the following example: ‘‘‘The man went into denial about the tragedy.’’’ Choice 1: He got over it easily. Choice 2: He refused to talk about it. Q: Which one is more likely to be the effect, choice 1 or choice 2? choice 2.",0.06613226452905811
-0.56841641664505,0,base,1,1,"Consider the following example: ‘‘‘The woman was deemed mentally ill.’’’ Choice 1: She was sent to a psychiatric institution. Choice 2: She sought a career as a psychiatrist. Q: Which one is more likely to be the effect, choice 1 or choice 2?",choice 1,"Consider the following example: ‘‘‘The woman was deemed mentally ill.’’’ Choice 1: She was sent to a psychiatric institution. Choice 2: She sought a career as a psychiatrist. Q: Which one is more likely to be the effect, choice 1 or choice 2? choice 1.",0.06813627254509018
-0.5437607765197754,1,cf,1,0,"Consider the following example: ‘‘‘The woman received a diploma.’’’ Choice 1: She enrolled in college. Choice 2: She graduated from college. Q: Which one is more likely to be the cause, choice 1 or choice 2?",choice 2,"Consider the following example: ‘‘‘The woman received a diploma.’’’ Choice 1: She enrolled in college. Choice 2: She graduated from college. Q: Which one is more likely to be the cause, choice 1 or choice 2? choice 2.",0.07014028056112225
-0.5308014750480652,0,base,1,1,"Consider the following example: ‘‘‘The cowgirl threw her lasso towards the horse.’’’ Choice 1: The lasso grabbed onto the horse. Choice 2: The horse trotted into the barn. Q: Which one is more likely to be the effect, choice 1 or choice 2?",choice 1,"Consider the following example: ‘‘‘The cowgirl threw her lasso towards the horse.’’’ Choice 1: The lasso grabbed onto the horse. Choice 2: The horse trotted into the barn. Q: Which one is more likely to be the effect, choice 1 or choice 2? choice 1.",0.07214428857715431
-0.5301386713981628,1,cf,1,0,"Consider the following example: ‘‘‘The friends' debate dragged on interminably.’’’ Choice 1: The friends saw eye to eye. Choice 2: The friends were splitting hairs. Q: Which one is more likely to be the cause, choice 1 or choice 2?",choice 2,"Consider the following example: ‘‘‘The friends' debate dragged on interminably.’’’ Choice 1: The friends saw eye to eye. Choice 2: The friends were splitting hairs. Q: Which one is more likely to be the cause, choice 1 or choice 2? choice 2.",0.07414829659318638
-0.5241365432739258,0,base,1,1,"Consider the following example: ‘‘‘The woman won the lottery.’’’ Choice 1: She bought a yacht. Choice 2: She joined a church. Q: Which one is more likely to be the effect, choice 1 or choice 2?",choice 1,"Consider the following example: ‘‘‘The woman won the lottery.’’’ Choice 1: She bought a yacht. Choice 2: She joined a church. Q: Which one is more likely to be the effect, choice 1 or choice 2? choice 1.",0.07615230460921844
-0.5166434049606323,1,cf,0,1,"Consider the following example: ‘‘‘The woman felt reluctant to switch careers.’’’ Choice 1: She made a lot of money in her current occupation. Choice 2: She endured a lot of stress in her current occupation. Q: Which one is more likely to be the cause, choice 1 or choice 2?",choice 2,"Consider the following example: ‘‘‘The woman felt reluctant to switch careers.’’’ Choice 1: She made a lot of money in her current occupation. Choice 2: She endured a lot of stress in her current occupation. Q: Which one is more likely to be the cause, choice 1 or choice 2? choice 2.",0.0781563126252505
-0.5080096125602722,1,cf,1,0,"Consider the following example: ‘‘‘The detective revealed an anomaly in the case.’’’ Choice 1: He finalized his theory. Choice 2: He scrapped his theory. Q: Which one is more likely to be the effect, choice 1 or choice 2?",choice 2,"Consider the following example: ‘‘‘The detective revealed an anomaly in the case.’’’ Choice 1: He finalized his theory. Choice 2: He scrapped his theory. Q: Which one is more likely to be the effect, choice 1 or choice 2? choice 2.",0.08016032064128256
-0.4977804124355316,1,cf,0,1,"Consider the following example: ‘‘‘The scientist conducted an experiment.’’’ Choice 1: She validated her theory. Choice 2: She fabricated her data. Q: Which one is more likely to be the effect, choice 1 or choice 2?",choice 2,"Consider the following example: ‘‘‘The scientist conducted an experiment.’’’ Choice 1: She validated her theory. Choice 2: She fabricated her data. Q: Which one is more likely to be the effect, choice 1 or choice 2? choice 2.",0.08216432865731463
-0.4911828637123108,0,base,1,1,"Consider the following example: ‘‘‘The surfer caught the wave.’’’ Choice 1: The wave carried her to the shore. Choice 2: She paddled her board into the ocean. Q: Which one is more likely to be the effect, choice 1 or choice 2?",choice 1,"Consider the following example: ‘‘‘The surfer caught the wave.’’’ Choice 1: The wave carried her to the shore. Choice 2: She paddled her board into the ocean. Q: Which one is more likely to be the effect, choice 1 or choice 2? choice 1.",0.0841683366733467
-0.48503708839416504,0,base,1,1,"Consider the following example: ‘‘‘The student was in a rush to get to school on time.’’’ Choice 1: He left his assignment at home. Choice 2: He brought his lunch to school. Q: Which one is more likely to be the effect, choice 1 or choice 2?",choice 1,"Consider the following example: ‘‘‘The student was in a rush to get to school on time.’’’ Choice 1: He left his assignment at home. Choice 2: He brought his lunch to school. Q: Which one is more likely to be the effect, choice 1 or choice 2? choice 1.",0.08617234468937876
-0.48408937454223633,1,cf,0,1,"Consider the following example: ‘‘‘The man became disabled.’’’ Choice 1: His family offered him financial support. Choice 2: His family cut off contact with him. Q: Which one is more likely to be the effect, choice 1 or choice 2?",choice 2,"Consider the following example: ‘‘‘The man became disabled.’’’ Choice 1: His family offered him financial support. Choice 2: His family cut off contact with him. Q: Which one is more likely to be the effect, choice 1 or choice 2? choice 2.",0.08817635270541083
-0.4696478247642517,1,cf,1,0,"Consider the following example: ‘‘‘The woman banished the children from her property.’’’ Choice 1: The children hit a ball into her yard. Choice 2: The children trampled through her garden. Q: Which one is more likely to be the cause, choice 1 or choice 2?",choice 2,"Consider the following example: ‘‘‘The woman banished the children from her property.’’’ Choice 1: The children hit a ball into her yard. Choice 2: The children trampled through her garden. Q: Which one is more likely to be the cause, choice 1 or choice 2? choice 2.",0.09018036072144289
-0.46085110306739807,1,cf,1,0,"Consider the following example: ‘‘‘The driver rotated the steering wheel.’’’ Choice 1: The car halted. Choice 2: The car turned. Q: Which one is more likely to be the effect, choice 1 or choice 2?",choice 2,"Consider the following example: ‘‘‘The driver rotated the steering wheel.’’’ Choice 1: The car halted. Choice 2: The car turned. Q: Which one is more likely to be the effect, choice 1 or choice 2? choice 2.",0.09218436873747494
-0.4547870457172394,0,base,1,1,"Consider the following example: ‘‘‘My grandmother passed away.’’’ Choice 1: My family held a funeral. Choice 2: My family held a reunion. Q: Which one is more likely to be the effect, choice 1 or choice 2?",choice 1,"Consider the following example: ‘‘‘My grandmother passed away.’’’ Choice 1: My family held a funeral. Choice 2: My family held a reunion. Q: Which one is more likely to be the effect, choice 1 or choice 2? choice 1.",0.09418837675350701
-0.4436590075492859,1,cf,1,0,"Consider the following example: ‘‘‘The motorcyclist twisted the throttle.’’’ Choice 1: The motorcycle coasted to a halt. Choice 2: The motorcycle shot forward. Q: Which one is more likely to be the effect, choice 1 or choice 2?",choice 2,"Consider the following example: ‘‘‘The motorcyclist twisted the throttle.’’’ Choice 1: The motorcycle coasted to a halt. Choice 2: The motorcycle shot forward. Q: Which one is more likely to be the effect, choice 1 or choice 2? choice 2.",0.09619238476953908
-0.4412793815135956,1,cf,1,0,"Consider the following example: ‘‘‘The glasses on the table spilled.’’’ Choice 1: The child drew on the table. Choice 2: The child yanked the tablecloth. Q: Which one is more likely to be the cause, choice 1 or choice 2?",choice 2,"Consider the following example: ‘‘‘The glasses on the table spilled.’’’ Choice 1: The child drew on the table. Choice 2: The child yanked the tablecloth. Q: Which one is more likely to be the cause, choice 1 or choice 2? choice 2.",0.09819639278557114
-0.43979737162590027,0,base,1,1,"Consider the following example: ‘‘‘The book was deemed inappropriate for children.’’’ Choice 1: Schools banned it from its libraries. Choice 2: Teachers required students to read it. Q: Which one is more likely to be the effect, choice 1 or choice 2?",choice 1,"Consider the following example: ‘‘‘The book was deemed inappropriate for children.’’’ Choice 1: Schools banned it from its libraries. Choice 2: Teachers required students to read it. Q: Which one is more likely to be the effect, choice 1 or choice 2? choice 1.",0.10020040080160321
-0.4262610673904419,0,base,1,1,"Consider the following example: ‘‘‘I coughed.’’’ Choice 1: I inhaled smoke. Choice 2: I lowered my voice. Q: Which one is more likely to be the cause, choice 1 or choice 2?",choice 1,"Consider the following example: ‘‘‘I coughed.’’’ Choice 1: I inhaled smoke. Choice 2: I lowered my voice. Q: Which one is more likely to be the cause, choice 1 or choice 2? choice 1.",0.10220440881763528
-0.42195916175842285,1,cf,1,0,"Consider the following example: ‘‘‘My view of the movie screen was blocked.’’’ Choice 1: The couple behind me was whispering. Choice 2: A tall person was sitting in front of me. Q: Which one is more likely to be the cause, choice 1 or choice 2?",choice 2,"Consider the following example: ‘‘‘My view of the movie screen was blocked.’’’ Choice 1: The couple behind me was whispering. Choice 2: A tall person was sitting in front of me. Q: Which one is more likely to be the cause, choice 1 or choice 2? choice 2.",0.10420841683366733
-0.4206656813621521,1,cf,1,0,"Consider the following example: ‘‘‘The children ran through the sprinkler.’’’ Choice 1: They ate popsicles. Choice 2: They were hot. Q: Which one is more likely to be the cause, choice 1 or choice 2?",choice 2,"Consider the following example: ‘‘‘The children ran through the sprinkler.’’’ Choice 1: They ate popsicles. Choice 2: They were hot. Q: Which one is more likely to be the cause, choice 1 or choice 2? choice 2.",0.1062124248496994
-0.4189046621322632,0,base,1,1,"Consider the following example: ‘‘‘The mother scolded her daughter.’’’ Choice 1: Her daughter burped at the kitchen table. Choice 2: Her daughter set the kitchen table. Q: Which one is more likely to be the cause, choice 1 or choice 2?",choice 1,"Consider the following example: ‘‘‘The mother scolded her daughter.’’’ Choice 1: Her daughter burped at the kitchen table. Choice 2: Her daughter set the kitchen table. Q: Which one is more likely to be the cause, choice 1 or choice 2? choice 1.",0.10821643286573146
-0.41880765557289124,0,base,1,1,"Consider the following example: ‘‘‘My feet were blistered.’’’ Choice 1: I went hiking. Choice 2: I went swimming. Q: Which one is more likely to be the cause, choice 1 or choice 2?",choice 1,"Consider the following example: ‘‘‘My feet were blistered.’’’ Choice 1: I went hiking. Choice 2: I went swimming. Q: Which one is more likely to be the cause, choice 1 or choice 2? choice 1.",0.11022044088176353
-0.41770532727241516,0,base,1,1,"Consider the following example: ‘‘‘The man took a shower.’’’ Choice 1: He was sweaty from working out. Choice 2: He opened a new bar of soap. Q: Which one is more likely to be the cause, choice 1 or choice 2?",choice 1,"Consider the following example: ‘‘‘The man took a shower.’’’ Choice 1: He was sweaty from working out. Choice 2: He opened a new bar of soap. Q: Which one is more likely to be the cause, choice 1 or choice 2? choice 1.",0.11222444889779559
-0.417651891708374,0,base,1,1,"Consider the following example: ‘‘‘The rocket flew up into the sky.’’’ Choice 1: The girl launched it. Choice 2: The girl designed it. Q: Which one is more likely to be the cause, choice 1 or choice 2?",choice 1,"Consider the following example: ‘‘‘The rocket flew up into the sky.’’’ Choice 1: The girl launched it. Choice 2: The girl designed it. Q: Which one is more likely to be the cause, choice 1 or choice 2? choice 1.",0.11422845691382766
-0.41433078050613403,0,base,0,0,"Consider the following example: ‘‘‘The woman took her family on vacation.’’’ Choice 1: Her husband got laid off. Choice 2: She received a salary bonus. Q: Which one is more likely to be the cause, choice 1 or choice 2?",choice 1,"Consider the following example: ‘‘‘The woman took her family on vacation.’’’ Choice 1: Her husband got laid off. Choice 2: She received a salary bonus. Q: Which one is more likely to be the cause, choice 1 or choice 2? choice 1.",0.11623246492985972
-0.4140971004962921,0,base,1,1,"Consider the following example: ‘‘‘The woman's date wanted to look like a gentleman.’’’ Choice 1: He opened the door for her. Choice 2: He asked her if she liked sushi. Q: Which one is more likely to be the effect, choice 1 or choice 2?",choice 1,"Consider the following example: ‘‘‘The woman's date wanted to look like a gentleman.’’’ Choice 1: He opened the door for her. Choice 2: He asked her if she liked sushi. Q: Which one is more likely to be the effect, choice 1 or choice 2? choice 1.",0.11823647294589178
-0.40450984239578247,1,cf,1,0,"Consider the following example: ‘‘‘The woman's eyeglasses fogged up.’’’ Choice 1: She reclined by the pool. Choice 2: She entered the sauna. Q: Which one is more likely to be the cause, choice 1 or choice 2?",choice 2,"Consider the following example: ‘‘‘The woman's eyeglasses fogged up.’’’ Choice 1: She reclined by the pool. Choice 2: She entered the sauna. Q: Which one is more likely to be the cause, choice 1 or choice 2? choice 2.",0.12024048096192384
-0.3999480903148651,1,cf,1,0,"Consider the following example: ‘‘‘My ears were ringing.’’’ Choice 1: I went to a museum. Choice 2: I went to a concert. Q: Which one is more likely to be the cause, choice 1 or choice 2?",choice 2,"Consider the following example: ‘‘‘My ears were ringing.’’’ Choice 1: I went to a museum. Choice 2: I went to a concert. Q: Which one is more likely to be the cause, choice 1 or choice 2? choice 2.",0.12224448897795591
-0.397280216217041,0,base,1,1,"Consider the following example: ‘‘‘The boy painted a picture for his mother.’’’ Choice 1: His mother hung the picture on the wall. Choice 2: His mother sold the picture to a gallery. Q: Which one is more likely to be the effect, choice 1 or choice 2?",choice 1,"Consider the following example: ‘‘‘The boy painted a picture for his mother.’’’ Choice 1: His mother hung the picture on the wall. Choice 2: His mother sold the picture to a gallery. Q: Which one is more likely to be the effect, choice 1 or choice 2? choice 1.",0.12424849699398798
-0.3913190960884094,1,cf,0,1,"Consider the following example: ‘‘‘The skydiver glided safely to the ground.’’’ Choice 1: She opened her parachute. Choice 2: She jumped out of the plane. Q: Which one is more likely to be the cause, choice 1 or choice 2?",choice 2,"Consider the following example: ‘‘‘The skydiver glided safely to the ground.’’’ Choice 1: She opened her parachute. Choice 2: She jumped out of the plane. Q: Which one is more likely to be the cause, choice 1 or choice 2? choice 2.",0.12625250501002003
-0.38670721650123596,0,base,0,0,"Consider the following example: ‘‘‘The girl went down the hill on her bike.’’’ Choice 1: Her bike swerved. Choice 2: Her bike sped up. Q: Which one is more likely to be the effect, choice 1 or choice 2?",choice 1,"Consider the following example: ‘‘‘The girl went down the hill on her bike.’’’ Choice 1: Her bike swerved. Choice 2: Her bike sped up. Q: Which one is more likely to be the effect, choice 1 or choice 2? choice 1.",0.1282565130260521
-0.38370993733406067,0,base,1,1,"Consider the following example: ‘‘‘The gardener pulled the weeds.’’’ Choice 1: The weeds came out of the soil. Choice 2: The weeds produced seeds. Q: Which one is more likely to be the effect, choice 1 or choice 2?",choice 1,"Consider the following example: ‘‘‘The gardener pulled the weeds.’’’ Choice 1: The weeds came out of the soil. Choice 2: The weeds produced seeds. Q: Which one is more likely to be the effect, choice 1 or choice 2? choice 1.",0.13026052104208416
-0.3832557201385498,1,cf,1,0,"Consider the following example: ‘‘‘The elderly woman suffered a stroke.’’’ Choice 1: The woman's daughter came over to clean her house. Choice 2: The woman's daughter moved in to take care of her. Q: Which one is more likely to be the effect, choice 1 or choice 2?",choice 2,"Consider the following example: ‘‘‘The elderly woman suffered a stroke.’’’ Choice 1: The woman's daughter came over to clean her house. Choice 2: The woman's daughter moved in to take care of her. Q: Which one is more likely to be the effect, choice 1 or choice 2? choice 2.",0.13226452905811623
-0.3825640082359314,1,cf,0,1,"Consider the following example: ‘‘‘The school principal implemented a dress code.’’’ Choice 1: Students protested the decision. Choice 2: Students were expelled from school. Q: Which one is more likely to be the effect, choice 1 or choice 2?",choice 2,"Consider the following example: ‘‘‘The school principal implemented a dress code.’’’ Choice 1: Students protested the decision. Choice 2: Students were expelled from school. Q: Which one is more likely to be the effect, choice 1 or choice 2? choice 2.",0.1342685370741483
-0.38202327489852905,0,base,1,1,"Consider the following example: ‘‘‘The truck crashed into the motorcycle on the bridge.’’’ Choice 1: The motorcyclist died. Choice 2: The bridge collapsed. Q: Which one is more likely to be the effect, choice 1 or choice 2?",choice 1,"Consider the following example: ‘‘‘The truck crashed into the motorcycle on the bridge.’’’ Choice 1: The motorcyclist died. Choice 2: The bridge collapsed. Q: Which one is more likely to be the effect, choice 1 or choice 2? choice 1.",0.13627254509018036
-0.374576210975647,1,cf,1,0,"Consider the following example: ‘‘‘The vehicles travelled slowly.’’’ Choice 1: It was cloudy. Choice 2: It was foggy. Q: Which one is more likely to be the cause, choice 1 or choice 2?",choice 2,"Consider the following example: ‘‘‘The vehicles travelled slowly.’’’ Choice 1: It was cloudy. Choice 2: It was foggy. Q: Which one is more likely to be the cause, choice 1 or choice 2? choice 2.",0.13827655310621242
-0.369964599609375,1,cf,1,0,"Consider the following example: ‘‘‘The woman wanted to be a doctor.’’’ Choice 1: She visited the hospital. Choice 2: She went to medical school. Q: Which one is more likely to be the effect, choice 1 or choice 2?",choice 2,"Consider the following example: ‘‘‘The woman wanted to be a doctor.’’’ Choice 1: She visited the hospital. Choice 2: She went to medical school. Q: Which one is more likely to be the effect, choice 1 or choice 2? choice 2.",0.1402805611222445
-0.363911509513855,0,base,1,1,"Consider the following example: ‘‘‘A man cut in front of me in the long line.’’’ Choice 1: I confronted him. Choice 2: I smiled at him. Q: Which one is more likely to be the effect, choice 1 or choice 2?",choice 1,"Consider the following example: ‘‘‘A man cut in front of me in the long line.’’’ Choice 1: I confronted him. Choice 2: I smiled at him. Q: Which one is more likely to be the effect, choice 1 or choice 2? choice 1.",0.14228456913827656
-0.3624979853630066,1,cf,1,0,"Consider the following example: ‘‘‘I went to bed.’’’ Choice 1: It was a clear night. Choice 2: It was late. Q: Which one is more likely to be the cause, choice 1 or choice 2?",choice 2,"Consider the following example: ‘‘‘I went to bed.’’’ Choice 1: It was a clear night. Choice 2: It was late. Q: Which one is more likely to be the cause, choice 1 or choice 2? choice 2.",0.14428857715430862
-0.3546947240829468,0,base,0,0,"Consider the following example: ‘‘‘The woman hummed to herself.’’’ Choice 1: She was nervous. Choice 2: She was in a good mood. Q: Which one is more likely to be the cause, choice 1 or choice 2?",choice 1,"Consider the following example: ‘‘‘The woman hummed to herself.’’’ Choice 1: She was nervous. Choice 2: She was in a good mood. Q: Which one is more likely to be the cause, choice 1 or choice 2? choice 1.",0.1462925851703407
-0.3508150279521942,0,base,1,1,"Consider the following example: ‘‘‘The man won the lottery.’’’ Choice 1: He became rich. Choice 2: He owed money. Q: Which one is more likely to be the effect, choice 1 or choice 2?",choice 1,"Consider the following example: ‘‘‘The man won the lottery.’’’ Choice 1: He became rich. Choice 2: He owed money. Q: Which one is more likely to be the effect, choice 1 or choice 2? choice 1.",0.14829659318637275
-0.35058724880218506,0,base,1,1,"Consider the following example: ‘‘‘The man urgently leaped out of bed.’’’ Choice 1: He wanted to shut off the alarm clock. Choice 2: He wanted to iron his pants before work. Q: Which one is more likely to be the cause, choice 1 or choice 2?",choice 1,"Consider the following example: ‘‘‘The man urgently leaped out of bed.’’’ Choice 1: He wanted to shut off the alarm clock. Choice 2: He wanted to iron his pants before work. Q: Which one is more likely to be the cause, choice 1 or choice 2? choice 1.",0.15030060120240482
-0.34742027521133423,1,cf,1,0,"Consider the following example: ‘‘‘The man threw his empty can onto the street.’’’ Choice 1: He was jumped from behind. Choice 2: He was fined for littering. Q: Which one is more likely to be the effect, choice 1 or choice 2?",choice 2,"Consider the following example: ‘‘‘The man threw his empty can onto the street.’’’ Choice 1: He was jumped from behind. Choice 2: He was fined for littering. Q: Which one is more likely to be the effect, choice 1 or choice 2? choice 2.",0.1523046092184369
-0.3468376696109772,0,base,1,1,"Consider the following example: ‘‘‘The tenant misplaced his keys to his apartment.’’’ Choice 1: His landlord unlocked the door. Choice 2: His landlord repaired the door. Q: Which one is more likely to be the effect, choice 1 or choice 2?",choice 1,"Consider the following example: ‘‘‘The tenant misplaced his keys to his apartment.’’’ Choice 1: His landlord unlocked the door. Choice 2: His landlord repaired the door. Q: Which one is more likely to be the effect, choice 1 or choice 2? choice 1.",0.15430861723446893
-0.34641164541244507,1,cf,0,1,"Consider the following example: ‘‘‘I moved to a new city.’’’ Choice 1: I found a better-paying job. Choice 2: My son was born. Q: Which one is more likely to be the cause, choice 1 or choice 2?",choice 2,"Consider the following example: ‘‘‘I moved to a new city.’’’ Choice 1: I found a better-paying job. Choice 2: My son was born. Q: Which one is more likely to be the cause, choice 1 or choice 2? choice 2.",0.156312625250501
-0.34471267461776733,1,cf,0,1,"Consider the following example: ‘‘‘The scientist gained recognition.’’’ Choice 1: She discovered a new species. Choice 2: She received tenure at the university. Q: Which one is more likely to be the cause, choice 1 or choice 2?",choice 2,"Consider the following example: ‘‘‘The scientist gained recognition.’’’ Choice 1: She discovered a new species. Choice 2: She received tenure at the university. Q: Which one is more likely to be the cause, choice 1 or choice 2? choice 2.",0.15831663326653306
-0.34021511673927307,0,base,1,1,"Consider the following example: ‘‘‘The egg splattered.’’’ Choice 1: I dropped it. Choice 2: I boiled it. Q: Which one is more likely to be the cause, choice 1 or choice 2?",choice 1,"Consider the following example: ‘‘‘The egg splattered.’’’ Choice 1: I dropped it. Choice 2: I boiled it. Q: Which one is more likely to be the cause, choice 1 or choice 2? choice 1.",0.16032064128256512
-0.33021867275238037,0,base,1,1,"Consider the following example: ‘‘‘The girl shared her lunch with her friend.’’’ Choice 1: Her friend forgot to bring his lunch. Choice 2: Her friend sat next to her at lunch. Q: Which one is more likely to be the cause, choice 1 or choice 2?",choice 1,"Consider the following example: ‘‘‘The girl shared her lunch with her friend.’’’ Choice 1: Her friend forgot to bring his lunch. Choice 2: Her friend sat next to her at lunch. Q: Which one is more likely to be the cause, choice 1 or choice 2? choice 1.",0.1623246492985972
-0.3285036087036133,1,cf,1,0,"Consider the following example: ‘‘‘The flashlight was dead.’’’ Choice 1: I took it apart. Choice 2: I replaced the batteries. Q: Which one is more likely to be the effect, choice 1 or choice 2?",choice 2,"Consider the following example: ‘‘‘The flashlight was dead.’’’ Choice 1: I took it apart. Choice 2: I replaced the batteries. Q: Which one is more likely to be the effect, choice 1 or choice 2? choice 2.",0.16432865731462926
-0.3278001546859741,0,base,1,1,"Consider the following example: ‘‘‘I stood on one foot.’’’ Choice 1: My balance wavered. Choice 2: I kneeled down. Q: Which one is more likely to be the effect, choice 1 or choice 2?",choice 1,"Consider the following example: ‘‘‘I stood on one foot.’’’ Choice 1: My balance wavered. Choice 2: I kneeled down. Q: Which one is more likely to be the effect, choice 1 or choice 2? choice 1.",0.16633266533066132
-0.3269403278827667,0,base,0,0,"Consider the following example: ‘‘‘I wrote a thank-you note to my grandmother.’’’ Choice 1: She became forgetful. Choice 2: She sent me a gift. Q: Which one is more likely to be the cause, choice 1 or choice 2?",choice 1,"Consider the following example: ‘‘‘I wrote a thank-you note to my grandmother.’’’ Choice 1: She became forgetful. Choice 2: She sent me a gift. Q: Which one is more likely to be the cause, choice 1 or choice 2? choice 1.",0.1683366733466934
-0.3266734778881073,0,base,1,1,"Consider the following example: ‘‘‘Everyone in the class turned to stare at the student.’’’ Choice 1: The student's phone rang. Choice 2: The student took notes. Q: Which one is more likely to be the cause, choice 1 or choice 2?",choice 1,"Consider the following example: ‘‘‘Everyone in the class turned to stare at the student.’’’ Choice 1: The student's phone rang. Choice 2: The student took notes. Q: Which one is more likely to be the cause, choice 1 or choice 2? choice 1.",0.17034068136272545
-0.3260982036590576,1,cf,0,1,"Consider the following example: ‘‘‘The cup of tea was scalding hot.’’’ Choice 1: I blew on it. Choice 2: I poured it out. Q: Which one is more likely to be the effect, choice 1 or choice 2?",choice 2,"Consider the following example: ‘‘‘The cup of tea was scalding hot.’’’ Choice 1: I blew on it. Choice 2: I poured it out. Q: Which one is more likely to be the effect, choice 1 or choice 2? choice 2.",0.17234468937875752
-0.32366666197776794,1,cf,1,0,"Consider the following example: ‘‘‘The chef pressed down on the dough.’’’ Choice 1: The dough crumbled. Choice 2: The dough flattened. Q: Which one is more likely to be the effect, choice 1 or choice 2?",choice 2,"Consider the following example: ‘‘‘The chef pressed down on the dough.’’’ Choice 1: The dough crumbled. Choice 2: The dough flattened. Q: Which one is more likely to be the effect, choice 1 or choice 2? choice 2.",0.1743486973947896
-0.3214777708053589,1,cf,1,0,"Consider the following example: ‘‘‘The milk stayed cold.’’’ Choice 1: It was pasteurized. Choice 2: I stored it in the refrigerator. Q: Which one is more likely to be the cause, choice 1 or choice 2?",choice 2,"Consider the following example: ‘‘‘The milk stayed cold.’’’ Choice 1: It was pasteurized. Choice 2: I stored it in the refrigerator. Q: Which one is more likely to be the cause, choice 1 or choice 2? choice 2.",0.17635270541082165
-0.3127342760562897,1,cf,1,0,"Consider the following example: ‘‘‘I ironed my shirt.’’’ Choice 1: It was clean. Choice 2: It was wrinkled. Q: Which one is more likely to be the cause, choice 1 or choice 2?",choice 2,"Consider the following example: ‘‘‘I ironed my shirt.’’’ Choice 1: It was clean. Choice 2: It was wrinkled. Q: Which one is more likely to be the cause, choice 1 or choice 2? choice 2.",0.17835671342685372
-0.3050859570503235,0,base,1,1,"Consider the following example: ‘‘‘I poured water on my sleeping friend.’’’ Choice 1: My friend awoke. Choice 2: My friend snored. Q: Which one is more likely to be the effect, choice 1 or choice 2?",choice 1,"Consider the following example: ‘‘‘I poured water on my sleeping friend.’’’ Choice 1: My friend awoke. Choice 2: My friend snored. Q: Which one is more likely to be the effect, choice 1 or choice 2? choice 1.",0.18036072144288579
-0.30127984285354614,0,base,1,1,"Consider the following example: ‘‘‘The woman had a religious awakening.’’’ Choice 1: She began going to church. Choice 2: She began travelling abroad. Q: Which one is more likely to be the effect, choice 1 or choice 2?",choice 1,"Consider the following example: ‘‘‘The woman had a religious awakening.’’’ Choice 1: She began going to church. Choice 2: She began travelling abroad. Q: Which one is more likely to be the effect, choice 1 or choice 2? choice 1.",0.18236472945891782
-0.2987557351589203,0,base,1,1,"Consider the following example: ‘‘‘The girl wanted to wear earrings.’’’ Choice 1: She got her ears pierced. Choice 2: She got a tattoo. Q: Which one is more likely to be the effect, choice 1 or choice 2?",choice 1,"Consider the following example: ‘‘‘The girl wanted to wear earrings.’’’ Choice 1: She got her ears pierced. Choice 2: She got a tattoo. Q: Which one is more likely to be the effect, choice 1 or choice 2? choice 1.",0.1843687374749499
-0.2986554801464081,1,cf,1,0,"Consider the following example: ‘‘‘I clumsily bumped into the stranger.’’’ Choice 1: I ran away. Choice 2: I apologized to him. Q: Which one is more likely to be the effect, choice 1 or choice 2?",choice 2,"Consider the following example: ‘‘‘I clumsily bumped into the stranger.’’’ Choice 1: I ran away. Choice 2: I apologized to him. Q: Which one is more likely to be the effect, choice 1 or choice 2? choice 2.",0.18637274549098196
-0.2929864227771759,0,base,1,1,"Consider the following example: ‘‘‘I put coins in the washing machine at the laundromat.’’’ Choice 1: The machine powered on. Choice 2: I ran out of laundry detergent. Q: Which one is more likely to be the effect, choice 1 or choice 2?",choice 1,"Consider the following example: ‘‘‘I put coins in the washing machine at the laundromat.’’’ Choice 1: The machine powered on. Choice 2: I ran out of laundry detergent. Q: Which one is more likely to be the effect, choice 1 or choice 2? choice 1.",0.18837675350701402
-0.292423278093338,1,cf,1,0,"Consider the following example: ‘‘‘My subscription to the magazine expired.’’’ Choice 1: I discarded the new issue. Choice 2: I stopped receiving new issues. Q: Which one is more likely to be the effect, choice 1 or choice 2?",choice 2,"Consider the following example: ‘‘‘My subscription to the magazine expired.’’’ Choice 1: I discarded the new issue. Choice 2: I stopped receiving new issues. Q: Which one is more likely to be the effect, choice 1 or choice 2? choice 2.",0.1903807615230461
-0.2915405035018921,0,base,1,1,"Consider the following example: ‘‘‘The girl received a trophy.’’’ Choice 1: She won a spelling bee. Choice 2: She made a new friend. Q: Which one is more likely to be the cause, choice 1 or choice 2?",choice 1,"Consider the following example: ‘‘‘The girl received a trophy.’’’ Choice 1: She won a spelling bee. Choice 2: She made a new friend. Q: Which one is more likely to be the cause, choice 1 or choice 2? choice 1.",0.19238476953907815
-0.2789366841316223,0,base,1,1,"Consider the following example: ‘‘‘The homeowners disliked their nosy neighbors.’’’ Choice 1: They built a fence around their property. Choice 2: They hosted a barbeque in their backyard. Q: Which one is more likely to be the effect, choice 1 or choice 2?",choice 1,"Consider the following example: ‘‘‘The homeowners disliked their nosy neighbors.’’’ Choice 1: They built a fence around their property. Choice 2: They hosted a barbeque in their backyard. Q: Which one is more likely to be the effect, choice 1 or choice 2? choice 1.",0.19438877755511022
-0.27799326181411743,0,base,1,1,"Consider the following example: ‘‘‘The teacher took roll.’’’ Choice 1: She identified the students that were absent. Choice 2: She gave her students a pop quiz. Q: Which one is more likely to be the effect, choice 1 or choice 2?",choice 1,"Consider the following example: ‘‘‘The teacher took roll.’’’ Choice 1: She identified the students that were absent. Choice 2: She gave her students a pop quiz. Q: Which one is more likely to be the effect, choice 1 or choice 2? choice 1.",0.1963927855711423
-0.2747802138328552,0,base,1,1,"Consider the following example: ‘‘‘The shopper wondered about the cost of the item.’’’ Choice 1: He checked its price tag. Choice 2: He decided to buy it. Q: Which one is more likely to be the effect, choice 1 or choice 2?",choice 1,"Consider the following example: ‘‘‘The shopper wondered about the cost of the item.’’’ Choice 1: He checked its price tag. Choice 2: He decided to buy it. Q: Which one is more likely to be the effect, choice 1 or choice 2? choice 1.",0.19839679358717435
-0.2735254466533661,0,base,1,1,"Consider the following example: ‘‘‘The boy felt homesick.’’’ Choice 1: He went away to camp. Choice 2: He bickered with his sister. Q: Which one is more likely to be the cause, choice 1 or choice 2?",choice 1,"Consider the following example: ‘‘‘The boy felt homesick.’’’ Choice 1: He went away to camp. Choice 2: He bickered with his sister. Q: Which one is more likely to be the cause, choice 1 or choice 2? choice 1.",0.20040080160320642
-0.27022555470466614,0,base,1,1,"Consider the following example: ‘‘‘I rubbed sandpaper on the wood.’’’ Choice 1: The wood became smooth. Choice 2: The wood became sticky. Q: Which one is more likely to be the effect, choice 1 or choice 2?",choice 1,"Consider the following example: ‘‘‘I rubbed sandpaper on the wood.’’’ Choice 1: The wood became smooth. Choice 2: The wood became sticky. Q: Which one is more likely to be the effect, choice 1 or choice 2? choice 1.",0.20240480961923848
-0.26618051528930664,1,cf,1,0,"Consider the following example: ‘‘‘The boy tuned the radio.’’’ Choice 1: The station was playing rock music. Choice 2: The station was coming in with static. Q: Which one is more likely to be the cause, choice 1 or choice 2?",choice 2,"Consider the following example: ‘‘‘The boy tuned the radio.’’’ Choice 1: The station was playing rock music. Choice 2: The station was coming in with static. Q: Which one is more likely to be the cause, choice 1 or choice 2? choice 2.",0.20440881763527055
-0.2631291449069977,0,base,1,1,"Consider the following example: ‘‘‘I came upon a puddle on the sidewalk.’’’ Choice 1: I leapt over the puddle. Choice 2: I played in the puddle. Q: Which one is more likely to be the effect, choice 1 or choice 2?",choice 1,"Consider the following example: ‘‘‘I came upon a puddle on the sidewalk.’’’ Choice 1: I leapt over the puddle. Choice 2: I played in the puddle. Q: Which one is more likely to be the effect, choice 1 or choice 2? choice 1.",0.20641282565130262
-0.2625610828399658,1,cf,1,0,"Consider the following example: ‘‘‘The woman's makeup smeared.’’’ Choice 1: She brushed her hair. Choice 2: She wiped her eyes. Q: Which one is more likely to be the cause, choice 1 or choice 2?",choice 2,"Consider the following example: ‘‘‘The woman's makeup smeared.’’’ Choice 1: She brushed her hair. Choice 2: She wiped her eyes. Q: Which one is more likely to be the cause, choice 1 or choice 2? choice 2.",0.20841683366733466
-0.2501984238624573,0,base,1,1,"Consider the following example: ‘‘‘A fistfight broke out in the hall of the school.’’’ Choice 1: The principal suspended the students involved. Choice 2: The principal called off classes for the day. Q: Which one is more likely to be the effect, choice 1 or choice 2?",choice 1,"Consider the following example: ‘‘‘A fistfight broke out in the hall of the school.’’’ Choice 1: The principal suspended the students involved. Choice 2: The principal called off classes for the day. Q: Which one is more likely to be the effect, choice 1 or choice 2? choice 1.",0.21042084168336672
-0.2499828338623047,1,cf,0,1,"Consider the following example: ‘‘‘I learned how to play the board game.’’’ Choice 1: My friend explained the rules to me. Choice 2: My friend got the rules wrong. Q: Which one is more likely to be the cause, choice 1 or choice 2?",choice 2,"Consider the following example: ‘‘‘I learned how to play the board game.’’’ Choice 1: My friend explained the rules to me. Choice 2: My friend got the rules wrong. Q: Which one is more likely to be the cause, choice 1 or choice 2? choice 2.",0.2124248496993988
-0.24847060441970825,0,base,1,1,"Consider the following example: ‘‘‘The man went away for the weekend.’’’ Choice 1: He wanted to relax. Choice 2: He felt content. Q: Which one is more likely to be the cause, choice 1 or choice 2?",choice 1,"Consider the following example: ‘‘‘The man went away for the weekend.’’’ Choice 1: He wanted to relax. Choice 2: He felt content. Q: Which one is more likely to be the cause, choice 1 or choice 2? choice 1.",0.21442885771543085
-0.2480984479188919,1,cf,0,1,"Consider the following example: ‘‘‘The librarian located the book in the stacks.’’’ Choice 1: I requested the librarian's help. Choice 2: The book was checked out. Q: Which one is more likely to be the cause, choice 1 or choice 2?",choice 2,"Consider the following example: ‘‘‘The librarian located the book in the stacks.’’’ Choice 1: I requested the librarian's help. Choice 2: The book was checked out. Q: Which one is more likely to be the cause, choice 1 or choice 2? choice 2.",0.21643286573146292
-0.24652299284934998,0,base,1,1,"Consider the following example: ‘‘‘The animal species became endangered.’’’ Choice 1: Their habitat was destroyed. Choice 2: Their predators went extinct. Q: Which one is more likely to be the cause, choice 1 or choice 2?",choice 1,"Consider the following example: ‘‘‘The animal species became endangered.’’’ Choice 1: Their habitat was destroyed. Choice 2: Their predators went extinct. Q: Which one is more likely to be the cause, choice 1 or choice 2? choice 1.",0.218436873747495
-0.24104724824428558,0,base,0,0,"Consider the following example: ‘‘‘The secretary put the caller on hold.’’’ Choice 1: The caller's phone lost reception. Choice 2: The caller waited on the line. Q: Which one is more likely to be the effect, choice 1 or choice 2?",choice 1,"Consider the following example: ‘‘‘The secretary put the caller on hold.’’’ Choice 1: The caller's phone lost reception. Choice 2: The caller waited on the line. Q: Which one is more likely to be the effect, choice 1 or choice 2? choice 1.",0.22044088176352705
-0.23740065097808838,0,base,0,0,"Consider the following example: ‘‘‘The girl pushed her friend.’’’ Choice 1: Her friend choked. Choice 2: Her friend fell over. Q: Which one is more likely to be the effect, choice 1 or choice 2?",choice 1,"Consider the following example: ‘‘‘The girl pushed her friend.’’’ Choice 1: Her friend choked. Choice 2: Her friend fell over. Q: Which one is more likely to be the effect, choice 1 or choice 2? choice 1.",0.22244488977955912
-0.2359394133090973,0,base,1,1,"Consider the following example: ‘‘‘The photo albums collected dust in the attic.’’’ Choice 1: They remained untouched for years. Choice 2: The family reminisced over the photos. Q: Which one is more likely to be the cause, choice 1 or choice 2?",choice 1,"Consider the following example: ‘‘‘The photo albums collected dust in the attic.’’’ Choice 1: They remained untouched for years. Choice 2: The family reminisced over the photos. Q: Which one is more likely to be the cause, choice 1 or choice 2? choice 1.",0.22444889779559118
-0.2338913232088089,1,cf,1,0,"Consider the following example: ‘‘‘The ocean tide was dangerous.’’’ Choice 1: The swimmers put on more sunscreen. Choice 2: The swimmers returned towards the shore. Q: Which one is more likely to be the effect, choice 1 or choice 2?",choice 2,"Consider the following example: ‘‘‘The ocean tide was dangerous.’’’ Choice 1: The swimmers put on more sunscreen. Choice 2: The swimmers returned towards the shore. Q: Which one is more likely to be the effect, choice 1 or choice 2? choice 2.",0.22645290581162325
-0.23249442875385284,0,base,1,1,"Consider the following example: ‘‘‘The man was lost.’’’ Choice 1: He asked for directions. Choice 2: He drew a map. Q: Which one is more likely to be the effect, choice 1 or choice 2?",choice 1,"Consider the following example: ‘‘‘The man was lost.’’’ Choice 1: He asked for directions. Choice 2: He drew a map. Q: Which one is more likely to be the effect, choice 1 or choice 2? choice 1.",0.22845691382765532
-0.2320842146873474,0,base,1,1,"Consider the following example: ‘‘‘The boy climbed the tree.’’’ Choice 1: A cat got stuck in the tree. Choice 2: A bird built a nest in the tree. Q: Which one is more likely to be the cause, choice 1 or choice 2?",choice 1,"Consider the following example: ‘‘‘The boy climbed the tree.’’’ Choice 1: A cat got stuck in the tree. Choice 2: A bird built a nest in the tree. Q: Which one is more likely to be the cause, choice 1 or choice 2? choice 1.",0.23046092184368738
-0.22870871424674988,0,base,1,1,"Consider the following example: ‘‘‘The ring on my finger got stuck.’’’ Choice 1: My finger swelled. Choice 2: I chipped my fingernail. Q: Which one is more likely to be the cause, choice 1 or choice 2?",choice 1,"Consider the following example: ‘‘‘The ring on my finger got stuck.’’’ Choice 1: My finger swelled. Choice 2: I chipped my fingernail. Q: Which one is more likely to be the cause, choice 1 or choice 2? choice 1.",0.23246492985971945
-0.2258097529411316,0,base,1,1,"Consider the following example: ‘‘‘The man dressed in his best suit.’’’ Choice 1: He scheduled a meeting with an important client. Choice 2: His wife bought him a new tie. Q: Which one is more likely to be the cause, choice 1 or choice 2?",choice 1,"Consider the following example: ‘‘‘The man dressed in his best suit.’’’ Choice 1: He scheduled a meeting with an important client. Choice 2: His wife bought him a new tie. Q: Which one is more likely to be the cause, choice 1 or choice 2? choice 1.",0.23446893787575152
-0.22520329058170319,0,base,1,1,"Consider the following example: ‘‘‘The police officer pulled over the celebrity.’’’ Choice 1: The celebrity offered the officer a bribe. Choice 2: The celebrity sued the police officer. Q: Which one is more likely to be the effect, choice 1 or choice 2?",choice 1,"Consider the following example: ‘‘‘The police officer pulled over the celebrity.’’’ Choice 1: The celebrity offered the officer a bribe. Choice 2: The celebrity sued the police officer. Q: Which one is more likely to be the effect, choice 1 or choice 2? choice 1.",0.23647294589178355
-0.22339747846126556,1,cf,1,0,"Consider the following example: ‘‘‘The woman upgraded her computer hardware.’’’ Choice 1: She deleted old files on the computer. Choice 2: She installed new software on the computer. Q: Which one is more likely to be the effect, choice 1 or choice 2?",choice 2,"Consider the following example: ‘‘‘The woman upgraded her computer hardware.’’’ Choice 1: She deleted old files on the computer. Choice 2: She installed new software on the computer. Q: Which one is more likely to be the effect, choice 1 or choice 2? choice 2.",0.23847695390781562
-0.22172456979751587,0,base,0,0,"Consider the following example: ‘‘‘The customer came into the boutique.’’’ Choice 1: She left her wallet at home. Choice 2: The window display caught her eye. Q: Which one is more likely to be the cause, choice 1 or choice 2?",choice 1,"Consider the following example: ‘‘‘The customer came into the boutique.’’’ Choice 1: She left her wallet at home. Choice 2: The window display caught her eye. Q: Which one is more likely to be the cause, choice 1 or choice 2? choice 1.",0.24048096192384769
-0.22114400565624237,1,cf,1,0,"Consider the following example: ‘‘‘The seasons changed from summer to autumn.’’’ Choice 1: People evacuated their homes. Choice 2: Leaves fell from the trees. Q: Which one is more likely to be the effect, choice 1 or choice 2?",choice 2,"Consider the following example: ‘‘‘The seasons changed from summer to autumn.’’’ Choice 1: People evacuated their homes. Choice 2: Leaves fell from the trees. Q: Which one is more likely to be the effect, choice 1 or choice 2? choice 2.",0.24248496993987975
-0.2187386006116867,0,base,0,0,"Consider the following example: ‘‘‘The woman presented her brother with a gift.’’’ Choice 1: Her brother refused to accept the gift. Choice 2: Her brother unwrapped the gift. Q: Which one is more likely to be the effect, choice 1 or choice 2?",choice 1,"Consider the following example: ‘‘‘The woman presented her brother with a gift.’’’ Choice 1: Her brother refused to accept the gift. Choice 2: Her brother unwrapped the gift. Q: Which one is more likely to be the effect, choice 1 or choice 2? choice 1.",0.24448897795591182
-0.2177615761756897,0,base,1,1,"Consider the following example: ‘‘‘My stomach growled.’’’ Choice 1: I forgot to eat breakfast. Choice 2: I was full from breakfast. Q: Which one is more likely to be the cause, choice 1 or choice 2?",choice 1,"Consider the following example: ‘‘‘My stomach growled.’’’ Choice 1: I forgot to eat breakfast. Choice 2: I was full from breakfast. Q: Which one is more likely to be the cause, choice 1 or choice 2? choice 1.",0.24649298597194388
-0.21576285362243652,0,base,1,1,"Consider the following example: ‘‘‘The student forgot to do her assignment.’’’ Choice 1: She made up an excuse to tell the teacher. Choice 2: The teacher promoted her to the next grade. Q: Which one is more likely to be the effect, choice 1 or choice 2?",choice 1,"Consider the following example: ‘‘‘The student forgot to do her assignment.’’’ Choice 1: She made up an excuse to tell the teacher. Choice 2: The teacher promoted her to the next grade. Q: Which one is more likely to be the effect, choice 1 or choice 2? choice 1.",0.24849699398797595
-0.21385271847248077,0,base,0,0,"Consider the following example: ‘‘‘The boy had trouble buttoning his shirt.’’’ Choice 1: He refused to wear the shirt. Choice 2: He asked his mother for help. Q: Which one is more likely to be the effect, choice 1 or choice 2?",choice 1,"Consider the following example: ‘‘‘The boy had trouble buttoning his shirt.’’’ Choice 1: He refused to wear the shirt. Choice 2: He asked his mother for help. Q: Which one is more likely to be the effect, choice 1 or choice 2? choice 1.",0.250501002004008
-0.212803915143013,1,cf,1,0,"Consider the following example: ‘‘‘The pair of students came under scrutiny by the teacher.’’’ Choice 1: The students both received excellent grades. Choice 2: Their responses on the assignment were identical. Q: Which one is more likely to be the cause, choice 1 or choice 2?",choice 2,"Consider the following example: ‘‘‘The pair of students came under scrutiny by the teacher.’’’ Choice 1: The students both received excellent grades. Choice 2: Their responses on the assignment were identical. Q: Which one is more likely to be the cause, choice 1 or choice 2? choice 2.",0.25250501002004005
-0.21271955966949463,1,cf,0,1,"Consider the following example: ‘‘‘The woman tolerated her friend's difficult behavior.’’’ Choice 1: The woman knew her friend was going through a hard time. Choice 2: The woman felt that her friend took advantage of her kindness. Q: Which one is more likely to be the cause, choice 1 or choice 2?",choice 2,"Consider the following example: ‘‘‘The woman tolerated her friend's difficult behavior.’’’ Choice 1: The woman knew her friend was going through a hard time. Choice 2: The woman felt that her friend took advantage of her kindness. Q: Which one is more likely to be the cause, choice 1 or choice 2? choice 2.",0.2545090180360721
-0.21269437670707703,0,base,0,0,"Consider the following example: ‘‘‘The man woke up with a toothache.’’’ Choice 1: He missed an appointment with the dentist. Choice 2: He made an appointment with the dentist. Q: Which one is more likely to be the effect, choice 1 or choice 2?",choice 1,"Consider the following example: ‘‘‘The man woke up with a toothache.’’’ Choice 1: He missed an appointment with the dentist. Choice 2: He made an appointment with the dentist. Q: Which one is more likely to be the effect, choice 1 or choice 2? choice 1.",0.2565130260521042
-0.2039974480867386,0,base,1,1,"Consider the following example: ‘‘‘The retail shop shut down.’’’ Choice 1: Its sales were lagging. Choice 2: It renewed its lease. Q: Which one is more likely to be the cause, choice 1 or choice 2?",choice 1,"Consider the following example: ‘‘‘The retail shop shut down.’’’ Choice 1: Its sales were lagging. Choice 2: It renewed its lease. Q: Which one is more likely to be the cause, choice 1 or choice 2? choice 1.",0.25851703406813625
-0.2017708718776703,1,cf,1,0,"Consider the following example: ‘‘‘The man turned on the faucet.’’’ Choice 1: The toilet filled with water. Choice 2: Water flowed from the spout. Q: Which one is more likely to be the effect, choice 1 or choice 2?",choice 2,"Consider the following example: ‘‘‘The man turned on the faucet.’’’ Choice 1: The toilet filled with water. Choice 2: Water flowed from the spout. Q: Which one is more likely to be the effect, choice 1 or choice 2? choice 2.",0.2605210420841683
-0.1977185755968094,1,cf,1,0,"Consider the following example: ‘‘‘The woman's purse was missing.’’’ Choice 1: It contained a lot of junk. Choice 2: She left it unsupervised. Q: Which one is more likely to be the cause, choice 1 or choice 2?",choice 2,"Consider the following example: ‘‘‘The woman's purse was missing.’’’ Choice 1: It contained a lot of junk. Choice 2: She left it unsupervised. Q: Which one is more likely to be the cause, choice 1 or choice 2? choice 2.",0.2625250501002004
-0.19473415613174438,0,base,1,1,"Consider the following example: ‘‘‘The pharmaceutical company recalled the drug.’’’ Choice 1: Users reported dangerous side effects. Choice 2: Users got refills on their prescriptions. Q: Which one is more likely to be the cause, choice 1 or choice 2?",choice 1,"Consider the following example: ‘‘‘The pharmaceutical company recalled the drug.’’’ Choice 1: Users reported dangerous side effects. Choice 2: Users got refills on their prescriptions. Q: Which one is more likely to be the cause, choice 1 or choice 2? choice 1.",0.26452905811623245
-0.19348618388175964,0,base,1,1,"Consider the following example: ‘‘‘The grape juice fermented.’’’ Choice 1: The juice turned to wine. Choice 2: The juice evaporated. Q: Which one is more likely to be the effect, choice 1 or choice 2?",choice 1,"Consider the following example: ‘‘‘The grape juice fermented.’’’ Choice 1: The juice turned to wine. Choice 2: The juice evaporated. Q: Which one is more likely to be the effect, choice 1 or choice 2? choice 1.",0.2665330661322645
-0.18706393241882324,1,cf,0,1,"Consider the following example: ‘‘‘The bureau drawers were cluttered.’’’ Choice 1: I threw away unnecessary contents. Choice 2: I locked the drawers shut. Q: Which one is more likely to be the effect, choice 1 or choice 2?",choice 2,"Consider the following example: ‘‘‘The bureau drawers were cluttered.’’’ Choice 1: I threw away unnecessary contents. Choice 2: I locked the drawers shut. Q: Which one is more likely to be the effect, choice 1 or choice 2? choice 2.",0.2685370741482966
-0.18700231611728668,0,base,1,1,"Consider the following example: ‘‘‘The car stopped at the crosswalk.’’’ Choice 1: The pedestrian crossed the road. Choice 2: The pedestrian waited on the sidewalk. Q: Which one is more likely to be the effect, choice 1 or choice 2?",choice 1,"Consider the following example: ‘‘‘The car stopped at the crosswalk.’’’ Choice 1: The pedestrian crossed the road. Choice 2: The pedestrian waited on the sidewalk. Q: Which one is more likely to be the effect, choice 1 or choice 2? choice 1.",0.27054108216432865
-0.18692941963672638,1,cf,0,1,"Consider the following example: ‘‘‘The player caught the ball.’’’ Choice 1: Her teammate threw it to her. Choice 2: Her opponent tried to intercept it. Q: Which one is more likely to be the cause, choice 1 or choice 2?",choice 2,"Consider the following example: ‘‘‘The player caught the ball.’’’ Choice 1: Her teammate threw it to her. Choice 2: Her opponent tried to intercept it. Q: Which one is more likely to be the cause, choice 1 or choice 2? choice 2.",0.2725450901803607
-0.18633051216602325,1,cf,0,1,"Consider the following example: ‘‘‘The balloon expanded.’’’ Choice 1: I blew into it. Choice 2: I pricked it. Q: Which one is more likely to be the cause, choice 1 or choice 2?",choice 2,"Consider the following example: ‘‘‘The balloon expanded.’’’ Choice 1: I blew into it. Choice 2: I pricked it. Q: Which one is more likely to be the cause, choice 1 or choice 2? choice 2.",0.2745490981963928
-0.1807819902896881,1,cf,0,1,"Consider the following example: ‘‘‘I drank from the water fountain.’’’ Choice 1: I was thirsty. Choice 2: I felt nauseous. Q: Which one is more likely to be the cause, choice 1 or choice 2?",choice 2,"Consider the following example: ‘‘‘I drank from the water fountain.’’’ Choice 1: I was thirsty. Choice 2: I felt nauseous. Q: Which one is more likely to be the cause, choice 1 or choice 2? choice 2.",0.27655310621242485
-0.1807151734828949,0,base,1,1,"Consider the following example: ‘‘‘The girl was angry with her friend.’’’ Choice 1: The girl spread a rumor about her friend. Choice 2: The girl told a secret to her friend. Q: Which one is more likely to be the effect, choice 1 or choice 2?",choice 1,"Consider the following example: ‘‘‘The girl was angry with her friend.’’’ Choice 1: The girl spread a rumor about her friend. Choice 2: The girl told a secret to her friend. Q: Which one is more likely to be the effect, choice 1 or choice 2? choice 1.",0.2785571142284569
-0.18071462213993073,0,base,1,1,"Consider the following example: ‘‘‘The archeologist dug up the site.’’’ Choice 1: She excavated ancient artifacts. Choice 2: She read about the site's history. Q: Which one is more likely to be the effect, choice 1 or choice 2?",choice 1,"Consider the following example: ‘‘‘The archeologist dug up the site.’’’ Choice 1: She excavated ancient artifacts. Choice 2: She read about the site's history. Q: Which one is more likely to be the effect, choice 1 or choice 2? choice 1.",0.280561122244489
-0.17890812456607819,0,base,0,0,"Consider the following example: ‘‘‘The man threw his empty can onto the street.’’’ Choice 1: He was jumped from behind. Choice 2: He was fined for littering. Q: Which one is more likely to be the effect, choice 1 or choice 2?",choice 1,"Consider the following example: ‘‘‘The man threw his empty can onto the street.’’’ Choice 1: He was jumped from behind. Choice 2: He was fined for littering. Q: Which one is more likely to be the effect, choice 1 or choice 2? choice 1.",0.28256513026052105
-0.17540451884269714,0,base,0,0,"Consider the following example: ‘‘‘I approached the man.’’’ Choice 1: He looked busy. Choice 2: He looked familiar. Q: Which one is more likely to be the cause, choice 1 or choice 2?",choice 1,"Consider the following example: ‘‘‘I approached the man.’’’ Choice 1: He looked busy. Choice 2: He looked familiar. Q: Which one is more likely to be the cause, choice 1 or choice 2? choice 1.",0.2845691382765531
-0.1745905578136444,1,cf,1,0,"Consider the following example: ‘‘‘The shirt shrunk.’’’ Choice 1: I poured bleach on it. Choice 2: I put it in the dryer. Q: Which one is more likely to be the cause, choice 1 or choice 2?",choice 2,"Consider the following example: ‘‘‘The shirt shrunk.’’’ Choice 1: I poured bleach on it. Choice 2: I put it in the dryer. Q: Which one is more likely to be the cause, choice 1 or choice 2? choice 2.",0.2865731462925852
-0.1739426553249359,0,base,0,0,"Consider the following example: ‘‘‘I tidied up my house.’’’ Choice 1: I was swamped with work. Choice 2: I was expecting company. Q: Which one is more likely to be the cause, choice 1 or choice 2?",choice 1,"Consider the following example: ‘‘‘I tidied up my house.’’’ Choice 1: I was swamped with work. Choice 2: I was expecting company. Q: Which one is more likely to be the cause, choice 1 or choice 2? choice 1.",0.28857715430861725
-0.17386068403720856,0,base,0,0,"Consider the following example: ‘‘‘The man had an attack of conscience.’’’ Choice 1: He manipulated his friend. Choice 2: He admitted his indiscretion. Q: Which one is more likely to be the effect, choice 1 or choice 2?",choice 1,"Consider the following example: ‘‘‘The man had an attack of conscience.’’’ Choice 1: He manipulated his friend. Choice 2: He admitted his indiscretion. Q: Which one is more likely to be the effect, choice 1 or choice 2? choice 1.",0.2905811623246493
-0.1717955768108368,1,cf,1,0,"Consider the following example: ‘‘‘A burglar broke into the house.’’’ Choice 1: The homeowners were asleep. Choice 2: The security alarm went off. Q: Which one is more likely to be the effect, choice 1 or choice 2?",choice 2,"Consider the following example: ‘‘‘A burglar broke into the house.’’’ Choice 1: The homeowners were asleep. Choice 2: The security alarm went off. Q: Which one is more likely to be the effect, choice 1 or choice 2? choice 2.",0.2925851703406814
-0.16979707777500153,0,base,1,1,"Consider the following example: ‘‘‘The woman gave the man her phone number.’’’ Choice 1: She was attracted to him. Choice 2: She was repulsed by him. Q: Which one is more likely to be the cause, choice 1 or choice 2?",choice 1,"Consider the following example: ‘‘‘The woman gave the man her phone number.’’’ Choice 1: She was attracted to him. Choice 2: She was repulsed by him. Q: Which one is more likely to be the cause, choice 1 or choice 2? choice 1.",0.29458917835671344
-0.1680922955274582,0,base,0,0,"Consider the following example: ‘‘‘I pushed the pendulum.’’’ Choice 1: It slowed to a stop. Choice 2: It swung back and forth. Q: Which one is more likely to be the effect, choice 1 or choice 2?",choice 1,"Consider the following example: ‘‘‘I pushed the pendulum.’’’ Choice 1: It slowed to a stop. Choice 2: It swung back and forth. Q: Which one is more likely to be the effect, choice 1 or choice 2? choice 1.",0.2965931863727455
-0.16460278630256653,1,cf,1,0,"Consider the following example: ‘‘‘The woman felt ashamed of scar on her face.’’’ Choice 1: She explained the scar to strangers. Choice 2: She hid the scar with makeup. Q: Which one is more likely to be the effect, choice 1 or choice 2?",choice 2,"Consider the following example: ‘‘‘The woman felt ashamed of scar on her face.’’’ Choice 1: She explained the scar to strangers. Choice 2: She hid the scar with makeup. Q: Which one is more likely to be the effect, choice 1 or choice 2? choice 2.",0.2985971943887776
-0.16193923354148865,0,base,1,1,"Consider the following example: ‘‘‘The offender violated parole.’’’ Choice 1: She was sent back to jail. Choice 2: She stole money from a church. Q: Which one is more likely to be the effect, choice 1 or choice 2?",choice 1,"Consider the following example: ‘‘‘The offender violated parole.’’’ Choice 1: She was sent back to jail. Choice 2: She stole money from a church. Q: Which one is more likely to be the effect, choice 1 or choice 2? choice 1.",0.30060120240480964
-0.15927481651306152,1,cf,1,0,"Consider the following example: ‘‘‘The girl refused to eat her vegetables.’’’ Choice 1: Her father told her to drink her milk. Choice 2: Her father took away her dessert. Q: Which one is more likely to be the effect, choice 1 or choice 2?",choice 2,"Consider the following example: ‘‘‘The girl refused to eat her vegetables.’’’ Choice 1: Her father told her to drink her milk. Choice 2: Her father took away her dessert. Q: Which one is more likely to be the effect, choice 1 or choice 2? choice 2.",0.3026052104208417
-0.15847405791282654,0,base,0,0,"Consider the following example: ‘‘‘The parents left their children with a babysitter.’’’ Choice 1: Their youngest child started attending preschool. Choice 2: They made plans to celebrate their anniversary. Q: Which one is more likely to be the cause, choice 1 or choice 2?",choice 1,"Consider the following example: ‘‘‘The parents left their children with a babysitter.’’’ Choice 1: Their youngest child started attending preschool. Choice 2: They made plans to celebrate their anniversary. Q: Which one is more likely to be the cause, choice 1 or choice 2? choice 1.",0.3046092184368738
-0.1571834832429886,0,base,1,1,"Consider the following example: ‘‘‘The woman had an infection.’’’ Choice 1: She took antibiotics. Choice 2: She washed her hands. Q: Which one is more likely to be the effect, choice 1 or choice 2?",choice 1,"Consider the following example: ‘‘‘The woman had an infection.’’’ Choice 1: She took antibiotics. Choice 2: She washed her hands. Q: Which one is more likely to be the effect, choice 1 or choice 2? choice 1.",0.3066132264529058
-0.15545910596847534,0,base,1,1,"Consider the following example: ‘‘‘The man fell unconscious.’’’ Choice 1: The assailant struck the man in the head. Choice 2: The assailant took the man's wallet. Q: Which one is more likely to be the cause, choice 1 or choice 2?",choice 1,"Consider the following example: ‘‘‘The man fell unconscious.’’’ Choice 1: The assailant struck the man in the head. Choice 2: The assailant took the man's wallet. Q: Which one is more likely to be the cause, choice 1 or choice 2? choice 1.",0.30861723446893785
-0.15536756813526154,0,base,0,0,"Consider the following example: ‘‘‘The boaters set off a flare.’’’ Choice 1: Their boat drifted to shore. Choice 2: Their boat was rescued. Q: Which one is more likely to be the effect, choice 1 or choice 2?",choice 1,"Consider the following example: ‘‘‘The boaters set off a flare.’’’ Choice 1: Their boat drifted to shore. Choice 2: Their boat was rescued. Q: Which one is more likely to be the effect, choice 1 or choice 2? choice 1.",0.3106212424849699
-0.15450868010520935,1,cf,1,0,"Consider the following example: ‘‘‘The man threw out the bread.’’’ Choice 1: It was fresh. Choice 2: It was stale. Q: Which one is more likely to be the cause, choice 1 or choice 2?",choice 2,"Consider the following example: ‘‘‘The man threw out the bread.’’’ Choice 1: It was fresh. Choice 2: It was stale. Q: Which one is more likely to be the cause, choice 1 or choice 2? choice 2.",0.312625250501002
-0.15192489326000214,1,cf,1,0,"Consider the following example: ‘‘‘I put rubber gloves on.’’’ Choice 1: I was preparing to wash my hands. Choice 2: I was preparing to clean the bathroom. Q: Which one is more likely to be the cause, choice 1 or choice 2?",choice 2,"Consider the following example: ‘‘‘I put rubber gloves on.’’’ Choice 1: I was preparing to wash my hands. Choice 2: I was preparing to clean the bathroom. Q: Which one is more likely to be the cause, choice 1 or choice 2? choice 2.",0.31462925851703405
-0.14989393949508667,1,cf,0,1,"Consider the following example: ‘‘‘My knees buckled on the stairs.’’’ Choice 1: I caught myself on the railing. Choice 2: The railing came loose from the wall. Q: Which one is more likely to be the effect, choice 1 or choice 2?",choice 2,"Consider the following example: ‘‘‘My knees buckled on the stairs.’’’ Choice 1: I caught myself on the railing. Choice 2: The railing came loose from the wall. Q: Which one is more likely to be the effect, choice 1 or choice 2? choice 2.",0.3166332665330661
-0.1497061848640442,1,cf,1,0,"Consider the following example: ‘‘‘The water in the teapot started to boil.’’’ Choice 1: The teapot cooled. Choice 2: The teapot whistled. Q: Which one is more likely to be the effect, choice 1 or choice 2?",choice 2,"Consider the following example: ‘‘‘The water in the teapot started to boil.’’’ Choice 1: The teapot cooled. Choice 2: The teapot whistled. Q: Which one is more likely to be the effect, choice 1 or choice 2? choice 2.",0.3186372745490982
-0.14662222564220428,1,cf,1,0,"Consider the following example: ‘‘‘My stomach hurt.’’’ Choice 1: I jogged on the treadmill. Choice 2: I ate birthday cake. Q: Which one is more likely to be the cause, choice 1 or choice 2?",choice 2,"Consider the following example: ‘‘‘My stomach hurt.’’’ Choice 1: I jogged on the treadmill. Choice 2: I ate birthday cake. Q: Which one is more likely to be the cause, choice 1 or choice 2? choice 2.",0.32064128256513025
-0.14094427227973938,1,cf,0,1,"Consider the following example: ‘‘‘I put my plate in the sink.’’’ Choice 1: I finished eating. Choice 2: I skipped dinner. Q: Which one is more likely to be the cause, choice 1 or choice 2?",choice 2,"Consider the following example: ‘‘‘I put my plate in the sink.’’’ Choice 1: I finished eating. Choice 2: I skipped dinner. Q: Which one is more likely to be the cause, choice 1 or choice 2? choice 2.",0.3226452905811623
-0.1398639678955078,0,base,1,1,"Consider the following example: ‘‘‘The girl stared at herself in the mirror.’’’ Choice 1: She felt self-conscious. Choice 2: The mirror was smudged. Q: Which one is more likely to be the cause, choice 1 or choice 2?",choice 1,"Consider the following example: ‘‘‘The girl stared at herself in the mirror.’’’ Choice 1: She felt self-conscious. Choice 2: The mirror was smudged. Q: Which one is more likely to be the cause, choice 1 or choice 2? choice 1.",0.3246492985971944
-0.1394541710615158,0,base,1,1,"Consider the following example: ‘‘‘The boy's mouth stung.’’’ Choice 1: He ate a pepper. Choice 2: He blew out the candle. Q: Which one is more likely to be the cause, choice 1 or choice 2?",choice 1,"Consider the following example: ‘‘‘The boy's mouth stung.’’’ Choice 1: He ate a pepper. Choice 2: He blew out the candle. Q: Which one is more likely to be the cause, choice 1 or choice 2? choice 1.",0.32665330661322645
-0.13856545090675354,1,cf,1,0,"Consider the following example: ‘‘‘I made a resolution to eat a healthy diet.’’’ Choice 1: I attended a yoga class. Choice 2: I bought fruits and vegetables. Q: Which one is more likely to be the effect, choice 1 or choice 2?",choice 2,"Consider the following example: ‘‘‘I made a resolution to eat a healthy diet.’’’ Choice 1: I attended a yoga class. Choice 2: I bought fruits and vegetables. Q: Which one is more likely to be the effect, choice 1 or choice 2? choice 2.",0.3286573146292585
-0.13850611448287964,1,cf,1,0,"Consider the following example: ‘‘‘The city re-elected the mayor.’’’ Choice 1: The city cut its budget. Choice 2: The mayor fulfilled his promises. Q: Which one is more likely to be the cause, choice 1 or choice 2?",choice 2,"Consider the following example: ‘‘‘The city re-elected the mayor.’’’ Choice 1: The city cut its budget. Choice 2: The mayor fulfilled his promises. Q: Which one is more likely to be the cause, choice 1 or choice 2? choice 2.",0.3306613226452906
-0.1359684318304062,1,cf,1,0,"Consider the following example: ‘‘‘The boaters set off a flare.’’’ Choice 1: Their boat drifted to shore. Choice 2: Their boat was rescued. Q: Which one is more likely to be the effect, choice 1 or choice 2?",choice 2,"Consider the following example: ‘‘‘The boaters set off a flare.’’’ Choice 1: Their boat drifted to shore. Choice 2: Their boat was rescued. Q: Which one is more likely to be the effect, choice 1 or choice 2? choice 2.",0.33266533066132264
-0.13451683521270752,1,cf,1,0,"Consider the following example: ‘‘‘The fugitive hid from the police.’’’ Choice 1: The police dropped the case. Choice 2: The fugitive remained at large. Q: Which one is more likely to be the effect, choice 1 or choice 2?",choice 2,"Consider the following example: ‘‘‘The fugitive hid from the police.’’’ Choice 1: The police dropped the case. Choice 2: The fugitive remained at large. Q: Which one is more likely to be the effect, choice 1 or choice 2? choice 2.",0.3346693386773547
-0.13340120017528534,1,cf,1,0,"Consider the following example: ‘‘‘The woman covered her mouth with her hand.’’’ Choice 1: She exhaled. Choice 2: She sneezed. Q: Which one is more likely to be the cause, choice 1 or choice 2?",choice 2,"Consider the following example: ‘‘‘The woman covered her mouth with her hand.’’’ Choice 1: She exhaled. Choice 2: She sneezed. Q: Which one is more likely to be the cause, choice 1 or choice 2? choice 2.",0.3366733466933868
-0.1329466700553894,0,base,1,1,"Consider the following example: ‘‘‘The horse bucked.’’’ Choice 1: A fly bit the horse. Choice 2: The rider stroked the horse. Q: Which one is more likely to be the cause, choice 1 or choice 2?",choice 1,"Consider the following example: ‘‘‘The horse bucked.’’’ Choice 1: A fly bit the horse. Choice 2: The rider stroked the horse. Q: Which one is more likely to be the cause, choice 1 or choice 2? choice 1.",0.33867735470941884
-0.13215284049510956,0,base,1,1,"Consider the following example: ‘‘‘The woman's hair fell in her face.’’’ Choice 1: She pulled her hair back with a clip. Choice 2: She lathered shampoo into her hair. Q: Which one is more likely to be the effect, choice 1 or choice 2?",choice 1,"Consider the following example: ‘‘‘The woman's hair fell in her face.’’’ Choice 1: She pulled her hair back with a clip. Choice 2: She lathered shampoo into her hair. Q: Which one is more likely to be the effect, choice 1 or choice 2? choice 1.",0.3406813627254509
-0.13209319114685059,1,cf,1,0,"Consider the following example: ‘‘‘The parents recognized their daughter's creativity.’’’ Choice 1: They taught her how to ride a bike. Choice 2: They encouraged her to become an artist. Q: Which one is more likely to be the effect, choice 1 or choice 2?",choice 2,"Consider the following example: ‘‘‘The parents recognized their daughter's creativity.’’’ Choice 1: They taught her how to ride a bike. Choice 2: They encouraged her to become an artist. Q: Which one is more likely to be the effect, choice 1 or choice 2? choice 2.",0.342685370741483
-0.1305253654718399,0,base,0,0,"Consider the following example: ‘‘‘The man drank water with his meal.’’’ Choice 1: His meal was cold. Choice 2: His meal was spicy. Q: Which one is more likely to be the cause, choice 1 or choice 2?",choice 1,"Consider the following example: ‘‘‘The man drank water with his meal.’’’ Choice 1: His meal was cold. Choice 2: His meal was spicy. Q: Which one is more likely to be the cause, choice 1 or choice 2? choice 1.",0.34468937875751504
-0.1274140477180481,1,cf,0,1,"Consider the following example: ‘‘‘The farmland needed irrigation.’’’ Choice 1: A canal was constructed. Choice 2: A flood occurred. Q: Which one is more likely to be the effect, choice 1 or choice 2?",choice 2,"Consider the following example: ‘‘‘The farmland needed irrigation.’’’ Choice 1: A canal was constructed. Choice 2: A flood occurred. Q: Which one is more likely to be the effect, choice 1 or choice 2? choice 2.",0.3466933867735471
-0.12695901095867157,1,cf,0,1,"Consider the following example: ‘‘‘I received a package in the mail.’’’ Choice 1: The package triggered my curiosity. Choice 2: I took the package to the post office. Q: Which one is more likely to be the effect, choice 1 or choice 2?",choice 2,"Consider the following example: ‘‘‘I received a package in the mail.’’’ Choice 1: The package triggered my curiosity. Choice 2: I took the package to the post office. Q: Which one is more likely to be the effect, choice 1 or choice 2? choice 2.",0.3486973947895792
-0.125052809715271,1,cf,1,0,"Consider the following example: ‘‘‘The teacher caught the student chewing gum.’’’ Choice 1: The gum stuck to the student's shoe. Choice 2: The student spit out the gum. Q: Which one is more likely to be the effect, choice 1 or choice 2?",choice 2,"Consider the following example: ‘‘‘The teacher caught the student chewing gum.’’’ Choice 1: The gum stuck to the student's shoe. Choice 2: The student spit out the gum. Q: Which one is more likely to be the effect, choice 1 or choice 2? choice 2.",0.35070140280561124
-0.12468792498111725,0,base,0,0,"Consider the following example: ‘‘‘The police eliminated the woman from the list of suspects.’’’ Choice 1: The police interrogated her. Choice 2: Her alibi checked out. Q: Which one is more likely to be the cause, choice 1 or choice 2?",choice 1,"Consider the following example: ‘‘‘The police eliminated the woman from the list of suspects.’’’ Choice 1: The police interrogated her. Choice 2: Her alibi checked out. Q: Which one is more likely to be the cause, choice 1 or choice 2? choice 1.",0.3527054108216433
-0.123166024684906,0,base,1,1,"Consider the following example: ‘‘‘The man held his breath.’’’ Choice 1: He went underwater. Choice 2: He treaded water. Q: Which one is more likely to be the cause, choice 1 or choice 2?",choice 1,"Consider the following example: ‘‘‘The man held his breath.’’’ Choice 1: He went underwater. Choice 2: He treaded water. Q: Which one is more likely to be the cause, choice 1 or choice 2? choice 1.",0.35470941883767537
-0.12310562282800674,0,base,0,0,"Consider the following example: ‘‘‘The chef pressed down on the dough.’’’ Choice 1: The dough crumbled. Choice 2: The dough flattened. Q: Which one is more likely to be the effect, choice 1 or choice 2?",choice 1,"Consider the following example: ‘‘‘The chef pressed down on the dough.’’’ Choice 1: The dough crumbled. Choice 2: The dough flattened. Q: Which one is more likely to be the effect, choice 1 or choice 2? choice 1.",0.35671342685370744
-0.12262137234210968,0,base,0,0,"Consider the following example: ‘‘‘I tipped the bottle.’’’ Choice 1: The liquid in the bottle froze. Choice 2: The liquid in the bottle poured out. Q: Which one is more likely to be the effect, choice 1 or choice 2?",choice 1,"Consider the following example: ‘‘‘I tipped the bottle.’’’ Choice 1: The liquid in the bottle froze. Choice 2: The liquid in the bottle poured out. Q: Which one is more likely to be the effect, choice 1 or choice 2? choice 1.",0.3587174348697395
-0.1202285885810852,0,base,0,0,"Consider the following example: ‘‘‘The driver turned on the car's headlights.’’’ Choice 1: He heard thunder. Choice 2: The sun went down. Q: Which one is more likely to be the cause, choice 1 or choice 2?",choice 1,"Consider the following example: ‘‘‘The driver turned on the car's headlights.’’’ Choice 1: He heard thunder. Choice 2: The sun went down. Q: Which one is more likely to be the cause, choice 1 or choice 2? choice 1.",0.36072144288577157
-0.12010836601257324,0,base,1,1,"Consider the following example: ‘‘‘The man revealed personal information to the therapist.’’’ Choice 1: He trusted the therapist. Choice 2: He disagreed with the therapist. Q: Which one is more likely to be the cause, choice 1 or choice 2?",choice 1,"Consider the following example: ‘‘‘The man revealed personal information to the therapist.’’’ Choice 1: He trusted the therapist. Choice 2: He disagreed with the therapist. Q: Which one is more likely to be the cause, choice 1 or choice 2? choice 1.",0.3627254509018036
-0.11622687429189682,0,base,0,0,"Consider the following example: ‘‘‘The woman complimented the man.’’’ Choice 1: He sneezed. Choice 2: He blushed. Q: Which one is more likely to be the effect, choice 1 or choice 2?",choice 1,"Consider the following example: ‘‘‘The woman complimented the man.’’’ Choice 1: He sneezed. Choice 2: He blushed. Q: Which one is more likely to be the effect, choice 1 or choice 2? choice 1.",0.36472945891783565
-0.11445045471191406,0,base,0,0,"Consider the following example: ‘‘‘We found empty seats in the theatre.’’’ Choice 1: The film began. Choice 2: We sat down. Q: Which one is more likely to be the effect, choice 1 or choice 2?",choice 1,"Consider the following example: ‘‘‘We found empty seats in the theatre.’’’ Choice 1: The film began. Choice 2: We sat down. Q: Which one is more likely to be the effect, choice 1 or choice 2? choice 1.",0.3667334669338677
-0.11003568023443222,0,base,1,1,"Consider the following example: ‘‘‘The guests of the party hid behind the couch.’’’ Choice 1: It was a surprise party. Choice 2: It was a birthday party. Q: Which one is more likely to be the cause, choice 1 or choice 2?",choice 1,"Consider the following example: ‘‘‘The guests of the party hid behind the couch.’’’ Choice 1: It was a surprise party. Choice 2: It was a birthday party. Q: Which one is more likely to be the cause, choice 1 or choice 2? choice 1.",0.3687374749498998
-0.1093902736902237,0,base,0,0,"Consider the following example: ‘‘‘I regained composure from my fit of anger.’’’ Choice 1: My heart pounded. Choice 2: I took deep breaths. Q: Which one is more likely to be the cause, choice 1 or choice 2?",choice 1,"Consider the following example: ‘‘‘I regained composure from my fit of anger.’’’ Choice 1: My heart pounded. Choice 2: I took deep breaths. Q: Which one is more likely to be the cause, choice 1 or choice 2? choice 1.",0.37074148296593185
-0.10637550055980682,1,cf,1,0,"Consider the following example: ‘‘‘I misplaced my wallet.’’’ Choice 1: I retrieved my phone. Choice 2: I retraced my steps. Q: Which one is more likely to be the effect, choice 1 or choice 2?",choice 2,"Consider the following example: ‘‘‘I misplaced my wallet.’’’ Choice 1: I retrieved my phone. Choice 2: I retraced my steps. Q: Which one is more likely to be the effect, choice 1 or choice 2? choice 2.",0.3727454909819639
-0.1060606837272644,0,base,0,0,"Consider the following example: ‘‘‘The computer was expensive to fix.’’’ Choice 1: I got it repaired. Choice 2: I bought a new one. Q: Which one is more likely to be the effect, choice 1 or choice 2?",choice 1,"Consider the following example: ‘‘‘The computer was expensive to fix.’’’ Choice 1: I got it repaired. Choice 2: I bought a new one. Q: Which one is more likely to be the effect, choice 1 or choice 2? choice 1.",0.374749498997996
-0.10472812503576279,0,base,1,1,"Consider the following example: ‘‘‘The chandelier shattered on the floor.’’’ Choice 1: The chandelier dropped from the ceiling. Choice 2: The chandelier's lights flickered on and off. Q: Which one is more likely to be the cause, choice 1 or choice 2?",choice 1,"Consider the following example: ‘‘‘The chandelier shattered on the floor.’’’ Choice 1: The chandelier dropped from the ceiling. Choice 2: The chandelier's lights flickered on and off. Q: Which one is more likely to be the cause, choice 1 or choice 2? choice 1.",0.37675350701402804
-0.09944649785757065,1,cf,1,0,"Consider the following example: ‘‘‘The mother called an ambulance.’’’ Choice 1: Her son lost his cat. Choice 2: Her son fell out of his bed. Q: Which one is more likely to be the cause, choice 1 or choice 2?",choice 2,"Consider the following example: ‘‘‘The mother called an ambulance.’’’ Choice 1: Her son lost his cat. Choice 2: Her son fell out of his bed. Q: Which one is more likely to be the cause, choice 1 or choice 2? choice 2.",0.3787575150300601
-0.09882000088691711,0,base,1,1,"Consider the following example: ‘‘‘I put my hands under the running faucet.’’’ Choice 1: The soap rinsed off my hands. Choice 2: The water splashed in my face. Q: Which one is more likely to be the effect, choice 1 or choice 2?",choice 1,"Consider the following example: ‘‘‘I put my hands under the running faucet.’’’ Choice 1: The soap rinsed off my hands. Choice 2: The water splashed in my face. Q: Which one is more likely to be the effect, choice 1 or choice 2? choice 1.",0.3807615230460922
-0.09741970896720886,1,cf,1,0,"Consider the following example: ‘‘‘The customer filed a complaint with the store manager.’’’ Choice 1: The sales associate undercharged the customer. Choice 2: The sales associate acted rude to the customer. Q: Which one is more likely to be the cause, choice 1 or choice 2?",choice 2,"Consider the following example: ‘‘‘The customer filed a complaint with the store manager.’’’ Choice 1: The sales associate undercharged the customer. Choice 2: The sales associate acted rude to the customer. Q: Which one is more likely to be the cause, choice 1 or choice 2? choice 2.",0.38276553106212424
-0.09621009230613708,0,base,0,0,"Consider the following example: ‘‘‘The fugitive hid from the police.’’’ Choice 1: The police dropped the case. Choice 2: The fugitive remained at large. Q: Which one is more likely to be the effect, choice 1 or choice 2?",choice 1,"Consider the following example: ‘‘‘The fugitive hid from the police.’’’ Choice 1: The police dropped the case. Choice 2: The fugitive remained at large. Q: Which one is more likely to be the effect, choice 1 or choice 2? choice 1.",0.3847695390781563
-0.09494160115718842,0,base,1,1,"Consider the following example: ‘‘‘The woman refused a second beer.’’’ Choice 1: She was the designated driver for the night. Choice 2: She was familiar with the bartender. Q: Which one is more likely to be the cause, choice 1 or choice 2?",choice 1,"Consider the following example: ‘‘‘The woman refused a second beer.’’’ Choice 1: She was the designated driver for the night. Choice 2: She was familiar with the bartender. Q: Which one is more likely to be the cause, choice 1 or choice 2? choice 1.",0.3867735470941884
-0.0934610664844513,1,cf,1,0,"Consider the following example: ‘‘‘The stain came out of the shirt.’’’ Choice 1: I patched the shirt. Choice 2: I bleached the shirt. Q: Which one is more likely to be the cause, choice 1 or choice 2?",choice 2,"Consider the following example: ‘‘‘The stain came out of the shirt.’’’ Choice 1: I patched the shirt. Choice 2: I bleached the shirt. Q: Which one is more likely to be the cause, choice 1 or choice 2? choice 2.",0.38877755511022044
-0.09318821132183075,0,base,0,0,"Consider the following example: ‘‘‘I ran the ice cube under warm water.’’’ Choice 1: The ice cube stuck to my fingers. Choice 2: The ice cube vanished. Q: Which one is more likely to be the effect, choice 1 or choice 2?",choice 1,"Consider the following example: ‘‘‘I ran the ice cube under warm water.’’’ Choice 1: The ice cube stuck to my fingers. Choice 2: The ice cube vanished. Q: Which one is more likely to be the effect, choice 1 or choice 2? choice 1.",0.3907815631262525
-0.09140001237392426,0,base,1,1,"Consider the following example: ‘‘‘I received a package in the mail.’’’ Choice 1: The package triggered my curiosity. Choice 2: I took the package to the post office. Q: Which one is more likely to be the effect, choice 1 or choice 2?",choice 1,"Consider the following example: ‘‘‘I received a package in the mail.’’’ Choice 1: The package triggered my curiosity. Choice 2: I took the package to the post office. Q: Which one is more likely to be the effect, choice 1 or choice 2? choice 1.",0.3927855711422846
-0.09037058800458908,1,cf,0,1,"Consider the following example: ‘‘‘The kidnappers released the hostage.’’’ Choice 1: They accepted ransom money. Choice 2: They escaped from jail. Q: Which one is more likely to be the cause, choice 1 or choice 2?",choice 2,"Consider the following example: ‘‘‘The kidnappers released the hostage.’’’ Choice 1: They accepted ransom money. Choice 2: They escaped from jail. Q: Which one is more likely to be the cause, choice 1 or choice 2? choice 2.",0.39478957915831664
-0.08853995054960251,0,base,0,0,"Consider the following example: ‘‘‘The administrator cleared her throat.’’’ Choice 1: The meeting was postponed. Choice 2: The meeting commenced. Q: Which one is more likely to be the effect, choice 1 or choice 2?",choice 1,"Consider the following example: ‘‘‘The administrator cleared her throat.’’’ Choice 1: The meeting was postponed. Choice 2: The meeting commenced. Q: Which one is more likely to be the effect, choice 1 or choice 2? choice 1.",0.3967935871743487
-0.08741302043199539,1,cf,0,1,"Consider the following example: ‘‘‘The police officer pulled over the celebrity.’’’ Choice 1: The celebrity offered the officer a bribe. Choice 2: The celebrity sued the police officer. Q: Which one is more likely to be the effect, choice 1 or choice 2?",choice 2,"Consider the following example: ‘‘‘The police officer pulled over the celebrity.’’’ Choice 1: The celebrity offered the officer a bribe. Choice 2: The celebrity sued the police officer. Q: Which one is more likely to be the effect, choice 1 or choice 2? choice 2.",0.39879759519038077
-0.08492298424243927,0,base,0,0,"Consider the following example: ‘‘‘The boy was afraid to go to bed.’’’ Choice 1: He turned on his nightlight. Choice 2: He watched a horror movie. Q: Which one is more likely to be the cause, choice 1 or choice 2?",choice 1,"Consider the following example: ‘‘‘The boy was afraid to go to bed.’’’ Choice 1: He turned on his nightlight. Choice 2: He watched a horror movie. Q: Which one is more likely to be the cause, choice 1 or choice 2? choice 1.",0.40080160320641284
-0.08224505186080933,0,base,0,0,"Consider the following example: ‘‘‘The woman visited her family.’’’ Choice 1: She distrusted them. Choice 2: She missed them. Q: Which one is more likely to be the cause, choice 1 or choice 2?",choice 1,"Consider the following example: ‘‘‘The woman visited her family.’’’ Choice 1: She distrusted them. Choice 2: She missed them. Q: Which one is more likely to be the cause, choice 1 or choice 2? choice 1.",0.4028056112224449
-0.08223120868206024,1,cf,1,0,"Consider the following example: ‘‘‘The child kicked the stack of blocks.’’’ Choice 1: The stack towered over the boy's head. Choice 2: The blocks scattered all over the rug. Q: Which one is more likely to be the effect, choice 1 or choice 2?",choice 2,"Consider the following example: ‘‘‘The child kicked the stack of blocks.’’’ Choice 1: The stack towered over the boy's head. Choice 2: The blocks scattered all over the rug. Q: Which one is more likely to be the effect, choice 1 or choice 2? choice 2.",0.40480961923847697
-0.08221855014562607,0,base,1,1,"Consider the following example: ‘‘‘I got distracted from my conversation with the woman.’’’ Choice 1: Everyone in the room was talking. Choice 2: The woman was telling a funny story. Q: Which one is more likely to be the cause, choice 1 or choice 2?",choice 1,"Consider the following example: ‘‘‘I got distracted from my conversation with the woman.’’’ Choice 1: Everyone in the room was talking. Choice 2: The woman was telling a funny story. Q: Which one is more likely to be the cause, choice 1 or choice 2? choice 1.",0.40681362725450904
-0.08102218806743622,1,cf,1,0,"Consider the following example: ‘‘‘The man's watch was broken.’’’ Choice 1: He waited at the bus stop. Choice 2: He asked a stranger for the time. Q: Which one is more likely to be the effect, choice 1 or choice 2?",choice 2,"Consider the following example: ‘‘‘The man's watch was broken.’’’ Choice 1: He waited at the bus stop. Choice 2: He asked a stranger for the time. Q: Which one is more likely to be the effect, choice 1 or choice 2? choice 2.",0.4088176352705411
-0.07979223132133484,1,cf,1,0,"Consider the following example: ‘‘‘The competition ended.’’’ Choice 1: The teams got pumped up. Choice 2: The teams shook hands. Q: Which one is more likely to be the effect, choice 1 or choice 2?",choice 2,"Consider the following example: ‘‘‘The competition ended.’’’ Choice 1: The teams got pumped up. Choice 2: The teams shook hands. Q: Which one is more likely to be the effect, choice 1 or choice 2? choice 2.",0.41082164328657317
-0.07864399999380112,1,cf,0,1,"Consider the following example: ‘‘‘The dust came off the desk.’’’ Choice 1: I wiped the desk with a cloth. Choice 2: I removed the books from the desk. Q: Which one is more likely to be the cause, choice 1 or choice 2?",choice 2,"Consider the following example: ‘‘‘The dust came off the desk.’’’ Choice 1: I wiped the desk with a cloth. Choice 2: I removed the books from the desk. Q: Which one is more likely to be the cause, choice 1 or choice 2? choice 2.",0.41282565130260523
-0.07591933012008667,1,cf,0,1,"Consider the following example: ‘‘‘The student flaunted his test grade to his classmates.’’’ Choice 1: He received a perfect score. Choice 2: He feigned interest in the class. Q: Which one is more likely to be the cause, choice 1 or choice 2?",choice 2,"Consider the following example: ‘‘‘The student flaunted his test grade to his classmates.’’’ Choice 1: He received a perfect score. Choice 2: He feigned interest in the class. Q: Which one is more likely to be the cause, choice 1 or choice 2? choice 2.",0.4148296593186373
-0.0745917484164238,0,base,1,1,"Consider the following example: ‘‘‘The man's pocket jingled as he walked.’’’ Choice 1: His pocket was filled with coins. Choice 2: He sewed the hole in his pocket. Q: Which one is more likely to be the cause, choice 1 or choice 2?",choice 1,"Consider the following example: ‘‘‘The man's pocket jingled as he walked.’’’ Choice 1: His pocket was filled with coins. Choice 2: He sewed the hole in his pocket. Q: Which one is more likely to be the cause, choice 1 or choice 2? choice 1.",0.4168336673346693
-0.07411909103393555,0,base,0,0,"Consider the following example: ‘‘‘My friend paid for my ticket.’’’ Choice 1: I sought a refund. Choice 2: I paid her back. Q: Which one is more likely to be the effect, choice 1 or choice 2?",choice 1,"Consider the following example: ‘‘‘My friend paid for my ticket.’’’ Choice 1: I sought a refund. Choice 2: I paid her back. Q: Which one is more likely to be the effect, choice 1 or choice 2? choice 1.",0.4188376753507014
-0.07371953129768372,1,cf,0,1,"Consider the following example: ‘‘‘The host served dinner to his guests.’’’ Choice 1: His guests were gracious. Choice 2: His guests went hungry. Q: Which one is more likely to be the effect, choice 1 or choice 2?",choice 2,"Consider the following example: ‘‘‘The host served dinner to his guests.’’’ Choice 1: His guests were gracious. Choice 2: His guests went hungry. Q: Which one is more likely to be the effect, choice 1 or choice 2? choice 2.",0.42084168336673344
-0.07200799882411957,0,base,1,1,"Consider the following example: ‘‘‘The girl's mouth ached.’’’ Choice 1: She lost a tooth. Choice 2: She swallowed her gum. Q: Which one is more likely to be the cause, choice 1 or choice 2?",choice 1,"Consider the following example: ‘‘‘The girl's mouth ached.’’’ Choice 1: She lost a tooth. Choice 2: She swallowed her gum. Q: Which one is more likely to be the cause, choice 1 or choice 2? choice 1.",0.4228456913827655
-0.06616436690092087,1,cf,1,0,"Consider the following example: ‘‘‘The man had an attack of conscience.’’’ Choice 1: He manipulated his friend. Choice 2: He admitted his indiscretion. Q: Which one is more likely to be the effect, choice 1 or choice 2?",choice 2,"Consider the following example: ‘‘‘The man had an attack of conscience.’’’ Choice 1: He manipulated his friend. Choice 2: He admitted his indiscretion. Q: Which one is more likely to be the effect, choice 1 or choice 2? choice 2.",0.4248496993987976
-0.06577014923095703,0,base,1,1,"Consider the following example: ‘‘‘The woman became famous.’’’ Choice 1: Photographers followed her. Choice 2: Her family avoided her. Q: Which one is more likely to be the effect, choice 1 or choice 2?",choice 1,"Consider the following example: ‘‘‘The woman became famous.’’’ Choice 1: Photographers followed her. Choice 2: Her family avoided her. Q: Which one is more likely to be the effect, choice 1 or choice 2? choice 1.",0.42685370741482964
-0.06508927047252655,0,base,1,1,"Consider the following example: ‘‘‘The father shut off the children's television.’’’ Choice 1: It was bedtime for the children. Choice 2: The children were watching cartoons. Q: Which one is more likely to be the cause, choice 1 or choice 2?",choice 1,"Consider the following example: ‘‘‘The father shut off the children's television.’’’ Choice 1: It was bedtime for the children. Choice 2: The children were watching cartoons. Q: Which one is more likely to be the cause, choice 1 or choice 2? choice 1.",0.4288577154308617
-0.06460899114608765,0,base,1,1,"Consider the following example: ‘‘‘I put my plate in the sink.’’’ Choice 1: I finished eating. Choice 2: I skipped dinner. Q: Which one is more likely to be the cause, choice 1 or choice 2?",choice 1,"Consider the following example: ‘‘‘I put my plate in the sink.’’’ Choice 1: I finished eating. Choice 2: I skipped dinner. Q: Which one is more likely to be the cause, choice 1 or choice 2? choice 1.",0.4308617234468938
-0.06430549174547195,0,base,0,0,"Consider the following example: ‘‘‘The girl met her favorite actor.’’’ Choice 1: She went to see his new film. Choice 2: She asked him for his autograph. Q: Which one is more likely to be the effect, choice 1 or choice 2?",choice 1,"Consider the following example: ‘‘‘The girl met her favorite actor.’’’ Choice 1: She went to see his new film. Choice 2: She asked him for his autograph. Q: Which one is more likely to be the effect, choice 1 or choice 2? choice 1.",0.43286573146292584
-0.06313090026378632,1,cf,1,0,"Consider the following example: ‘‘‘My friend paid for my ticket.’’’ Choice 1: I sought a refund. Choice 2: I paid her back. Q: Which one is more likely to be the effect, choice 1 or choice 2?",choice 2,"Consider the following example: ‘‘‘My friend paid for my ticket.’’’ Choice 1: I sought a refund. Choice 2: I paid her back. Q: Which one is more likely to be the effect, choice 1 or choice 2? choice 2.",0.4348697394789579
-0.06243553012609482,1,cf,1,0,"Consider the following example: ‘‘‘The dog barked.’’’ Choice 1: The cat lounged on the couch. Choice 2: A knock sounded at the door. Q: Which one is more likely to be the cause, choice 1 or choice 2?",choice 2,"Consider the following example: ‘‘‘The dog barked.’’’ Choice 1: The cat lounged on the couch. Choice 2: A knock sounded at the door. Q: Which one is more likely to be the cause, choice 1 or choice 2? choice 2.",0.43687374749499
-0.061935290694236755,0,base,1,1,"Consider the following example: ‘‘‘The couple got engaged.’’’ Choice 1: They planned a wedding. Choice 2: They took some time apart. Q: Which one is more likely to be the effect, choice 1 or choice 2?",choice 1,"Consider the following example: ‘‘‘The couple got engaged.’’’ Choice 1: They planned a wedding. Choice 2: They took some time apart. Q: Which one is more likely to be the effect, choice 1 or choice 2? choice 1.",0.43887775551102204
-0.06011844053864479,0,base,1,1,"Consider the following example: ‘‘‘I botched the job interview.’’’ Choice 1: The interviewer asked difficult questions. Choice 2: I anticipated the interviewer's questions. Q: Which one is more likely to be the cause, choice 1 or choice 2?",choice 1,"Consider the following example: ‘‘‘I botched the job interview.’’’ Choice 1: The interviewer asked difficult questions. Choice 2: I anticipated the interviewer's questions. Q: Which one is more likely to be the cause, choice 1 or choice 2? choice 1.",0.4408817635270541
-0.059794433414936066,1,cf,0,1,"Consider the following example: ‘‘‘The product was heavily advertised.’’’ Choice 1: Consumers recognized the product. Choice 2: The product became outdated. Q: Which one is more likely to be the effect, choice 1 or choice 2?",choice 2,"Consider the following example: ‘‘‘The product was heavily advertised.’’’ Choice 1: Consumers recognized the product. Choice 2: The product became outdated. Q: Which one is more likely to be the effect, choice 1 or choice 2? choice 2.",0.44288577154308617
-0.05883442610502243,0,base,0,0,"Consider the following example: ‘‘‘The man turned on the faucet.’’’ Choice 1: The toilet filled with water. Choice 2: Water flowed from the spout. Q: Which one is more likely to be the effect, choice 1 or choice 2?",choice 1,"Consider the following example: ‘‘‘The man turned on the faucet.’’’ Choice 1: The toilet filled with water. Choice 2: Water flowed from the spout. Q: Which one is more likely to be the effect, choice 1 or choice 2? choice 1.",0.44488977955911824
-0.0574989952147007,0,base,0,0,"Consider the following example: ‘‘‘The chair squeaked.’’’ Choice 1: The man carried the chair to his office. Choice 2: The man scooted the chair closer to his desk. Q: Which one is more likely to be the cause, choice 1 or choice 2?",choice 1,"Consider the following example: ‘‘‘The chair squeaked.’’’ Choice 1: The man carried the chair to his office. Choice 2: The man scooted the chair closer to his desk. Q: Which one is more likely to be the cause, choice 1 or choice 2? choice 1.",0.4468937875751503
-0.055224306881427765,0,base,0,0,"Consider the following example: ‘‘‘The mother suspected that her son was lying.’’’ Choice 1: He refused to talk to her. Choice 2: He avoided making eye contact with her. Q: Which one is more likely to be the cause, choice 1 or choice 2?",choice 1,"Consider the following example: ‘‘‘The mother suspected that her son was lying.’’’ Choice 1: He refused to talk to her. Choice 2: He avoided making eye contact with her. Q: Which one is more likely to be the cause, choice 1 or choice 2? choice 1.",0.44889779559118237
-0.05513584613800049,0,base,1,1,"Consider the following example: ‘‘‘The lock opened.’’’ Choice 1: I turned the key in the lock. Choice 2: I made a duplicate of the key. Q: Which one is more likely to be the cause, choice 1 or choice 2?",choice 1,"Consider the following example: ‘‘‘The lock opened.’’’ Choice 1: I turned the key in the lock. Choice 2: I made a duplicate of the key. Q: Which one is more likely to be the cause, choice 1 or choice 2? choice 1.",0.45090180360721444
-0.051955319941043854,0,base,0,0,"Consider the following example: ‘‘‘The girl performed in a dance recital.’’’ Choice 1: Her parents showed her how to dance. Choice 2: Her parents came to watch the recital. Q: Which one is more likely to be the effect, choice 1 or choice 2?",choice 1,"Consider the following example: ‘‘‘The girl performed in a dance recital.’’’ Choice 1: Her parents showed her how to dance. Choice 2: Her parents came to watch the recital. Q: Which one is more likely to be the effect, choice 1 or choice 2? choice 1.",0.4529058116232465
-0.04873931407928467,1,cf,1,0,"Consider the following example: ‘‘‘The crowd gave the band a standing ovation.’’’ Choice 1: The band signed autographs. Choice 2: The band reappeared on the stage. Q: Which one is more likely to be the effect, choice 1 or choice 2?",choice 2,"Consider the following example: ‘‘‘The crowd gave the band a standing ovation.’’’ Choice 1: The band signed autographs. Choice 2: The band reappeared on the stage. Q: Which one is more likely to be the effect, choice 1 or choice 2? choice 2.",0.45490981963927857
-0.04624683037400246,0,base,1,1,"Consider the following example: ‘‘‘The button on my shirt fell off.’’’ Choice 1: I sewed the button back on. Choice 2: I glued the button back on. Q: Which one is more likely to be the effect, choice 1 or choice 2?",choice 1,"Consider the following example: ‘‘‘The button on my shirt fell off.’’’ Choice 1: I sewed the button back on. Choice 2: I glued the button back on. Q: Which one is more likely to be the effect, choice 1 or choice 2? choice 1.",0.45691382765531063
-0.04493853077292442,0,base,1,1,"Consider the following example: ‘‘‘The host cancelled the party.’’’ Choice 1: She was certain she had the flu. Choice 2: She worried she would catch the flu. Q: Which one is more likely to be the cause, choice 1 or choice 2?",choice 1,"Consider the following example: ‘‘‘The host cancelled the party.’’’ Choice 1: She was certain she had the flu. Choice 2: She worried she would catch the flu. Q: Which one is more likely to be the cause, choice 1 or choice 2? choice 1.",0.4589178356713427
-0.04481975734233856,0,base,0,0,"Consider the following example: ‘‘‘The girl found a bug in her cereal.’’’ Choice 1: She poured milk in the bowl. Choice 2: She lost her appetite. Q: Which one is more likely to be the effect, choice 1 or choice 2?",choice 1,"Consider the following example: ‘‘‘The girl found a bug in her cereal.’’’ Choice 1: She poured milk in the bowl. Choice 2: She lost her appetite. Q: Which one is more likely to be the effect, choice 1 or choice 2? choice 1.",0.46092184368737477
-0.042836353182792664,1,cf,1,0,"Consider the following example: ‘‘‘The shop was closed.’’’ Choice 1: The owner was helping customers. Choice 2: The shop was undergoing renovation. Q: Which one is more likely to be the cause, choice 1 or choice 2?",choice 2,"Consider the following example: ‘‘‘The shop was closed.’’’ Choice 1: The owner was helping customers. Choice 2: The shop was undergoing renovation. Q: Which one is more likely to be the cause, choice 1 or choice 2? choice 2.",0.46292585170340683
-0.03976435586810112,0,base,1,1,"Consider the following example: ‘‘‘The physician misdiagnosed the patient.’’’ Choice 1: The patient filed a malpractice lawsuit against the physician. Choice 2: The patient disclosed confidential information to the physician. Q: Which one is more likely to be the effect, choice 1 or choice 2?",choice 1,"Consider the following example: ‘‘‘The physician misdiagnosed the patient.’’’ Choice 1: The patient filed a malpractice lawsuit against the physician. Choice 2: The patient disclosed confidential information to the physician. Q: Which one is more likely to be the effect, choice 1 or choice 2? choice 1.",0.4649298597194389
-0.03933432698249817,1,cf,1,0,"Consider the following example: ‘‘‘The driver turned on the car's headlights.’’’ Choice 1: He heard thunder. Choice 2: The sun went down. Q: Which one is more likely to be the cause, choice 1 or choice 2?",choice 2,"Consider the following example: ‘‘‘The driver turned on the car's headlights.’’’ Choice 1: He heard thunder. Choice 2: The sun went down. Q: Which one is more likely to be the cause, choice 1 or choice 2? choice 2.",0.46693386773547096
-0.031922049820423126,0,base,1,1,"Consider the following example: ‘‘‘The skydiver glided safely to the ground.’’’ Choice 1: She opened her parachute. Choice 2: She jumped out of the plane. Q: Which one is more likely to be the cause, choice 1 or choice 2?",choice 1,"Consider the following example: ‘‘‘The skydiver glided safely to the ground.’’’ Choice 1: She opened her parachute. Choice 2: She jumped out of the plane. Q: Which one is more likely to be the cause, choice 1 or choice 2? choice 1.",0.46893787575150303
-0.02986386977136135,0,base,1,1,"Consider the following example: ‘‘‘I drank from the water fountain.’’’ Choice 1: I was thirsty. Choice 2: I felt nauseous. Q: Which one is more likely to be the cause, choice 1 or choice 2?",choice 1,"Consider the following example: ‘‘‘I drank from the water fountain.’’’ Choice 1: I was thirsty. Choice 2: I felt nauseous. Q: Which one is more likely to be the cause, choice 1 or choice 2? choice 1.",0.4709418837675351
-0.028483375906944275,1,cf,1,0,"Consider the following example: ‘‘‘The patient underwent the risky medical procedure.’’’ Choice 1: The procedure was costly. Choice 2: Specialists recommended the procedure. Q: Which one is more likely to be the cause, choice 1 or choice 2?",choice 2,"Consider the following example: ‘‘‘The patient underwent the risky medical procedure.’’’ Choice 1: The procedure was costly. Choice 2: Specialists recommended the procedure. Q: Which one is more likely to be the cause, choice 1 or choice 2? choice 2.",0.4729458917835671
-0.026405392214655876,1,cf,0,1,"Consider the following example: ‘‘‘The jewelry thieves were caught.’’’ Choice 1: The stolen jewelry was returned to its owners. Choice 2: The cost of the stolen jewelry was calculated. Q: Which one is more likely to be the effect, choice 1 or choice 2?",choice 2,"Consider the following example: ‘‘‘The jewelry thieves were caught.’’’ Choice 1: The stolen jewelry was returned to its owners. Choice 2: The cost of the stolen jewelry was calculated. Q: Which one is more likely to be the effect, choice 1 or choice 2? choice 2.",0.4749498997995992
-0.02486446499824524,1,cf,1,0,"Consider the following example: ‘‘‘The man read the cartoon in the newspaper.’’’ Choice 1: He sipped coffee. Choice 2: He chuckled. Q: Which one is more likely to be the effect, choice 1 or choice 2?",choice 2,"Consider the following example: ‘‘‘The man read the cartoon in the newspaper.’’’ Choice 1: He sipped coffee. Choice 2: He chuckled. Q: Which one is more likely to be the effect, choice 1 or choice 2? choice 2.",0.47695390781563124
-0.017976243048906326,1,cf,0,1,"Consider the following example: ‘‘‘The girl found the missing puzzle piece.’’’ Choice 1: She completed the puzzle. Choice 2: She took apart the puzzle. Q: Which one is more likely to be the effect, choice 1 or choice 2?",choice 2,"Consider the following example: ‘‘‘The girl found the missing puzzle piece.’’’ Choice 1: She completed the puzzle. Choice 2: She took apart the puzzle. Q: Which one is more likely to be the effect, choice 1 or choice 2? choice 2.",0.4789579158316633
-0.017433037981390953,0,base,0,0,"Consider the following example: ‘‘‘The teacher caught the student chewing gum.’’’ Choice 1: The gum stuck to the student's shoe. Choice 2: The student spit out the gum. Q: Which one is more likely to be the effect, choice 1 or choice 2?",choice 1,"Consider the following example: ‘‘‘The teacher caught the student chewing gum.’’’ Choice 1: The gum stuck to the student's shoe. Choice 2: The student spit out the gum. Q: Which one is more likely to be the effect, choice 1 or choice 2? choice 1.",0.48096192384769537
-0.017227599397301674,0,base,1,1,"Consider the following example: ‘‘‘The hospital sent the patient home.’’’ Choice 1: The patient's symptoms cleared up. Choice 2: The patient's family visited him. Q: Which one is more likely to be the cause, choice 1 or choice 2?",choice 1,"Consider the following example: ‘‘‘The hospital sent the patient home.’’’ Choice 1: The patient's symptoms cleared up. Choice 2: The patient's family visited him. Q: Which one is more likely to be the cause, choice 1 or choice 2? choice 1.",0.48296593186372744
-0.016759684309363365,1,cf,1,0,"Consider the following example: ‘‘‘The girl met her favorite actor.’’’ Choice 1: She went to see his new film. Choice 2: She asked him for his autograph. Q: Which one is more likely to be the effect, choice 1 or choice 2?",choice 2,"Consider the following example: ‘‘‘The girl met her favorite actor.’’’ Choice 1: She went to see his new film. Choice 2: She asked him for his autograph. Q: Which one is more likely to be the effect, choice 1 or choice 2? choice 2.",0.4849699398797595
-0.013880021870136261,0,base,0,0,"Consider the following example: ‘‘‘The child kicked the stack of blocks.’’’ Choice 1: The stack towered over the boy's head. Choice 2: The blocks scattered all over the rug. Q: Which one is more likely to be the effect, choice 1 or choice 2?",choice 1,"Consider the following example: ‘‘‘The child kicked the stack of blocks.’’’ Choice 1: The stack towered over the boy's head. Choice 2: The blocks scattered all over the rug. Q: Which one is more likely to be the effect, choice 1 or choice 2? choice 1.",0.48697394789579157
-0.013213248923420906,0,base,1,1,"Consider the following example: ‘‘‘The group overlooked the woman's faux pas.’’’ Choice 1: The woman was relieved. Choice 2: The woman apologized. Q: Which one is more likely to be the effect, choice 1 or choice 2?",choice 1,"Consider the following example: ‘‘‘The group overlooked the woman's faux pas.’’’ Choice 1: The woman was relieved. Choice 2: The woman apologized. Q: Which one is more likely to be the effect, choice 1 or choice 2? choice 1.",0.48897795591182364
-0.011981707997620106,0,base,1,1,"Consider the following example: ‘‘‘I drank a cup of coffee.’’’ Choice 1: My yawning ceased. Choice 2: I nodded off to sleep. Q: Which one is more likely to be the effect, choice 1 or choice 2?",choice 1,"Consider the following example: ‘‘‘I drank a cup of coffee.’’’ Choice 1: My yawning ceased. Choice 2: I nodded off to sleep. Q: Which one is more likely to be the effect, choice 1 or choice 2? choice 1.",0.4909819639278557
-0.01057102158665657,1,cf,0,1,"Consider the following example: ‘‘‘Air pollution in the city worsened.’’’ Choice 1: Factories increased their production. Choice 2: Factories shut down. Q: Which one is more likely to be the cause, choice 1 or choice 2?",choice 2,"Consider the following example: ‘‘‘Air pollution in the city worsened.’’’ Choice 1: Factories increased their production. Choice 2: Factories shut down. Q: Which one is more likely to be the cause, choice 1 or choice 2? choice 2.",0.49298597194388777
-0.010301681235432625,0,base,0,0,"Consider the following example: ‘‘‘A burglar broke into the house.’’’ Choice 1: The homeowners were asleep. Choice 2: The security alarm went off. Q: Which one is more likely to be the effect, choice 1 or choice 2?",choice 1,"Consider the following example: ‘‘‘A burglar broke into the house.’’’ Choice 1: The homeowners were asleep. Choice 2: The security alarm went off. Q: Which one is more likely to be the effect, choice 1 or choice 2? choice 1.",0.49498997995991983
-0.00969041045755148,0,base,1,1,"Consider the following example: ‘‘‘The host served dinner to his guests.’’’ Choice 1: His guests were gracious. Choice 2: His guests went hungry. Q: Which one is more likely to be the effect, choice 1 or choice 2?",choice 1,"Consider the following example: ‘‘‘The host served dinner to his guests.’’’ Choice 1: His guests were gracious. Choice 2: His guests went hungry. Q: Which one is more likely to be the effect, choice 1 or choice 2? choice 1.",0.4969939879759519
-0.006518654525279999,0,base,0,0,"Consider the following example: ‘‘‘The man fainted.’’’ Choice 1: He took a nap. Choice 2: He ran a marathon. Q: Which one is more likely to be the cause, choice 1 or choice 2?",choice 1,"Consider the following example: ‘‘‘The man fainted.’’’ Choice 1: He took a nap. Choice 2: He ran a marathon. Q: Which one is more likely to be the cause, choice 1 or choice 2? choice 1.",0.49899799599198397
-0.005616556853055954,1,cf,0,1,"Consider the following example: ‘‘‘I put my hands under the running faucet.’’’ Choice 1: The soap rinsed off my hands. Choice 2: The water splashed in my face. Q: Which one is more likely to be the effect, choice 1 or choice 2?",choice 2,"Consider the following example: ‘‘‘I put my hands under the running faucet.’’’ Choice 1: The soap rinsed off my hands. Choice 2: The water splashed in my face. Q: Which one is more likely to be the effect, choice 1 or choice 2? choice 2.",0.501002004008016
-0.0051682740449905396,0,base,0,0,"Consider the following example: ‘‘‘The girl handed down her clothes to her younger sister.’’’ Choice 1: The clothes were tattered. Choice 2: She outgrew the clothes. Q: Which one is more likely to be the cause, choice 1 or choice 2?",choice 1,"Consider the following example: ‘‘‘The girl handed down her clothes to her younger sister.’’’ Choice 1: The clothes were tattered. Choice 2: She outgrew the clothes. Q: Which one is more likely to be the cause, choice 1 or choice 2? choice 1.",0.503006012024048
-0.0040941014885902405,1,cf,1,0,"Consider the following example: ‘‘‘I ran the ice cube under warm water.’’’ Choice 1: The ice cube stuck to my fingers. Choice 2: The ice cube vanished. Q: Which one is more likely to be the effect, choice 1 or choice 2?",choice 2,"Consider the following example: ‘‘‘I ran the ice cube under warm water.’’’ Choice 1: The ice cube stuck to my fingers. Choice 2: The ice cube vanished. Q: Which one is more likely to be the effect, choice 1 or choice 2? choice 2.",0.5050100200400801
-0.003458240069448948,0,base,1,1,"Consider the following example: ‘‘‘The girl found the missing puzzle piece.’’’ Choice 1: She completed the puzzle. Choice 2: She took apart the puzzle. Q: Which one is more likely to be the effect, choice 1 or choice 2?",choice 1,"Consider the following example: ‘‘‘The girl found the missing puzzle piece.’’’ Choice 1: She completed the puzzle. Choice 2: She took apart the puzzle. Q: Which one is more likely to be the effect, choice 1 or choice 2? choice 1.",0.5070140280561122
0.0010033100843429565,1,cf,1,0,"Consider the following example: ‘‘‘I regained composure from my fit of anger.’’’ Choice 1: My heart pounded. Choice 2: I took deep breaths. Q: Which one is more likely to be the cause, choice 1 or choice 2?",choice 2,"Consider the following example: ‘‘‘I regained composure from my fit of anger.’’’ Choice 1: My heart pounded. Choice 2: I took deep breaths. Q: Which one is more likely to be the cause, choice 1 or choice 2? choice 2.",0.5090180360721442
0.002031613141298294,1,cf,1,0,"Consider the following example: ‘‘‘The secretary put the caller on hold.’’’ Choice 1: The caller's phone lost reception. Choice 2: The caller waited on the line. Q: Which one is more likely to be the effect, choice 1 or choice 2?",choice 2,"Consider the following example: ‘‘‘The secretary put the caller on hold.’’’ Choice 1: The caller's phone lost reception. Choice 2: The caller waited on the line. Q: Which one is more likely to be the effect, choice 1 or choice 2? choice 2.",0.5110220440881763
0.013269893825054169,0,base,0,0,"Consider the following example: ‘‘‘The teacher assigned homework to the students.’’’ Choice 1: The students passed notes. Choice 2: The students groaned. Q: Which one is more likely to be the effect, choice 1 or choice 2?",choice 1,"Consider the following example: ‘‘‘The teacher assigned homework to the students.’’’ Choice 1: The students passed notes. Choice 2: The students groaned. Q: Which one is more likely to be the effect, choice 1 or choice 2? choice 1.",0.5130260521042084
0.01461128331720829,1,cf,1,0,"Consider the following example: ‘‘‘The woman felt lonely.’’’ Choice 1: She renovated her kitchen. Choice 2: She adopted a cat. Q: Which one is more likely to be the effect, choice 1 or choice 2?",choice 2,"Consider the following example: ‘‘‘The woman felt lonely.’’’ Choice 1: She renovated her kitchen. Choice 2: She adopted a cat. Q: Which one is more likely to be the effect, choice 1 or choice 2? choice 2.",0.5150300601202404
0.019112536683678627,0,base,1,1,"Consider the following example: ‘‘‘The kidnappers released the hostage.’’’ Choice 1: They accepted ransom money. Choice 2: They escaped from jail. Q: Which one is more likely to be the cause, choice 1 or choice 2?",choice 1,"Consider the following example: ‘‘‘The kidnappers released the hostage.’’’ Choice 1: They accepted ransom money. Choice 2: They escaped from jail. Q: Which one is more likely to be the cause, choice 1 or choice 2? choice 1.",0.5170340681362725
0.019941790029406548,0,base,1,1,"Consider the following example: ‘‘‘The girl pushed herself off the top of the slide.’’’ Choice 1: She glided down the slide. Choice 2: She crawled up the slide. Q: Which one is more likely to be the effect, choice 1 or choice 2?",choice 1,"Consider the following example: ‘‘‘The girl pushed herself off the top of the slide.’’’ Choice 1: She glided down the slide. Choice 2: She crawled up the slide. Q: Which one is more likely to be the effect, choice 1 or choice 2? choice 1.",0.5190380761523046
0.021041711792349815,0,base,0,0,"Consider the following example: ‘‘‘The woman sensed a pleasant smell.’’’ Choice 1: She remembered to take her medication. Choice 2: She was reminded of her childhood. Q: Which one is more likely to be the effect, choice 1 or choice 2?",choice 1,"Consider the following example: ‘‘‘The woman sensed a pleasant smell.’’’ Choice 1: She remembered to take her medication. Choice 2: She was reminded of her childhood. Q: Which one is more likely to be the effect, choice 1 or choice 2? choice 1.",0.5210420841683366
0.022074982523918152,1,cf,1,0,"Consider the following example: ‘‘‘The police eliminated the woman from the list of suspects.’’’ Choice 1: The police interrogated her. Choice 2: Her alibi checked out. Q: Which one is more likely to be the cause, choice 1 or choice 2?",choice 2,"Consider the following example: ‘‘‘The police eliminated the woman from the list of suspects.’’’ Choice 1: The police interrogated her. Choice 2: Her alibi checked out. Q: Which one is more likely to be the cause, choice 1 or choice 2? choice 2.",0.5230460921843687
0.023419663310050964,1,cf,0,1,"Consider the following example: ‘‘‘I put coins in the washing machine at the laundromat.’’’ Choice 1: The machine powered on. Choice 2: I ran out of laundry detergent. Q: Which one is more likely to be the effect, choice 1 or choice 2?",choice 2,"Consider the following example: ‘‘‘I put coins in the washing machine at the laundromat.’’’ Choice 1: The machine powered on. Choice 2: I ran out of laundry detergent. Q: Which one is more likely to be the effect, choice 1 or choice 2? choice 2.",0.5250501002004008
0.02470982074737549,0,base,0,0,"Consider the following example: ‘‘‘The girl wanted to demonstrate proper etiquette.’’’ Choice 1: She threw away her napkin after eating. Choice 2: She put her napkin on her lap before eating. Q: Which one is more likely to be the effect, choice 1 or choice 2?",choice 1,"Consider the following example: ‘‘‘The girl wanted to demonstrate proper etiquette.’’’ Choice 1: She threw away her napkin after eating. Choice 2: She put her napkin on her lap before eating. Q: Which one is more likely to be the effect, choice 1 or choice 2? choice 1.",0.5270541082164328
0.02486703172326088,0,base,0,0,"Consider the following example: ‘‘‘The water in the teapot started to boil.’’’ Choice 1: The teapot cooled. Choice 2: The teapot whistled. Q: Which one is more likely to be the effect, choice 1 or choice 2?",choice 1,"Consider the following example: ‘‘‘The water in the teapot started to boil.’’’ Choice 1: The teapot cooled. Choice 2: The teapot whistled. Q: Which one is more likely to be the effect, choice 1 or choice 2? choice 1.",0.5290581162324649
0.026509789749979973,0,base,1,1,"Consider the following example: ‘‘‘The jewelry thieves were caught.’’’ Choice 1: The stolen jewelry was returned to its owners. Choice 2: The cost of the stolen jewelry was calculated. Q: Which one is more likely to be the effect, choice 1 or choice 2?",choice 1,"Consider the following example: ‘‘‘The jewelry thieves were caught.’’’ Choice 1: The stolen jewelry was returned to its owners. Choice 2: The cost of the stolen jewelry was calculated. Q: Which one is more likely to be the effect, choice 1 or choice 2? choice 1.",0.531062124248497
0.029488151893019676,0,base,0,0,"Consider the following example: ‘‘‘I put rubber gloves on.’’’ Choice 1: I was preparing to wash my hands. Choice 2: I was preparing to clean the bathroom. Q: Which one is more likely to be the cause, choice 1 or choice 2?",choice 1,"Consider the following example: ‘‘‘I put rubber gloves on.’’’ Choice 1: I was preparing to wash my hands. Choice 2: I was preparing to clean the bathroom. Q: Which one is more likely to be the cause, choice 1 or choice 2? choice 1.",0.533066132264529
0.030433857813477516,1,cf,1,0,"Consider the following example: ‘‘‘The girl handed down her clothes to her younger sister.’’’ Choice 1: The clothes were tattered. Choice 2: She outgrew the clothes. Q: Which one is more likely to be the cause, choice 1 or choice 2?",choice 2,"Consider the following example: ‘‘‘The girl handed down her clothes to her younger sister.’’’ Choice 1: The clothes were tattered. Choice 2: She outgrew the clothes. Q: Which one is more likely to be the cause, choice 1 or choice 2? choice 2.",0.5350701402805611
0.03164748102426529,1,cf,1,0,"Consider the following example: ‘‘‘The computer was expensive to fix.’’’ Choice 1: I got it repaired. Choice 2: I bought a new one. Q: Which one is more likely to be the effect, choice 1 or choice 2?",choice 2,"Consider the following example: ‘‘‘The computer was expensive to fix.’’’ Choice 1: I got it repaired. Choice 2: I bought a new one. Q: Which one is more likely to be the effect, choice 1 or choice 2? choice 2.",0.5370741482965932
0.03165392577648163,1,cf,1,0,"Consider the following example: ‘‘‘I tipped the bottle.’’’ Choice 1: The liquid in the bottle froze. Choice 2: The liquid in the bottle poured out. Q: Which one is more likely to be the effect, choice 1 or choice 2?",choice 2,"Consider the following example: ‘‘‘I tipped the bottle.’’’ Choice 1: The liquid in the bottle froze. Choice 2: The liquid in the bottle poured out. Q: Which one is more likely to be the effect, choice 1 or choice 2? choice 2.",0.5390781563126252
0.03274553269147873,0,base,1,1,"Consider the following example: ‘‘‘The dust came off the desk.’’’ Choice 1: I wiped the desk with a cloth. Choice 2: I removed the books from the desk. Q: Which one is more likely to be the cause, choice 1 or choice 2?",choice 1,"Consider the following example: ‘‘‘The dust came off the desk.’’’ Choice 1: I wiped the desk with a cloth. Choice 2: I removed the books from the desk. Q: Which one is more likely to be the cause, choice 1 or choice 2? choice 1.",0.5410821643286573
0.03457847982645035,1,cf,0,1,"Consider the following example: ‘‘‘I drank a cup of coffee.’’’ Choice 1: My yawning ceased. Choice 2: I nodded off to sleep. Q: Which one is more likely to be the effect, choice 1 or choice 2?",choice 2,"Consider the following example: ‘‘‘I drank a cup of coffee.’’’ Choice 1: My yawning ceased. Choice 2: I nodded off to sleep. Q: Which one is more likely to be the effect, choice 1 or choice 2? choice 2.",0.5430861723446894
0.036732904613018036,1,cf,1,0,"Consider the following example: ‘‘‘The teacher assigned homework to the students.’’’ Choice 1: The students passed notes. Choice 2: The students groaned. Q: Which one is more likely to be the effect, choice 1 or choice 2?",choice 2,"Consider the following example: ‘‘‘The teacher assigned homework to the students.’’’ Choice 1: The students passed notes. Choice 2: The students groaned. Q: Which one is more likely to be the effect, choice 1 or choice 2? choice 2.",0.5450901803607214
0.036955513060092926,0,base,0,0,"Consider the following example: ‘‘‘The customer filed a complaint with the store manager.’’’ Choice 1: The sales associate undercharged the customer. Choice 2: The sales associate acted rude to the customer. Q: Which one is more likely to be the cause, choice 1 or choice 2?",choice 1,"Consider the following example: ‘‘‘The customer filed a complaint with the store manager.’’’ Choice 1: The sales associate undercharged the customer. Choice 2: The sales associate acted rude to the customer. Q: Which one is more likely to be the cause, choice 1 or choice 2? choice 1.",0.5470941883767535
0.03796513006091118,0,base,1,1,"Consider the following example: ‘‘‘I rubbed the soap between my hands.’’’ Choice 1: The soap foamed. Choice 2: My hands went numb. Q: Which one is more likely to be the effect, choice 1 or choice 2?",choice 1,"Consider the following example: ‘‘‘I rubbed the soap between my hands.’’’ Choice 1: The soap foamed. Choice 2: My hands went numb. Q: Which one is more likely to be the effect, choice 1 or choice 2? choice 1.",0.5490981963927856
0.040220946073532104,0,base,0,0,"Consider the following example: ‘‘‘The pair of students came under scrutiny by the teacher.’’’ Choice 1: The students both received excellent grades. Choice 2: Their responses on the assignment were identical. Q: Which one is more likely to be the cause, choice 1 or choice 2?",choice 1,"Consider the following example: ‘‘‘The pair of students came under scrutiny by the teacher.’’’ Choice 1: The students both received excellent grades. Choice 2: Their responses on the assignment were identical. Q: Which one is more likely to be the cause, choice 1 or choice 2? choice 1.",0.5511022044088176
0.04121420159935951,0,base,0,0,"Consider the following example: ‘‘‘I clumsily bumped into the stranger.’’’ Choice 1: I ran away. Choice 2: I apologized to him. Q: Which one is more likely to be the effect, choice 1 or choice 2?",choice 1,"Consider the following example: ‘‘‘I clumsily bumped into the stranger.’’’ Choice 1: I ran away. Choice 2: I apologized to him. Q: Which one is more likely to be the effect, choice 1 or choice 2? choice 1.",0.5531062124248497
0.04159100726246834,1,cf,1,0,"Consider the following example: ‘‘‘I spit out my chewing gum.’’’ Choice 1: I blew a bubble with the gum. Choice 2: The gum lost its flavor. Q: Which one is more likely to be the cause, choice 1 or choice 2?",choice 2,"Consider the following example: ‘‘‘I spit out my chewing gum.’’’ Choice 1: I blew a bubble with the gum. Choice 2: The gum lost its flavor. Q: Which one is more likely to be the cause, choice 1 or choice 2? choice 2.",0.5551102204408818
0.0416073352098465,0,base,0,0,"Consider the following example: ‘‘‘The sun emerged from the clouds.’’’ Choice 1: The woman glanced at her watch. Choice 2: The woman took her sweater off. Q: Which one is more likely to be the effect, choice 1 or choice 2?",choice 1,"Consider the following example: ‘‘‘The sun emerged from the clouds.’’’ Choice 1: The woman glanced at her watch. Choice 2: The woman took her sweater off. Q: Which one is more likely to be the effect, choice 1 or choice 2? choice 1.",0.5571142284569138
0.042115408927202225,0,base,1,1,"Consider the following example: ‘‘‘The children knocked over a lamp.’’’ Choice 1: They had a pillow fight. Choice 2: They jumped on the bed. Q: Which one is more likely to be the cause, choice 1 or choice 2?",choice 1,"Consider the following example: ‘‘‘The children knocked over a lamp.’’’ Choice 1: They had a pillow fight. Choice 2: They jumped on the bed. Q: Which one is more likely to be the cause, choice 1 or choice 2? choice 1.",0.5591182364729459
0.04230465739965439,1,cf,0,1,"Consider the following example: ‘‘‘The clock chimed.’’’ Choice 1: It was the top of the hour. Choice 2: The hour seemed to drag on. Q: Which one is more likely to be the cause, choice 1 or choice 2?",choice 2,"Consider the following example: ‘‘‘The clock chimed.’’’ Choice 1: It was the top of the hour. Choice 2: The hour seemed to drag on. Q: Which one is more likely to be the cause, choice 1 or choice 2? choice 2.",0.561122244488978
0.04358813166618347,0,base,1,1,"Consider the following example: ‘‘‘The clock chimed.’’’ Choice 1: It was the top of the hour. Choice 2: The hour seemed to drag on. Q: Which one is more likely to be the cause, choice 1 or choice 2?",choice 1,"Consider the following example: ‘‘‘The clock chimed.’’’ Choice 1: It was the top of the hour. Choice 2: The hour seemed to drag on. Q: Which one is more likely to be the cause, choice 1 or choice 2? choice 1.",0.56312625250501
0.044285476207733154,0,base,0,0,"Consider the following example: ‘‘‘The journalist wrote a biography about the humanitarian's life.’’’ Choice 1: The humanitarian was difficult for the journalist to interview. Choice 2: The journalist was intrigued by the humanitarian's work. Q: Which one is more likely to be the cause, choice 1 or choice 2?",choice 1,"Consider the following example: ‘‘‘The journalist wrote a biography about the humanitarian's life.’’’ Choice 1: The humanitarian was difficult for the journalist to interview. Choice 2: The journalist was intrigued by the humanitarian's work. Q: Which one is more likely to be the cause, choice 1 or choice 2? choice 1.",0.5651302605210421
0.044392943382263184,0,base,1,1,"Consider the following example: ‘‘‘The farmland needed irrigation.’’’ Choice 1: A canal was constructed. Choice 2: A flood occurred. Q: Which one is more likely to be the effect, choice 1 or choice 2?",choice 1,"Consider the following example: ‘‘‘The farmland needed irrigation.’’’ Choice 1: A canal was constructed. Choice 2: A flood occurred. Q: Which one is more likely to be the effect, choice 1 or choice 2? choice 1.",0.5671342685370742
0.044505707919597626,0,base,1,1,"Consider the following example: ‘‘‘The benefactor requested to stay anonymous.’’’ Choice 1: He wanted to maintain his privacy. Choice 2: He supported the cause behind his donation. Q: Which one is more likely to be the cause, choice 1 or choice 2?",choice 1,"Consider the following example: ‘‘‘The benefactor requested to stay anonymous.’’’ Choice 1: He wanted to maintain his privacy. Choice 2: He supported the cause behind his donation. Q: Which one is more likely to be the cause, choice 1 or choice 2? choice 1.",0.5691382765531062
0.046155959367752075,1,cf,1,0,"Consider the following example: ‘‘‘The girl performed in a dance recital.’’’ Choice 1: Her parents showed her how to dance. Choice 2: Her parents came to watch the recital. Q: Which one is more likely to be the effect, choice 1 or choice 2?",choice 2,"Consider the following example: ‘‘‘The girl performed in a dance recital.’’’ Choice 1: Her parents showed her how to dance. Choice 2: Her parents came to watch the recital. Q: Which one is more likely to be the effect, choice 1 or choice 2? choice 2.",0.5711422845691383
0.04677733778953552,0,base,0,0,"Consider the following example: ‘‘‘The crowd gave the band a standing ovation.’’’ Choice 1: The band signed autographs. Choice 2: The band reappeared on the stage. Q: Which one is more likely to be the effect, choice 1 or choice 2?",choice 1,"Consider the following example: ‘‘‘The crowd gave the band a standing ovation.’’’ Choice 1: The band signed autographs. Choice 2: The band reappeared on the stage. Q: Which one is more likely to be the effect, choice 1 or choice 2? choice 1.",0.5731462925851704
0.05047199875116348,0,base,1,1,"Consider the following example: ‘‘‘The school principal implemented a dress code.’’’ Choice 1: Students protested the decision. Choice 2: Students were expelled from school. Q: Which one is more likely to be the effect, choice 1 or choice 2?",choice 1,"Consider the following example: ‘‘‘The school principal implemented a dress code.’’’ Choice 1: Students protested the decision. Choice 2: Students were expelled from school. Q: Which one is more likely to be the effect, choice 1 or choice 2? choice 1.",0.5751503006012024
0.050745297223329544,0,base,1,1,"Consider the following example: ‘‘‘Air pollution in the city worsened.’’’ Choice 1: Factories increased their production. Choice 2: Factories shut down. Q: Which one is more likely to be the cause, choice 1 or choice 2?",choice 1,"Consider the following example: ‘‘‘Air pollution in the city worsened.’’’ Choice 1: Factories increased their production. Choice 2: Factories shut down. Q: Which one is more likely to be the cause, choice 1 or choice 2? choice 1.",0.5771543086172345
0.05336024984717369,1,cf,0,1,"Consider the following example: ‘‘‘The woman gave the man her phone number.’’’ Choice 1: She was attracted to him. Choice 2: She was repulsed by him. Q: Which one is more likely to be the cause, choice 1 or choice 2?",choice 2,"Consider the following example: ‘‘‘The woman gave the man her phone number.’’’ Choice 1: She was attracted to him. Choice 2: She was repulsed by him. Q: Which one is more likely to be the cause, choice 1 or choice 2? choice 2.",0.5791583166332666
0.057362690567970276,1,cf,0,1,"Consider the following example: ‘‘‘The runner wore shorts.’’’ Choice 1: The forecast predicted high temperatures. Choice 2: She planned to run along the beach. Q: Which one is more likely to be the cause, choice 1 or choice 2?",choice 2,"Consider the following example: ‘‘‘The runner wore shorts.’’’ Choice 1: The forecast predicted high temperatures. Choice 2: She planned to run along the beach. Q: Which one is more likely to be the cause, choice 1 or choice 2? choice 2.",0.5811623246492986
0.057810597121715546,1,cf,1,0,"Consider the following example: ‘‘‘The woman complimented the man.’’’ Choice 1: He sneezed. Choice 2: He blushed. Q: Which one is more likely to be the effect, choice 1 or choice 2?",choice 2,"Consider the following example: ‘‘‘The woman complimented the man.’’’ Choice 1: He sneezed. Choice 2: He blushed. Q: Which one is more likely to be the effect, choice 1 or choice 2? choice 2.",0.5831663326653307
0.05798153206706047,1,cf,1,0,"Consider the following example: ‘‘‘The boy was afraid to go to bed.’’’ Choice 1: He turned on his nightlight. Choice 2: He watched a horror movie. Q: Which one is more likely to be the cause, choice 1 or choice 2?",choice 2,"Consider the following example: ‘‘‘The boy was afraid to go to bed.’’’ Choice 1: He turned on his nightlight. Choice 2: He watched a horror movie. Q: Which one is more likely to be the cause, choice 1 or choice 2? choice 2.",0.5851703406813628
0.05882132053375244,1,cf,1,0,"Consider the following example: ‘‘‘The woman awakened.’’’ Choice 1: She took sleeping pills. Choice 2: Her husband was snoring. Q: Which one is more likely to be the cause, choice 1 or choice 2?",choice 2,"Consider the following example: ‘‘‘The woman awakened.’’’ Choice 1: She took sleeping pills. Choice 2: Her husband was snoring. Q: Which one is more likely to be the cause, choice 1 or choice 2? choice 2.",0.5871743486973948
0.06330160796642303,1,cf,0,1,"Consider the following example: ‘‘‘The group overlooked the woman's faux pas.’’’ Choice 1: The woman was relieved. Choice 2: The woman apologized. Q: Which one is more likely to be the effect, choice 1 or choice 2?",choice 2,"Consider the following example: ‘‘‘The group overlooked the woman's faux pas.’’’ Choice 1: The woman was relieved. Choice 2: The woman apologized. Q: Which one is more likely to be the effect, choice 1 or choice 2? choice 2.",0.5891783567134269
0.06532738357782364,1,cf,1,0,"Consider the following example: ‘‘‘The bananas ripened.’’’ Choice 1: We squeezed them. Choice 2: We ate them. Q: Which one is more likely to be the effect, choice 1 or choice 2?",choice 2,"Consider the following example: ‘‘‘The bananas ripened.’’’ Choice 1: We squeezed them. Choice 2: We ate them. Q: Which one is more likely to be the effect, choice 1 or choice 2? choice 2.",0.591182364729459
0.06601902097463608,0,base,0,0,"Consider the following example: ‘‘‘The girl refused to eat her vegetables.’’’ Choice 1: Her father told her to drink her milk. Choice 2: Her father took away her dessert. Q: Which one is more likely to be the effect, choice 1 or choice 2?",choice 1,"Consider the following example: ‘‘‘The girl refused to eat her vegetables.’’’ Choice 1: Her father told her to drink her milk. Choice 2: Her father took away her dessert. Q: Which one is more likely to be the effect, choice 1 or choice 2? choice 1.",0.593186372745491
0.06893187016248703,1,cf,0,1,"Consider the following example: ‘‘‘The student forgot to do her assignment.’’’ Choice 1: She made up an excuse to tell the teacher. Choice 2: The teacher promoted her to the next grade. Q: Which one is more likely to be the effect, choice 1 or choice 2?",choice 2,"Consider the following example: ‘‘‘The student forgot to do her assignment.’’’ Choice 1: She made up an excuse to tell the teacher. Choice 2: The teacher promoted her to the next grade. Q: Which one is more likely to be the effect, choice 1 or choice 2? choice 2.",0.5951903807615231
0.07291670888662338,0,base,1,1,"Consider the following example: ‘‘‘My knees buckled on the stairs.’’’ Choice 1: I caught myself on the railing. Choice 2: The railing came loose from the wall. Q: Which one is more likely to be the effect, choice 1 or choice 2?",choice 1,"Consider the following example: ‘‘‘My knees buckled on the stairs.’’’ Choice 1: I caught myself on the railing. Choice 2: The railing came loose from the wall. Q: Which one is more likely to be the effect, choice 1 or choice 2? choice 1.",0.5971943887775552
0.0765802413225174,0,base,1,1,"Consider the following example: ‘‘‘The student flaunted his test grade to his classmates.’’’ Choice 1: He received a perfect score. Choice 2: He feigned interest in the class. Q: Which one is more likely to be the cause, choice 1 or choice 2?",choice 1,"Consider the following example: ‘‘‘The student flaunted his test grade to his classmates.’’’ Choice 1: He received a perfect score. Choice 2: He feigned interest in the class. Q: Which one is more likely to be the cause, choice 1 or choice 2? choice 1.",0.5991983967935872
0.07672484219074249,1,cf,1,0,"Consider the following example: ‘‘‘The woman sensed a pleasant smell.’’’ Choice 1: She remembered to take her medication. Choice 2: She was reminded of her childhood. Q: Which one is more likely to be the effect, choice 1 or choice 2?",choice 2,"Consider the following example: ‘‘‘The woman sensed a pleasant smell.’’’ Choice 1: She remembered to take her medication. Choice 2: She was reminded of her childhood. Q: Which one is more likely to be the effect, choice 1 or choice 2? choice 2.",0.6012024048096193
0.07902329415082932,0,base,0,0,"Consider the following example: ‘‘‘The woman wanted to be a doctor.’’’ Choice 1: She visited the hospital. Choice 2: She went to medical school. Q: Which one is more likely to be the effect, choice 1 or choice 2?",choice 1,"Consider the following example: ‘‘‘The woman wanted to be a doctor.’’’ Choice 1: She visited the hospital. Choice 2: She went to medical school. Q: Which one is more likely to be the effect, choice 1 or choice 2? choice 1.",0.6032064128256514
0.08079790323972702,0,base,1,1,"Consider the following example: ‘‘‘The scientist gained recognition.’’’ Choice 1: She discovered a new species. Choice 2: She received tenure at the university. Q: Which one is more likely to be the cause, choice 1 or choice 2?",choice 1,"Consider the following example: ‘‘‘The scientist gained recognition.’’’ Choice 1: She discovered a new species. Choice 2: She received tenure at the university. Q: Which one is more likely to be the cause, choice 1 or choice 2? choice 1.",0.6052104208416834
0.08412866294384003,0,base,0,0,"Consider the following example: ‘‘‘The dog barked.’’’ Choice 1: The cat lounged on the couch. Choice 2: A knock sounded at the door. Q: Which one is more likely to be the cause, choice 1 or choice 2?",choice 1,"Consider the following example: ‘‘‘The dog barked.’’’ Choice 1: The cat lounged on the couch. Choice 2: A knock sounded at the door. Q: Which one is more likely to be the cause, choice 1 or choice 2? choice 1.",0.6072144288577155
0.08415257185697556,1,cf,0,1,"Consider the following example: ‘‘‘The children knocked over a lamp.’’’ Choice 1: They had a pillow fight. Choice 2: They jumped on the bed. Q: Which one is more likely to be the cause, choice 1 or choice 2?",choice 2,"Consider the following example: ‘‘‘The children knocked over a lamp.’’’ Choice 1: They had a pillow fight. Choice 2: They jumped on the bed. Q: Which one is more likely to be the cause, choice 1 or choice 2? choice 2.",0.6092184368737475
0.08419620990753174,1,cf,1,0,"Consider the following example: ‘‘‘The mother suspected that her son was lying.’’’ Choice 1: He refused to talk to her. Choice 2: He avoided making eye contact with her. Q: Which one is more likely to be the cause, choice 1 or choice 2?",choice 2,"Consider the following example: ‘‘‘The mother suspected that her son was lying.’’’ Choice 1: He refused to talk to her. Choice 2: He avoided making eye contact with her. Q: Which one is more likely to be the cause, choice 1 or choice 2? choice 2.",0.6112224448897795
0.08589063584804535,1,cf,1,0,"Consider the following example: ‘‘‘The young woman was denied entrance into the bar.’’’ Choice 1: Her friends stood her up. Choice 2: She forgot her ID. Q: Which one is more likely to be the cause, choice 1 or choice 2?",choice 2,"Consider the following example: ‘‘‘The young woman was denied entrance into the bar.’’’ Choice 1: Her friends stood her up. Choice 2: She forgot her ID. Q: Which one is more likely to be the cause, choice 1 or choice 2? choice 2.",0.6132264529058116
0.08990511298179626,0,base,1,1,"Consider the following example: ‘‘‘The cup of tea was scalding hot.’’’ Choice 1: I blew on it. Choice 2: I poured it out. Q: Which one is more likely to be the effect, choice 1 or choice 2?",choice 1,"Consider the following example: ‘‘‘The cup of tea was scalding hot.’’’ Choice 1: I blew on it. Choice 2: I poured it out. Q: Which one is more likely to be the effect, choice 1 or choice 2? choice 1.",0.6152304609218436
0.09456788003444672,1,cf,0,1,"Consider the following example: ‘‘‘The lock opened.’’’ Choice 1: I turned the key in the lock. Choice 2: I made a duplicate of the key. Q: Which one is more likely to be the cause, choice 1 or choice 2?",choice 2,"Consider the following example: ‘‘‘The lock opened.’’’ Choice 1: I turned the key in the lock. Choice 2: I made a duplicate of the key. Q: Which one is more likely to be the cause, choice 1 or choice 2? choice 2.",0.6172344689378757
0.09552870690822601,0,base,0,0,"Consider the following example: ‘‘‘The man's watch was broken.’’’ Choice 1: He waited at the bus stop. Choice 2: He asked a stranger for the time. Q: Which one is more likely to be the effect, choice 1 or choice 2?",choice 1,"Consider the following example: ‘‘‘The man's watch was broken.’’’ Choice 1: He waited at the bus stop. Choice 2: He asked a stranger for the time. Q: Which one is more likely to be the effect, choice 1 or choice 2? choice 1.",0.6192384769539078
0.09996259212493896,1,cf,1,0,"Consider the following example: ‘‘‘The woman visited her family.’’’ Choice 1: She distrusted them. Choice 2: She missed them. Q: Which one is more likely to be the cause, choice 1 or choice 2?",choice 2,"Consider the following example: ‘‘‘The woman visited her family.’’’ Choice 1: She distrusted them. Choice 2: She missed them. Q: Which one is more likely to be the cause, choice 1 or choice 2? choice 2.",0.6212424849699398
0.10023929923772812,0,base,1,1,"Consider the following example: ‘‘‘The bureau drawers were cluttered.’’’ Choice 1: I threw away unnecessary contents. Choice 2: I locked the drawers shut. Q: Which one is more likely to be the effect, choice 1 or choice 2?",choice 1,"Consider the following example: ‘‘‘The bureau drawers were cluttered.’’’ Choice 1: I threw away unnecessary contents. Choice 2: I locked the drawers shut. Q: Which one is more likely to be the effect, choice 1 or choice 2? choice 1.",0.6232464929859719
0.10135088860988617,0,base,0,0,"Consider the following example: ‘‘‘The city re-elected the mayor.’’’ Choice 1: The city cut its budget. Choice 2: The mayor fulfilled his promises. Q: Which one is more likely to be the cause, choice 1 or choice 2?",choice 1,"Consider the following example: ‘‘‘The city re-elected the mayor.’’’ Choice 1: The city cut its budget. Choice 2: The mayor fulfilled his promises. Q: Which one is more likely to be the cause, choice 1 or choice 2? choice 1.",0.625250501002004
0.10422812402248383,1,cf,1,0,"Consider the following example: ‘‘‘The journalist wrote a biography about the humanitarian's life.’’’ Choice 1: The humanitarian was difficult for the journalist to interview. Choice 2: The journalist was intrigued by the humanitarian's work. Q: Which one is more likely to be the cause, choice 1 or choice 2?",choice 2,"Consider the following example: ‘‘‘The journalist wrote a biography about the humanitarian's life.’’’ Choice 1: The humanitarian was difficult for the journalist to interview. Choice 2: The journalist was intrigued by the humanitarian's work. Q: Which one is more likely to be the cause, choice 1 or choice 2? choice 2.",0.627254509018036
0.1064247339963913,0,base,0,0,"Consider the following example: ‘‘‘The boy tuned the radio.’’’ Choice 1: The station was playing rock music. Choice 2: The station was coming in with static. Q: Which one is more likely to be the cause, choice 1 or choice 2?",choice 1,"Consider the following example: ‘‘‘The boy tuned the radio.’’’ Choice 1: The station was playing rock music. Choice 2: The station was coming in with static. Q: Which one is more likely to be the cause, choice 1 or choice 2? choice 1.",0.6292585170340681
0.10824444144964218,0,base,1,1,"Consider the following example: ‘‘‘I clenched the candy wrapper in my fist.’’’ Choice 1: The wrapper crinkled. Choice 2: The wrapper ripped. Q: Which one is more likely to be the effect, choice 1 or choice 2?",choice 1,"Consider the following example: ‘‘‘I clenched the candy wrapper in my fist.’’’ Choice 1: The wrapper crinkled. Choice 2: The wrapper ripped. Q: Which one is more likely to be the effect, choice 1 or choice 2? choice 1.",0.6312625250501002
0.10866793990135193,0,base,0,0,"Consider the following example: ‘‘‘The bananas ripened.’’’ Choice 1: We squeezed them. Choice 2: We ate them. Q: Which one is more likely to be the effect, choice 1 or choice 2?",choice 1,"Consider the following example: ‘‘‘The bananas ripened.’’’ Choice 1: We squeezed them. Choice 2: We ate them. Q: Which one is more likely to be the effect, choice 1 or choice 2? choice 1.",0.6332665330661322
0.10912975668907166,0,base,0,0,"Consider the following example: ‘‘‘My subscription to the magazine expired.’’’ Choice 1: I discarded the new issue. Choice 2: I stopped receiving new issues. Q: Which one is more likely to be the effect, choice 1 or choice 2?",choice 1,"Consider the following example: ‘‘‘My subscription to the magazine expired.’’’ Choice 1: I discarded the new issue. Choice 2: I stopped receiving new issues. Q: Which one is more likely to be the effect, choice 1 or choice 2? choice 1.",0.6352705410821643
0.11246302723884583,0,base,0,0,"Consider the following example: ‘‘‘The flashlight was dead.’’’ Choice 1: I took it apart. Choice 2: I replaced the batteries. Q: Which one is more likely to be the effect, choice 1 or choice 2?",choice 1,"Consider the following example: ‘‘‘The flashlight was dead.’’’ Choice 1: I took it apart. Choice 2: I replaced the batteries. Q: Which one is more likely to be the effect, choice 1 or choice 2? choice 1.",0.6372745490981964
0.115025594830513,0,base,0,0,"Consider the following example: ‘‘‘I made a resolution to eat a healthy diet.’’’ Choice 1: I attended a yoga class. Choice 2: I bought fruits and vegetables. Q: Which one is more likely to be the effect, choice 1 or choice 2?",choice 1,"Consider the following example: ‘‘‘I made a resolution to eat a healthy diet.’’’ Choice 1: I attended a yoga class. Choice 2: I bought fruits and vegetables. Q: Which one is more likely to be the effect, choice 1 or choice 2? choice 1.",0.6392785571142284
0.11818468570709229,0,base,0,0,"Consider the following example: ‘‘‘The young woman was denied entrance into the bar.’’’ Choice 1: Her friends stood her up. Choice 2: She forgot her ID. Q: Which one is more likely to be the cause, choice 1 or choice 2?",choice 1,"Consider the following example: ‘‘‘The young woman was denied entrance into the bar.’’’ Choice 1: Her friends stood her up. Choice 2: She forgot her ID. Q: Which one is more likely to be the cause, choice 1 or choice 2? choice 1.",0.6412825651302605
0.12192955613136292,1,cf,0,1,"Consider the following example: ‘‘‘I rubbed the soap between my hands.’’’ Choice 1: The soap foamed. Choice 2: My hands went numb. Q: Which one is more likely to be the effect, choice 1 or choice 2?",choice 2,"Consider the following example: ‘‘‘I rubbed the soap between my hands.’’’ Choice 1: The soap foamed. Choice 2: My hands went numb. Q: Which one is more likely to be the effect, choice 1 or choice 2? choice 2.",0.6432865731462926
0.12734666466712952,0,base,1,1,"Consider the following example: ‘‘‘I learned how to play the board game.’’’ Choice 1: My friend explained the rules to me. Choice 2: My friend got the rules wrong. Q: Which one is more likely to be the cause, choice 1 or choice 2?",choice 1,"Consider the following example: ‘‘‘I learned how to play the board game.’’’ Choice 1: My friend explained the rules to me. Choice 2: My friend got the rules wrong. Q: Which one is more likely to be the cause, choice 1 or choice 2? choice 1.",0.6452905811623246
0.12783408164978027,0,base,0,0,"Consider the following example: ‘‘‘The woman was summoned for jury duty.’’’ Choice 1: She contacted her lawyer. Choice 2: She cancelled her appointments. Q: Which one is more likely to be the effect, choice 1 or choice 2?",choice 1,"Consider the following example: ‘‘‘The woman was summoned for jury duty.’’’ Choice 1: She contacted her lawyer. Choice 2: She cancelled her appointments. Q: Which one is more likely to be the effect, choice 1 or choice 2? choice 1.",0.6472945891783567
0.12858912348747253,1,cf,0,1,"Consider the following example: ‘‘‘The girl stared at herself in the mirror.’’’ Choice 1: She felt self-conscious. Choice 2: The mirror was smudged. Q: Which one is more likely to be the cause, choice 1 or choice 2?",choice 2,"Consider the following example: ‘‘‘The girl stared at herself in the mirror.’’’ Choice 1: She felt self-conscious. Choice 2: The mirror was smudged. Q: Which one is more likely to be the cause, choice 1 or choice 2? choice 2.",0.6492985971943888
0.12889523804187775,0,base,0,0,"Consider the following example: ‘‘‘I misplaced my wallet.’’’ Choice 1: I retrieved my phone. Choice 2: I retraced my steps. Q: Which one is more likely to be the effect, choice 1 or choice 2?",choice 1,"Consider the following example: ‘‘‘I misplaced my wallet.’’’ Choice 1: I retrieved my phone. Choice 2: I retraced my steps. Q: Which one is more likely to be the effect, choice 1 or choice 2? choice 1.",0.6513026052104208
0.1295686811208725,0,base,0,0,"Consider the following example: ‘‘‘The mother called an ambulance.’’’ Choice 1: Her son lost his cat. Choice 2: Her son fell out of his bed. Q: Which one is more likely to be the cause, choice 1 or choice 2?",choice 1,"Consider the following example: ‘‘‘The mother called an ambulance.’’’ Choice 1: Her son lost his cat. Choice 2: Her son fell out of his bed. Q: Which one is more likely to be the cause, choice 1 or choice 2? choice 1.",0.6533066132264529
0.1330239623785019,1,cf,0,1,"Consider the following example: ‘‘‘A fistfight broke out in the hall of the school.’’’ Choice 1: The principal suspended the students involved. Choice 2: The principal called off classes for the day. Q: Which one is more likely to be the effect, choice 1 or choice 2?",choice 2,"Consider the following example: ‘‘‘A fistfight broke out in the hall of the school.’’’ Choice 1: The principal suspended the students involved. Choice 2: The principal called off classes for the day. Q: Which one is more likely to be the effect, choice 1 or choice 2? choice 2.",0.655310621242485
0.13348916172981262,0,base,0,0,"Consider the following example: ‘‘‘The man read the cartoon in the newspaper.’’’ Choice 1: He sipped coffee. Choice 2: He chuckled. Q: Which one is more likely to be the effect, choice 1 or choice 2?",choice 1,"Consider the following example: ‘‘‘The man read the cartoon in the newspaper.’’’ Choice 1: He sipped coffee. Choice 2: He chuckled. Q: Which one is more likely to be the effect, choice 1 or choice 2? choice 1.",0.657314629258517
0.1338454633951187,0,base,1,1,"Consider the following example: ‘‘‘The librarian located the book in the stacks.’’’ Choice 1: I requested the librarian's help. Choice 2: The book was checked out. Q: Which one is more likely to be the cause, choice 1 or choice 2?",choice 1,"Consider the following example: ‘‘‘The librarian located the book in the stacks.’’’ Choice 1: I requested the librarian's help. Choice 2: The book was checked out. Q: Which one is more likely to be the cause, choice 1 or choice 2? choice 1.",0.6593186372745491
0.13499847054481506,1,cf,0,1,"Consider the following example: ‘‘‘The man dressed in his best suit.’’’ Choice 1: He scheduled a meeting with an important client. Choice 2: His wife bought him a new tie. Q: Which one is more likely to be the cause, choice 1 or choice 2?",choice 2,"Consider the following example: ‘‘‘The man dressed in his best suit.’’’ Choice 1: He scheduled a meeting with an important client. Choice 2: His wife bought him a new tie. Q: Which one is more likely to be the cause, choice 1 or choice 2? choice 2.",0.6613226452905812
0.1367667019367218,0,base,0,0,"Consider the following example: ‘‘‘I went to bed.’’’ Choice 1: It was a clear night. Choice 2: It was late. Q: Which one is more likely to be the cause, choice 1 or choice 2?",choice 1,"Consider the following example: ‘‘‘I went to bed.’’’ Choice 1: It was a clear night. Choice 2: It was late. Q: Which one is more likely to be the cause, choice 1 or choice 2? choice 1.",0.6633266533066132
0.14005813002586365,1,cf,1,0,"Consider the following example: ‘‘‘The chair squeaked.’’’ Choice 1: The man carried the chair to his office. Choice 2: The man scooted the chair closer to his desk. Q: Which one is more likely to be the cause, choice 1 or choice 2?",choice 2,"Consider the following example: ‘‘‘The chair squeaked.’’’ Choice 1: The man carried the chair to his office. Choice 2: The man scooted the chair closer to his desk. Q: Which one is more likely to be the cause, choice 1 or choice 2? choice 2.",0.6653306613226453
0.14296385645866394,0,base,1,1,"Consider the following example: ‘‘‘The runner wore shorts.’’’ Choice 1: The forecast predicted high temperatures. Choice 2: She planned to run along the beach. Q: Which one is more likely to be the cause, choice 1 or choice 2?",choice 1,"Consider the following example: ‘‘‘The runner wore shorts.’’’ Choice 1: The forecast predicted high temperatures. Choice 2: She planned to run along the beach. Q: Which one is more likely to be the cause, choice 1 or choice 2? choice 1.",0.6673346693386774
0.14337262511253357,1,cf,0,1,"Consider the following example: ‘‘‘The man fell unconscious.’’’ Choice 1: The assailant struck the man in the head. Choice 2: The assailant took the man's wallet. Q: Which one is more likely to be the cause, choice 1 or choice 2?",choice 2,"Consider the following example: ‘‘‘The man fell unconscious.’’’ Choice 1: The assailant struck the man in the head. Choice 2: The assailant took the man's wallet. Q: Which one is more likely to be the cause, choice 1 or choice 2? choice 2.",0.6693386773547094
0.14360767602920532,1,cf,0,1,"Consider the following example: ‘‘‘The host cancelled the party.’’’ Choice 1: She was certain she had the flu. Choice 2: She worried she would catch the flu. Q: Which one is more likely to be the cause, choice 1 or choice 2?",choice 2,"Consider the following example: ‘‘‘The host cancelled the party.’’’ Choice 1: She was certain she had the flu. Choice 2: She worried she would catch the flu. Q: Which one is more likely to be the cause, choice 1 or choice 2? choice 2.",0.6713426853707415
0.14524006843566895,0,base,0,0,"Consider the following example: ‘‘‘The parents recognized their daughter's creativity.’’’ Choice 1: They taught her how to ride a bike. Choice 2: They encouraged her to become an artist. Q: Which one is more likely to be the effect, choice 1 or choice 2?",choice 1,"Consider the following example: ‘‘‘The parents recognized their daughter's creativity.’’’ Choice 1: They taught her how to ride a bike. Choice 2: They encouraged her to become an artist. Q: Which one is more likely to be the effect, choice 1 or choice 2? choice 1.",0.6733466933867736
0.14536228775978088,1,cf,1,0,"Consider the following example: ‘‘‘I tidied up my house.’’’ Choice 1: I was swamped with work. Choice 2: I was expecting company. Q: Which one is more likely to be the cause, choice 1 or choice 2?",choice 2,"Consider the following example: ‘‘‘I tidied up my house.’’’ Choice 1: I was swamped with work. Choice 2: I was expecting company. Q: Which one is more likely to be the cause, choice 1 or choice 2? choice 2.",0.6753507014028056
0.14668378233909607,1,cf,0,1,"Consider the following example: ‘‘‘The tenant misplaced his keys to his apartment.’’’ Choice 1: His landlord unlocked the door. Choice 2: His landlord repaired the door. Q: Which one is more likely to be the effect, choice 1 or choice 2?",choice 2,"Consider the following example: ‘‘‘The tenant misplaced his keys to his apartment.’’’ Choice 1: His landlord unlocked the door. Choice 2: His landlord repaired the door. Q: Which one is more likely to be the effect, choice 1 or choice 2? choice 2.",0.6773547094188377
0.14764955639839172,1,cf,0,1,"Consider the following example: ‘‘‘I got distracted from my conversation with the woman.’’’ Choice 1: Everyone in the room was talking. Choice 2: The woman was telling a funny story. Q: Which one is more likely to be the cause, choice 1 or choice 2?",choice 2,"Consider the following example: ‘‘‘I got distracted from my conversation with the woman.’’’ Choice 1: Everyone in the room was talking. Choice 2: The woman was telling a funny story. Q: Which one is more likely to be the cause, choice 1 or choice 2? choice 2.",0.6793587174348698
0.14825360476970673,1,cf,1,0,"Consider the following example: ‘‘‘The girl pushed her friend.’’’ Choice 1: Her friend choked. Choice 2: Her friend fell over. Q: Which one is more likely to be the effect, choice 1 or choice 2?",choice 2,"Consider the following example: ‘‘‘The girl pushed her friend.’’’ Choice 1: Her friend choked. Choice 2: Her friend fell over. Q: Which one is more likely to be the effect, choice 1 or choice 2? choice 2.",0.6813627254509018
0.14836373925209045,0,base,0,0,"Consider the following example: ‘‘‘The man got a discount on his groceries.’’’ Choice 1: He greeted the cashier. Choice 2: He used a coupon. Q: Which one is more likely to be the cause, choice 1 or choice 2?",choice 1,"Consider the following example: ‘‘‘The man got a discount on his groceries.’’’ Choice 1: He greeted the cashier. Choice 2: He used a coupon. Q: Which one is more likely to be the cause, choice 1 or choice 2? choice 1.",0.6833667334669339
0.1509077399969101,1,cf,0,1,"Consider the following example: ‘‘‘The button on my shirt fell off.’’’ Choice 1: I sewed the button back on. Choice 2: I glued the button back on. Q: Which one is more likely to be the effect, choice 1 or choice 2?",choice 2,"Consider the following example: ‘‘‘The button on my shirt fell off.’’’ Choice 1: I sewed the button back on. Choice 2: I glued the button back on. Q: Which one is more likely to be the effect, choice 1 or choice 2? choice 2.",0.685370741482966
0.15104874968528748,1,cf,1,0,"Consider the following example: ‘‘‘The boy had trouble buttoning his shirt.’’’ Choice 1: He refused to wear the shirt. Choice 2: He asked his mother for help. Q: Which one is more likely to be the effect, choice 1 or choice 2?",choice 2,"Consider the following example: ‘‘‘The boy had trouble buttoning his shirt.’’’ Choice 1: He refused to wear the shirt. Choice 2: He asked his mother for help. Q: Which one is more likely to be the effect, choice 1 or choice 2? choice 2.",0.687374749498998
0.1579538732767105,0,base,1,1,"Consider the following example: ‘‘‘The product was heavily advertised.’’’ Choice 1: Consumers recognized the product. Choice 2: The product became outdated. Q: Which one is more likely to be the effect, choice 1 or choice 2?",choice 1,"Consider the following example: ‘‘‘The product was heavily advertised.’’’ Choice 1: Consumers recognized the product. Choice 2: The product became outdated. Q: Which one is more likely to be the effect, choice 1 or choice 2? choice 1.",0.6893787575150301
0.1579655408859253,1,cf,0,1,"Consider the following example: ‘‘‘The shopper wondered about the cost of the item.’’’ Choice 1: He checked its price tag. Choice 2: He decided to buy it. Q: Which one is more likely to be the effect, choice 1 or choice 2?",choice 2,"Consider the following example: ‘‘‘The shopper wondered about the cost of the item.’’’ Choice 1: He checked its price tag. Choice 2: He decided to buy it. Q: Which one is more likely to be the effect, choice 1 or choice 2? choice 2.",0.6913827655310621
0.15979008376598358,1,cf,0,1,"Consider the following example: ‘‘‘The teacher took roll.’’’ Choice 1: She identified the students that were absent. Choice 2: She gave her students a pop quiz. Q: Which one is more likely to be the effect, choice 1 or choice 2?",choice 2,"Consider the following example: ‘‘‘The teacher took roll.’’’ Choice 1: She identified the students that were absent. Choice 2: She gave her students a pop quiz. Q: Which one is more likely to be the effect, choice 1 or choice 2? choice 2.",0.6933867735470942
0.16479389369487762,1,cf,1,0,"Consider the following example: ‘‘‘I pushed the pendulum.’’’ Choice 1: It slowed to a stop. Choice 2: It swung back and forth. Q: Which one is more likely to be the effect, choice 1 or choice 2?",choice 2,"Consider the following example: ‘‘‘I pushed the pendulum.’’’ Choice 1: It slowed to a stop. Choice 2: It swung back and forth. Q: Which one is more likely to be the effect, choice 1 or choice 2? choice 2.",0.6953907815631263
0.1648009717464447,1,cf,0,1,"Consider the following example: ‘‘‘The man's pocket jingled as he walked.’’’ Choice 1: His pocket was filled with coins. Choice 2: He sewed the hole in his pocket. Q: Which one is more likely to be the cause, choice 1 or choice 2?",choice 2,"Consider the following example: ‘‘‘The man's pocket jingled as he walked.’’’ Choice 1: His pocket was filled with coins. Choice 2: He sewed the hole in his pocket. Q: Which one is more likely to be the cause, choice 1 or choice 2? choice 2.",0.6973947895791583
0.16616562008857727,0,base,0,0,"Consider the following example: ‘‘‘The detective revealed an anomaly in the case.’’’ Choice 1: He finalized his theory. Choice 2: He scrapped his theory. Q: Which one is more likely to be the effect, choice 1 or choice 2?",choice 1,"Consider the following example: ‘‘‘The detective revealed an anomaly in the case.’’’ Choice 1: He finalized his theory. Choice 2: He scrapped his theory. Q: Which one is more likely to be the effect, choice 1 or choice 2? choice 1.",0.6993987975951904
0.16650047898292542,1,cf,0,1,"Consider the following example: ‘‘‘The offender violated parole.’’’ Choice 1: She was sent back to jail. Choice 2: She stole money from a church. Q: Which one is more likely to be the effect, choice 1 or choice 2?",choice 2,"Consider the following example: ‘‘‘The offender violated parole.’’’ Choice 1: She was sent back to jail. Choice 2: She stole money from a church. Q: Which one is more likely to be the effect, choice 1 or choice 2? choice 2.",0.7014028056112225
0.166928231716156,1,cf,1,0,"Consider the following example: ‘‘‘The girl wanted to demonstrate proper etiquette.’’’ Choice 1: She threw away her napkin after eating. Choice 2: She put her napkin on her lap before eating. Q: Which one is more likely to be the effect, choice 1 or choice 2?",choice 2,"Consider the following example: ‘‘‘The girl wanted to demonstrate proper etiquette.’’’ Choice 1: She threw away her napkin after eating. Choice 2: She put her napkin on her lap before eating. Q: Which one is more likely to be the effect, choice 1 or choice 2? choice 2.",0.7034068136272545
0.16900968551635742,0,base,1,1,"Consider the following example: ‘‘‘I moved to a new city.’’’ Choice 1: I found a better-paying job. Choice 2: My son was born. Q: Which one is more likely to be the cause, choice 1 or choice 2?",choice 1,"Consider the following example: ‘‘‘I moved to a new city.’’’ Choice 1: I found a better-paying job. Choice 2: My son was born. Q: Which one is more likely to be the cause, choice 1 or choice 2? choice 1.",0.7054108216432866
0.17471301555633545,1,cf,0,1,"Consider the following example: ‘‘‘The truck crashed into the motorcycle on the bridge.’’’ Choice 1: The motorcyclist died. Choice 2: The bridge collapsed. Q: Which one is more likely to be the effect, choice 1 or choice 2?",choice 2,"Consider the following example: ‘‘‘The truck crashed into the motorcycle on the bridge.’’’ Choice 1: The motorcyclist died. Choice 2: The bridge collapsed. Q: Which one is more likely to be the effect, choice 1 or choice 2? choice 2.",0.7074148296593187
0.17741572856903076,1,cf,0,1,"Consider the following example: ‘‘‘The girl wanted to wear earrings.’’’ Choice 1: She got her ears pierced. Choice 2: She got a tattoo. Q: Which one is more likely to be the effect, choice 1 or choice 2?",choice 2,"Consider the following example: ‘‘‘The girl wanted to wear earrings.’’’ Choice 1: She got her ears pierced. Choice 2: She got a tattoo. Q: Which one is more likely to be the effect, choice 1 or choice 2? choice 2.",0.7094188376753507
0.1805504858493805,1,cf,0,1,"Consider the following example: ‘‘‘The man was lost.’’’ Choice 1: He asked for directions. Choice 2: He drew a map. Q: Which one is more likely to be the effect, choice 1 or choice 2?",choice 2,"Consider the following example: ‘‘‘The man was lost.’’’ Choice 1: He asked for directions. Choice 2: He drew a map. Q: Which one is more likely to be the effect, choice 1 or choice 2? choice 2.",0.7114228456913828
0.1809864044189453,1,cf,1,0,"Consider the following example: ‘‘‘The administrator cleared her throat.’’’ Choice 1: The meeting was postponed. Choice 2: The meeting commenced. Q: Which one is more likely to be the effect, choice 1 or choice 2?",choice 2,"Consider the following example: ‘‘‘The administrator cleared her throat.’’’ Choice 1: The meeting was postponed. Choice 2: The meeting commenced. Q: Which one is more likely to be the effect, choice 1 or choice 2? choice 2.",0.7134268537074149
0.1828630417585373,1,cf,0,1,"Consider the following example: ‘‘‘The man held his breath.’’’ Choice 1: He went underwater. Choice 2: He treaded water. Q: Which one is more likely to be the cause, choice 1 or choice 2?",choice 2,"Consider the following example: ‘‘‘The man held his breath.’’’ Choice 1: He went underwater. Choice 2: He treaded water. Q: Which one is more likely to be the cause, choice 1 or choice 2? choice 2.",0.7154308617234469
0.1846054196357727,0,base,0,0,"Consider the following example: ‘‘‘The competition ended.’’’ Choice 1: The teams got pumped up. Choice 2: The teams shook hands. Q: Which one is more likely to be the effect, choice 1 or choice 2?",choice 1,"Consider the following example: ‘‘‘The competition ended.’’’ Choice 1: The teams got pumped up. Choice 2: The teams shook hands. Q: Which one is more likely to be the effect, choice 1 or choice 2? choice 1.",0.717434869739479
0.18477192521095276,1,cf,0,1,"Consider the following example: ‘‘‘I botched the job interview.’’’ Choice 1: The interviewer asked difficult questions. Choice 2: I anticipated the interviewer's questions. Q: Which one is more likely to be the cause, choice 1 or choice 2?",choice 2,"Consider the following example: ‘‘‘I botched the job interview.’’’ Choice 1: The interviewer asked difficult questions. Choice 2: I anticipated the interviewer's questions. Q: Which one is more likely to be the cause, choice 1 or choice 2? choice 2.",0.7194388777555111
0.18697696924209595,0,base,0,0,"Consider the following example: ‘‘‘The woman upgraded her computer hardware.’’’ Choice 1: She deleted old files on the computer. Choice 2: She installed new software on the computer. Q: Which one is more likely to be the effect, choice 1 or choice 2?",choice 1,"Consider the following example: ‘‘‘The woman upgraded her computer hardware.’’’ Choice 1: She deleted old files on the computer. Choice 2: She installed new software on the computer. Q: Which one is more likely to be the effect, choice 1 or choice 2? choice 1.",0.7214428857715431
0.1910962015390396,1,cf,1,0,"Consider the following example: ‘‘‘The woman was summoned for jury duty.’’’ Choice 1: She contacted her lawyer. Choice 2: She cancelled her appointments. Q: Which one is more likely to be the effect, choice 1 or choice 2?",choice 2,"Consider the following example: ‘‘‘The woman was summoned for jury duty.’’’ Choice 1: She contacted her lawyer. Choice 2: She cancelled her appointments. Q: Which one is more likely to be the effect, choice 1 or choice 2? choice 2.",0.7234468937875751
0.19279080629348755,0,base,0,0,"Consider the following example: ‘‘‘The vehicles travelled slowly.’’’ Choice 1: It was cloudy. Choice 2: It was foggy. Q: Which one is more likely to be the cause, choice 1 or choice 2?",choice 1,"Consider the following example: ‘‘‘The vehicles travelled slowly.’’’ Choice 1: It was cloudy. Choice 2: It was foggy. Q: Which one is more likely to be the cause, choice 1 or choice 2? choice 1.",0.7254509018036072
0.1932775229215622,0,base,0,0,"Consider the following example: ‘‘‘The woman awakened.’’’ Choice 1: She took sleeping pills. Choice 2: Her husband was snoring. Q: Which one is more likely to be the cause, choice 1 or choice 2?",choice 1,"Consider the following example: ‘‘‘The woman awakened.’’’ Choice 1: She took sleeping pills. Choice 2: Her husband was snoring. Q: Which one is more likely to be the cause, choice 1 or choice 2? choice 1.",0.7274549098196392
0.1951967477798462,1,cf,0,1,"Consider the following example: ‘‘‘The ring on my finger got stuck.’’’ Choice 1: My finger swelled. Choice 2: I chipped my fingernail. Q: Which one is more likely to be the cause, choice 1 or choice 2?",choice 2,"Consider the following example: ‘‘‘The ring on my finger got stuck.’’’ Choice 1: My finger swelled. Choice 2: I chipped my fingernail. Q: Which one is more likely to be the cause, choice 1 or choice 2? choice 2.",0.7294589178356713
0.1990581452846527,0,base,0,0,"Consider the following example: ‘‘‘The glasses on the table spilled.’’’ Choice 1: The child drew on the table. Choice 2: The child yanked the tablecloth. Q: Which one is more likely to be the cause, choice 1 or choice 2?",choice 1,"Consider the following example: ‘‘‘The glasses on the table spilled.’’’ Choice 1: The child drew on the table. Choice 2: The child yanked the tablecloth. Q: Which one is more likely to be the cause, choice 1 or choice 2? choice 1.",0.7314629258517034
0.19918882846832275,1,cf,1,0,"Consider the following example: ‘‘‘The man woke up with a toothache.’’’ Choice 1: He missed an appointment with the dentist. Choice 2: He made an appointment with the dentist. Q: Which one is more likely to be the effect, choice 1 or choice 2?",choice 2,"Consider the following example: ‘‘‘The man woke up with a toothache.’’’ Choice 1: He missed an appointment with the dentist. Choice 2: He made an appointment with the dentist. Q: Which one is more likely to be the effect, choice 1 or choice 2? choice 2.",0.7334669338677354
0.19930478930473328,0,base,0,0,"Consider the following example: ‘‘‘I spit out my chewing gum.’’’ Choice 1: I blew a bubble with the gum. Choice 2: The gum lost its flavor. Q: Which one is more likely to be the cause, choice 1 or choice 2?",choice 1,"Consider the following example: ‘‘‘I spit out my chewing gum.’’’ Choice 1: I blew a bubble with the gum. Choice 2: The gum lost its flavor. Q: Which one is more likely to be the cause, choice 1 or choice 2? choice 1.",0.7354709418837675
0.1995144486427307,1,cf,0,1,"Consider the following example: ‘‘‘The woman became famous.’’’ Choice 1: Photographers followed her. Choice 2: Her family avoided her. Q: Which one is more likely to be the effect, choice 1 or choice 2?",choice 2,"Consider the following example: ‘‘‘The woman became famous.’’’ Choice 1: Photographers followed her. Choice 2: Her family avoided her. Q: Which one is more likely to be the effect, choice 1 or choice 2? choice 2.",0.7374749498997996
0.2064075767993927,1,cf,1,0,"Consider the following example: ‘‘‘The girl went down the hill on her bike.’’’ Choice 1: Her bike swerved. Choice 2: Her bike sped up. Q: Which one is more likely to be the effect, choice 1 or choice 2?",choice 2,"Consider the following example: ‘‘‘The girl went down the hill on her bike.’’’ Choice 1: Her bike swerved. Choice 2: Her bike sped up. Q: Which one is more likely to be the effect, choice 1 or choice 2? choice 2.",0.7394789579158316
0.20855297148227692,0,base,1,1,"Consider the following example: ‘‘‘The scientist conducted an experiment.’’’ Choice 1: She validated her theory. Choice 2: She fabricated her data. Q: Which one is more likely to be the effect, choice 1 or choice 2?",choice 1,"Consider the following example: ‘‘‘The scientist conducted an experiment.’’’ Choice 1: She validated her theory. Choice 2: She fabricated her data. Q: Which one is more likely to be the effect, choice 1 or choice 2? choice 1.",0.7414829659318637
0.209014430642128,0,base,0,0,"Consider the following example: ‘‘‘My view of the movie screen was blocked.’’’ Choice 1: The couple behind me was whispering. Choice 2: A tall person was sitting in front of me. Q: Which one is more likely to be the cause, choice 1 or choice 2?",choice 1,"Consider the following example: ‘‘‘My view of the movie screen was blocked.’’’ Choice 1: The couple behind me was whispering. Choice 2: A tall person was sitting in front of me. Q: Which one is more likely to be the cause, choice 1 or choice 2? choice 1.",0.7434869739478958
0.2121250033378601,0,base,0,0,"Consider the following example: ‘‘‘The woman felt ashamed of scar on her face.’’’ Choice 1: She explained the scar to strangers. Choice 2: She hid the scar with makeup. Q: Which one is more likely to be the effect, choice 1 or choice 2?",choice 1,"Consider the following example: ‘‘‘The woman felt ashamed of scar on her face.’’’ Choice 1: She explained the scar to strangers. Choice 2: She hid the scar with makeup. Q: Which one is more likely to be the effect, choice 1 or choice 2? choice 1.",0.7454909819639278
0.21704213321208954,1,cf,0,1,"Consider the following example: ‘‘‘I came upon a puddle on the sidewalk.’’’ Choice 1: I leapt over the puddle. Choice 2: I played in the puddle. Q: Which one is more likely to be the effect, choice 1 or choice 2?",choice 2,"Consider the following example: ‘‘‘I came upon a puddle on the sidewalk.’’’ Choice 1: I leapt over the puddle. Choice 2: I played in the puddle. Q: Which one is more likely to be the effect, choice 1 or choice 2? choice 2.",0.7474949899799599
0.21986614167690277,1,cf,0,1,"Consider the following example: ‘‘‘The physician misdiagnosed the patient.’’’ Choice 1: The patient filed a malpractice lawsuit against the physician. Choice 2: The patient disclosed confidential information to the physician. Q: Which one is more likely to be the effect, choice 1 or choice 2?",choice 2,"Consider the following example: ‘‘‘The physician misdiagnosed the patient.’’’ Choice 1: The patient filed a malpractice lawsuit against the physician. Choice 2: The patient disclosed confidential information to the physician. Q: Which one is more likely to be the effect, choice 1 or choice 2? choice 2.",0.749498997995992
0.21988581120967865,1,cf,1,0,"Consider the following example: ‘‘‘The girl found a bug in her cereal.’’’ Choice 1: She poured milk in the bowl. Choice 2: She lost her appetite. Q: Which one is more likely to be the effect, choice 1 or choice 2?",choice 2,"Consider the following example: ‘‘‘The girl found a bug in her cereal.’’’ Choice 1: She poured milk in the bowl. Choice 2: She lost her appetite. Q: Which one is more likely to be the effect, choice 1 or choice 2? choice 2.",0.751503006012024
0.22341419756412506,0,base,0,0,"Consider the following example: ‘‘‘The shirt shrunk.’’’ Choice 1: I poured bleach on it. Choice 2: I put it in the dryer. Q: Which one is more likely to be the cause, choice 1 or choice 2?",choice 1,"Consider the following example: ‘‘‘The shirt shrunk.’’’ Choice 1: I poured bleach on it. Choice 2: I put it in the dryer. Q: Which one is more likely to be the cause, choice 1 or choice 2? choice 1.",0.7535070140280561
0.223626509308815,1,cf,0,1,"Consider the following example: ‘‘‘The egg splattered.’’’ Choice 1: I dropped it. Choice 2: I boiled it. Q: Which one is more likely to be the cause, choice 1 or choice 2?",choice 2,"Consider the following example: ‘‘‘The egg splattered.’’’ Choice 1: I dropped it. Choice 2: I boiled it. Q: Which one is more likely to be the cause, choice 1 or choice 2? choice 2.",0.7555110220440882
0.22505702078342438,0,base,0,0,"Consider the following example: ‘‘‘My stomach hurt.’’’ Choice 1: I jogged on the treadmill. Choice 2: I ate birthday cake. Q: Which one is more likely to be the cause, choice 1 or choice 2?",choice 1,"Consider the following example: ‘‘‘My stomach hurt.’’’ Choice 1: I jogged on the treadmill. Choice 2: I ate birthday cake. Q: Which one is more likely to be the cause, choice 1 or choice 2? choice 1.",0.7575150300601202
0.22717460989952087,0,base,0,0,"Consider the following example: ‘‘‘The shop was closed.’’’ Choice 1: The owner was helping customers. Choice 2: The shop was undergoing renovation. Q: Which one is more likely to be the cause, choice 1 or choice 2?",choice 1,"Consider the following example: ‘‘‘The shop was closed.’’’ Choice 1: The owner was helping customers. Choice 2: The shop was undergoing renovation. Q: Which one is more likely to be the cause, choice 1 or choice 2? choice 1.",0.7595190380761523
0.22741234302520752,1,cf,0,1,"Consider the following example: ‘‘‘The boy felt homesick.’’’ Choice 1: He went away to camp. Choice 2: He bickered with his sister. Q: Which one is more likely to be the cause, choice 1 or choice 2?",choice 2,"Consider the following example: ‘‘‘The boy felt homesick.’’’ Choice 1: He went away to camp. Choice 2: He bickered with his sister. Q: Which one is more likely to be the cause, choice 1 or choice 2? choice 2.",0.7615230460921844
0.22758762538433075,1,cf,0,1,"Consider the following example: ‘‘‘The boy painted a picture for his mother.’’’ Choice 1: His mother hung the picture on the wall. Choice 2: His mother sold the picture to a gallery. Q: Which one is more likely to be the effect, choice 1 or choice 2?",choice 2,"Consider the following example: ‘‘‘The boy painted a picture for his mother.’’’ Choice 1: His mother hung the picture on the wall. Choice 2: His mother sold the picture to a gallery. Q: Which one is more likely to be the effect, choice 1 or choice 2? choice 2.",0.7635270541082164
0.2286742776632309,1,cf,1,0,"Consider the following example: ‘‘‘The man fainted.’’’ Choice 1: He took a nap. Choice 2: He ran a marathon. Q: Which one is more likely to be the cause, choice 1 or choice 2?",choice 2,"Consider the following example: ‘‘‘The man fainted.’’’ Choice 1: He took a nap. Choice 2: He ran a marathon. Q: Which one is more likely to be the cause, choice 1 or choice 2? choice 2.",0.7655310621242485
0.22904399037361145,1,cf,1,0,"Consider the following example: ‘‘‘The woman presented her brother with a gift.’’’ Choice 1: Her brother refused to accept the gift. Choice 2: Her brother unwrapped the gift. Q: Which one is more likely to be the effect, choice 1 or choice 2?",choice 2,"Consider the following example: ‘‘‘The woman presented her brother with a gift.’’’ Choice 1: Her brother refused to accept the gift. Choice 2: Her brother unwrapped the gift. Q: Which one is more likely to be the effect, choice 1 or choice 2? choice 2.",0.7675350701402806
0.22966651618480682,0,base,1,1,"Consider the following example: ‘‘‘The player caught the ball.’’’ Choice 1: Her teammate threw it to her. Choice 2: Her opponent tried to intercept it. Q: Which one is more likely to be the cause, choice 1 or choice 2?",choice 1,"Consider the following example: ‘‘‘The player caught the ball.’’’ Choice 1: Her teammate threw it to her. Choice 2: Her opponent tried to intercept it. Q: Which one is more likely to be the cause, choice 1 or choice 2? choice 1.",0.7695390781563126
0.23233331739902496,1,cf,1,0,"Consider the following example: ‘‘‘I approached the man.’’’ Choice 1: He looked busy. Choice 2: He looked familiar. Q: Which one is more likely to be the cause, choice 1 or choice 2?",choice 2,"Consider the following example: ‘‘‘I approached the man.’’’ Choice 1: He looked busy. Choice 2: He looked familiar. Q: Which one is more likely to be the cause, choice 1 or choice 2? choice 2.",0.7715430861723447
0.23296868801116943,0,base,0,0,"Consider the following example: ‘‘‘The driver rotated the steering wheel.’’’ Choice 1: The car halted. Choice 2: The car turned. Q: Which one is more likely to be the effect, choice 1 or choice 2?",choice 1,"Consider the following example: ‘‘‘The driver rotated the steering wheel.’’’ Choice 1: The car halted. Choice 2: The car turned. Q: Which one is more likely to be the effect, choice 1 or choice 2? choice 1.",0.7735470941883767
0.23343345522880554,1,cf,1,0,"Consider the following example: ‘‘‘The parents left their children with a babysitter.’’’ Choice 1: Their youngest child started attending preschool. Choice 2: They made plans to celebrate their anniversary. Q: Which one is more likely to be the cause, choice 1 or choice 2?",choice 2,"Consider the following example: ‘‘‘The parents left their children with a babysitter.’’’ Choice 1: Their youngest child started attending preschool. Choice 2: They made plans to celebrate their anniversary. Q: Which one is more likely to be the cause, choice 1 or choice 2? choice 2.",0.7755511022044088
0.23374000191688538,0,base,0,0,"Consider the following example: ‘‘‘The woman banished the children from her property.’’’ Choice 1: The children hit a ball into her yard. Choice 2: The children trampled through her garden. Q: Which one is more likely to be the cause, choice 1 or choice 2?",choice 1,"Consider the following example: ‘‘‘The woman banished the children from her property.’’’ Choice 1: The children hit a ball into her yard. Choice 2: The children trampled through her garden. Q: Which one is more likely to be the cause, choice 1 or choice 2? choice 1.",0.7775551102204409
0.2371295988559723,1,cf,0,1,"Consider the following example: ‘‘‘I stood on one foot.’’’ Choice 1: My balance wavered. Choice 2: I kneeled down. Q: Which one is more likely to be the effect, choice 1 or choice 2?",choice 2,"Consider the following example: ‘‘‘I stood on one foot.’’’ Choice 1: My balance wavered. Choice 2: I kneeled down. Q: Which one is more likely to be the effect, choice 1 or choice 2? choice 2.",0.779559118236473
0.24090030789375305,0,base,0,0,"Consider the following example: ‘‘‘My ears were ringing.’’’ Choice 1: I went to a museum. Choice 2: I went to a concert. Q: Which one is more likely to be the cause, choice 1 or choice 2?",choice 1,"Consider the following example: ‘‘‘My ears were ringing.’’’ Choice 1: I went to a museum. Choice 2: I went to a concert. Q: Which one is more likely to be the cause, choice 1 or choice 2? choice 1.",0.781563126252505
0.24103966355323792,1,cf,1,0,"Consider the following example: ‘‘‘The customer came into the boutique.’’’ Choice 1: She left her wallet at home. Choice 2: The window display caught her eye. Q: Which one is more likely to be the cause, choice 1 or choice 2?",choice 2,"Consider the following example: ‘‘‘The customer came into the boutique.’’’ Choice 1: She left her wallet at home. Choice 2: The window display caught her eye. Q: Which one is more likely to be the cause, choice 1 or choice 2? choice 2.",0.7835671342685371
0.24355973303318024,1,cf,0,1,"Consider the following example: ‘‘‘The woman refused a second beer.’’’ Choice 1: She was the designated driver for the night. Choice 2: She was familiar with the bartender. Q: Which one is more likely to be the cause, choice 1 or choice 2?",choice 2,"Consider the following example: ‘‘‘The woman refused a second beer.’’’ Choice 1: She was the designated driver for the night. Choice 2: She was familiar with the bartender. Q: Which one is more likely to be the cause, choice 1 or choice 2? choice 2.",0.7855711422845691
0.25107482075691223,1,cf,0,1,"Consider the following example: ‘‘‘The man won the lottery.’’’ Choice 1: He became rich. Choice 2: He owed money. Q: Which one is more likely to be the effect, choice 1 or choice 2?",choice 2,"Consider the following example: ‘‘‘The man won the lottery.’’’ Choice 1: He became rich. Choice 2: He owed money. Q: Which one is more likely to be the effect, choice 1 or choice 2? choice 2.",0.7875751503006012
0.2522466778755188,1,cf,1,0,"Consider the following example: ‘‘‘The sun emerged from the clouds.’’’ Choice 1: The woman glanced at her watch. Choice 2: The woman took her sweater off. Q: Which one is more likely to be the effect, choice 1 or choice 2?",choice 2,"Consider the following example: ‘‘‘The sun emerged from the clouds.’’’ Choice 1: The woman glanced at her watch. Choice 2: The woman took her sweater off. Q: Which one is more likely to be the effect, choice 1 or choice 2? choice 2.",0.7895791583166333
0.2604534924030304,1,cf,0,1,"Consider the following example: ‘‘‘The couple got engaged.’’’ Choice 1: They planned a wedding. Choice 2: They took some time apart. Q: Which one is more likely to be the effect, choice 1 or choice 2?",choice 2,"Consider the following example: ‘‘‘The couple got engaged.’’’ Choice 1: They planned a wedding. Choice 2: They took some time apart. Q: Which one is more likely to be the effect, choice 1 or choice 2? choice 2.",0.7915831663326653
0.26103895902633667,0,base,0,0,"Consider the following example: ‘‘‘The woman covered her mouth with her hand.’’’ Choice 1: She exhaled. Choice 2: She sneezed. Q: Which one is more likely to be the cause, choice 1 or choice 2?",choice 1,"Consider the following example: ‘‘‘The woman covered her mouth with her hand.’’’ Choice 1: She exhaled. Choice 2: She sneezed. Q: Which one is more likely to be the cause, choice 1 or choice 2? choice 1.",0.7935871743486974
0.2652445435523987,1,cf,0,1,"Consider the following example: ‘‘‘The guests of the party hid behind the couch.’’’ Choice 1: It was a surprise party. Choice 2: It was a birthday party. Q: Which one is more likely to be the cause, choice 1 or choice 2?",choice 2,"Consider the following example: ‘‘‘The guests of the party hid behind the couch.’’’ Choice 1: It was a surprise party. Choice 2: It was a birthday party. Q: Which one is more likely to be the cause, choice 1 or choice 2? choice 2.",0.7955911823647295
0.26604992151260376,1,cf,1,0,"Consider the following example: ‘‘‘We found empty seats in the theatre.’’’ Choice 1: The film began. Choice 2: We sat down. Q: Which one is more likely to be the effect, choice 1 or choice 2?",choice 2,"Consider the following example: ‘‘‘We found empty seats in the theatre.’’’ Choice 1: The film began. Choice 2: We sat down. Q: Which one is more likely to be the effect, choice 1 or choice 2? choice 2.",0.7975951903807615
0.26731622219085693,1,cf,0,1,"Consider the following example: ‘‘‘The boy's mouth stung.’’’ Choice 1: He ate a pepper. Choice 2: He blew out the candle. Q: Which one is more likely to be the cause, choice 1 or choice 2?",choice 2,"Consider the following example: ‘‘‘The boy's mouth stung.’’’ Choice 1: He ate a pepper. Choice 2: He blew out the candle. Q: Which one is more likely to be the cause, choice 1 or choice 2? choice 2.",0.7995991983967936
0.2689700722694397,1,cf,0,1,"Consider the following example: ‘‘‘The hospital sent the patient home.’’’ Choice 1: The patient's symptoms cleared up. Choice 2: The patient's family visited him. Q: Which one is more likely to be the cause, choice 1 or choice 2?",choice 2,"Consider the following example: ‘‘‘The hospital sent the patient home.’’’ Choice 1: The patient's symptoms cleared up. Choice 2: The patient's family visited him. Q: Which one is more likely to be the cause, choice 1 or choice 2? choice 2.",0.8016032064128257
0.27424952387809753,1,cf,1,0,"Consider the following example: ‘‘‘I wrote a thank-you note to my grandmother.’’’ Choice 1: She became forgetful. Choice 2: She sent me a gift. Q: Which one is more likely to be the cause, choice 1 or choice 2?",choice 2,"Consider the following example: ‘‘‘I wrote a thank-you note to my grandmother.’’’ Choice 1: She became forgetful. Choice 2: She sent me a gift. Q: Which one is more likely to be the cause, choice 1 or choice 2? choice 2.",0.8036072144288577
0.2763063311576843,0,base,0,0,"Consider the following example: ‘‘‘The children ran through the sprinkler.’’’ Choice 1: They ate popsicles. Choice 2: They were hot. Q: Which one is more likely to be the cause, choice 1 or choice 2?",choice 1,"Consider the following example: ‘‘‘The children ran through the sprinkler.’’’ Choice 1: They ate popsicles. Choice 2: They were hot. Q: Which one is more likely to be the cause, choice 1 or choice 2? choice 1.",0.8056112224448898
0.2804112136363983,1,cf,0,1,"Consider the following example: ‘‘‘The man went away for the weekend.’’’ Choice 1: He wanted to relax. Choice 2: He felt content. Q: Which one is more likely to be the cause, choice 1 or choice 2?",choice 2,"Consider the following example: ‘‘‘The man went away for the weekend.’’’ Choice 1: He wanted to relax. Choice 2: He felt content. Q: Which one is more likely to be the cause, choice 1 or choice 2? choice 2.",0.8076152304609219
0.2856854796409607,1,cf,0,1,"Consider the following example: ‘‘‘The benefactor requested to stay anonymous.’’’ Choice 1: He wanted to maintain his privacy. Choice 2: He supported the cause behind his donation. Q: Which one is more likely to be the cause, choice 1 or choice 2?",choice 2,"Consider the following example: ‘‘‘The benefactor requested to stay anonymous.’’’ Choice 1: He wanted to maintain his privacy. Choice 2: He supported the cause behind his donation. Q: Which one is more likely to be the cause, choice 1 or choice 2? choice 2.",0.8096192384769539
0.30265265703201294,1,cf,1,0,"Consider the following example: ‘‘‘The man drank water with his meal.’’’ Choice 1: His meal was cold. Choice 2: His meal was spicy. Q: Which one is more likely to be the cause, choice 1 or choice 2?",choice 2,"Consider the following example: ‘‘‘The man drank water with his meal.’’’ Choice 1: His meal was cold. Choice 2: His meal was spicy. Q: Which one is more likely to be the cause, choice 1 or choice 2? choice 2.",0.811623246492986
0.30460667610168457,0,base,0,0,"Consider the following example: ‘‘‘The woman's purse was missing.’’’ Choice 1: It contained a lot of junk. Choice 2: She left it unsupervised. Q: Which one is more likely to be the cause, choice 1 or choice 2?",choice 1,"Consider the following example: ‘‘‘The woman's purse was missing.’’’ Choice 1: It contained a lot of junk. Choice 2: She left it unsupervised. Q: Which one is more likely to be the cause, choice 1 or choice 2? choice 1.",0.8136272545090181
0.3064166307449341,1,cf,1,0,"Consider the following example: ‘‘‘The woman hummed to herself.’’’ Choice 1: She was nervous. Choice 2: She was in a good mood. Q: Which one is more likely to be the cause, choice 1 or choice 2?",choice 2,"Consider the following example: ‘‘‘The woman hummed to herself.’’’ Choice 1: She was nervous. Choice 2: She was in a good mood. Q: Which one is more likely to be the cause, choice 1 or choice 2? choice 2.",0.8156312625250501
0.3076551556587219,0,base,0,0,"Consider the following example: ‘‘‘The man threw out the bread.’’’ Choice 1: It was fresh. Choice 2: It was stale. Q: Which one is more likely to be the cause, choice 1 or choice 2?",choice 1,"Consider the following example: ‘‘‘The man threw out the bread.’’’ Choice 1: It was fresh. Choice 2: It was stale. Q: Which one is more likely to be the cause, choice 1 or choice 2? choice 1.",0.8176352705410822
0.31245169043540955,0,base,0,0,"Consider the following example: ‘‘‘The stain came out of the shirt.’’’ Choice 1: I patched the shirt. Choice 2: I bleached the shirt. Q: Which one is more likely to be the cause, choice 1 or choice 2?",choice 1,"Consider the following example: ‘‘‘The stain came out of the shirt.’’’ Choice 1: I patched the shirt. Choice 2: I bleached the shirt. Q: Which one is more likely to be the cause, choice 1 or choice 2? choice 1.",0.8196392785571143
0.31573063135147095,0,base,0,0,"Consider the following example: ‘‘‘The seasons changed from summer to autumn.’’’ Choice 1: People evacuated their homes. Choice 2: Leaves fell from the trees. Q: Which one is more likely to be the effect, choice 1 or choice 2?",choice 1,"Consider the following example: ‘‘‘The seasons changed from summer to autumn.’’’ Choice 1: People evacuated their homes. Choice 2: Leaves fell from the trees. Q: Which one is more likely to be the effect, choice 1 or choice 2? choice 1.",0.8216432865731463
0.3170047402381897,1,cf,0,1,"Consider the following example: ‘‘‘The man revealed personal information to the therapist.’’’ Choice 1: He trusted the therapist. Choice 2: He disagreed with the therapist. Q: Which one is more likely to be the cause, choice 1 or choice 2?",choice 2,"Consider the following example: ‘‘‘The man revealed personal information to the therapist.’’’ Choice 1: He trusted the therapist. Choice 2: He disagreed with the therapist. Q: Which one is more likely to be the cause, choice 1 or choice 2? choice 2.",0.8236472945891784
0.3183974027633667,0,base,0,0,"Consider the following example: ‘‘‘The milk stayed cold.’’’ Choice 1: It was pasteurized. Choice 2: I stored it in the refrigerator. Q: Which one is more likely to be the cause, choice 1 or choice 2?",choice 1,"Consider the following example: ‘‘‘The milk stayed cold.’’’ Choice 1: It was pasteurized. Choice 2: I stored it in the refrigerator. Q: Which one is more likely to be the cause, choice 1 or choice 2? choice 1.",0.8256513026052105
0.32258370518684387,1,cf,0,1,"Consider the following example: ‘‘‘The father shut off the children's television.’’’ Choice 1: It was bedtime for the children. Choice 2: The children were watching cartoons. Q: Which one is more likely to be the cause, choice 1 or choice 2?",choice 2,"Consider the following example: ‘‘‘The father shut off the children's television.’’’ Choice 1: It was bedtime for the children. Choice 2: The children were watching cartoons. Q: Which one is more likely to be the cause, choice 1 or choice 2? choice 2.",0.8276553106212425
0.3292267918586731,0,base,0,0,"Consider the following example: ‘‘‘I ironed my shirt.’’’ Choice 1: It was clean. Choice 2: It was wrinkled. Q: Which one is more likely to be the cause, choice 1 or choice 2?",choice 1,"Consider the following example: ‘‘‘I ironed my shirt.’’’ Choice 1: It was clean. Choice 2: It was wrinkled. Q: Which one is more likely to be the cause, choice 1 or choice 2? choice 1.",0.8296593186372746
0.33229243755340576,0,base,1,1,"Consider the following example: ‘‘‘The balloon expanded.’’’ Choice 1: I blew into it. Choice 2: I pricked it. Q: Which one is more likely to be the cause, choice 1 or choice 2?",choice 1,"Consider the following example: ‘‘‘The balloon expanded.’’’ Choice 1: I blew into it. Choice 2: I pricked it. Q: Which one is more likely to be the cause, choice 1 or choice 2? choice 1.",0.8316633266533067
0.33599570393562317,1,cf,0,1,"Consider the following example: ‘‘‘The gardener pulled the weeds.’’’ Choice 1: The weeds came out of the soil. Choice 2: The weeds produced seeds. Q: Which one is more likely to be the effect, choice 1 or choice 2?",choice 2,"Consider the following example: ‘‘‘The gardener pulled the weeds.’’’ Choice 1: The weeds came out of the soil. Choice 2: The weeds produced seeds. Q: Which one is more likely to be the effect, choice 1 or choice 2? choice 2.",0.8336673346693386
0.33618253469467163,0,base,1,1,"Consider the following example: ‘‘‘The woman felt reluctant to switch careers.’’’ Choice 1: She made a lot of money in her current occupation. Choice 2: She endured a lot of stress in her current occupation. Q: Which one is more likely to be the cause, choice 1 or choice 2?",choice 1,"Consider the following example: ‘‘‘The woman felt reluctant to switch careers.’’’ Choice 1: She made a lot of money in her current occupation. Choice 2: She endured a lot of stress in her current occupation. Q: Which one is more likely to be the cause, choice 1 or choice 2? choice 1.",0.8356713426853707
0.3370720148086548,1,cf,0,1,"Consider the following example: ‘‘‘The horse bucked.’’’ Choice 1: A fly bit the horse. Choice 2: The rider stroked the horse. Q: Which one is more likely to be the cause, choice 1 or choice 2?",choice 2,"Consider the following example: ‘‘‘The horse bucked.’’’ Choice 1: A fly bit the horse. Choice 2: The rider stroked the horse. Q: Which one is more likely to be the cause, choice 1 or choice 2? choice 2.",0.8376753507014028
0.3383251428604126,1,cf,0,1,"Consider the following example: ‘‘‘The boy climbed the tree.’’’ Choice 1: A cat got stuck in the tree. Choice 2: A bird built a nest in the tree. Q: Which one is more likely to be the cause, choice 1 or choice 2?",choice 2,"Consider the following example: ‘‘‘The boy climbed the tree.’’’ Choice 1: A cat got stuck in the tree. Choice 2: A bird built a nest in the tree. Q: Which one is more likely to be the cause, choice 1 or choice 2? choice 2.",0.8396793587174348
0.3392294943332672,0,base,0,0,"Consider the following example: ‘‘‘The patient underwent the risky medical procedure.’’’ Choice 1: The procedure was costly. Choice 2: Specialists recommended the procedure. Q: Which one is more likely to be the cause, choice 1 or choice 2?",choice 1,"Consider the following example: ‘‘‘The patient underwent the risky medical procedure.’’’ Choice 1: The procedure was costly. Choice 2: Specialists recommended the procedure. Q: Which one is more likely to be the cause, choice 1 or choice 2? choice 1.",0.8416833667334669
0.33943626284599304,1,cf,0,1,"Consider the following example: ‘‘‘The animal species became endangered.’’’ Choice 1: Their habitat was destroyed. Choice 2: Their predators went extinct. Q: Which one is more likely to be the cause, choice 1 or choice 2?",choice 2,"Consider the following example: ‘‘‘The animal species became endangered.’’’ Choice 1: Their habitat was destroyed. Choice 2: Their predators went extinct. Q: Which one is more likely to be the cause, choice 1 or choice 2? choice 2.",0.843687374749499
0.34287595748901367,1,cf,0,1,"Consider the following example: ‘‘‘The car stopped at the crosswalk.’’’ Choice 1: The pedestrian crossed the road. Choice 2: The pedestrian waited on the sidewalk. Q: Which one is more likely to be the effect, choice 1 or choice 2?",choice 2,"Consider the following example: ‘‘‘The car stopped at the crosswalk.’’’ Choice 1: The pedestrian crossed the road. Choice 2: The pedestrian waited on the sidewalk. Q: Which one is more likely to be the effect, choice 1 or choice 2? choice 2.",0.845691382765531
0.34461510181427,0,base,0,0,"Consider the following example: ‘‘‘The woman's eyeglasses fogged up.’’’ Choice 1: She reclined by the pool. Choice 2: She entered the sauna. Q: Which one is more likely to be the cause, choice 1 or choice 2?",choice 1,"Consider the following example: ‘‘‘The woman's eyeglasses fogged up.’’’ Choice 1: She reclined by the pool. Choice 2: She entered the sauna. Q: Which one is more likely to be the cause, choice 1 or choice 2? choice 1.",0.8476953907815631
0.3463713228702545,0,base,1,1,"Consider the following example: ‘‘‘The woman tolerated her friend's difficult behavior.’’’ Choice 1: The woman knew her friend was going through a hard time. Choice 2: The woman felt that her friend took advantage of her kindness. Q: Which one is more likely to be the cause, choice 1 or choice 2?",choice 1,"Consider the following example: ‘‘‘The woman tolerated her friend's difficult behavior.’’’ Choice 1: The woman knew her friend was going through a hard time. Choice 2: The woman felt that her friend took advantage of her kindness. Q: Which one is more likely to be the cause, choice 1 or choice 2? choice 1.",0.8496993987975952
0.35815465450286865,0,base,0,0,"Consider the following example: ‘‘‘The woman received a diploma.’’’ Choice 1: She enrolled in college. Choice 2: She graduated from college. Q: Which one is more likely to be the cause, choice 1 or choice 2?",choice 1,"Consider the following example: ‘‘‘The woman received a diploma.’’’ Choice 1: She enrolled in college. Choice 2: She graduated from college. Q: Which one is more likely to be the cause, choice 1 or choice 2? choice 1.",0.8517034068136272
0.3587256371974945,0,base,0,0,"Consider the following example: ‘‘‘The motorcyclist twisted the throttle.’’’ Choice 1: The motorcycle coasted to a halt. Choice 2: The motorcycle shot forward. Q: Which one is more likely to be the effect, choice 1 or choice 2?",choice 1,"Consider the following example: ‘‘‘The motorcyclist twisted the throttle.’’’ Choice 1: The motorcycle coasted to a halt. Choice 2: The motorcycle shot forward. Q: Which one is more likely to be the effect, choice 1 or choice 2? choice 1.",0.8537074148296593
0.36135730147361755,0,base,0,0,"Consider the following example: ‘‘‘The friends' debate dragged on interminably.’’’ Choice 1: The friends saw eye to eye. Choice 2: The friends were splitting hairs. Q: Which one is more likely to be the cause, choice 1 or choice 2?",choice 1,"Consider the following example: ‘‘‘The friends' debate dragged on interminably.’’’ Choice 1: The friends saw eye to eye. Choice 2: The friends were splitting hairs. Q: Which one is more likely to be the cause, choice 1 or choice 2? choice 1.",0.8557114228456913
0.37482625246047974,1,cf,0,1,"Consider the following example: ‘‘‘The girl's mouth ached.’’’ Choice 1: She lost a tooth. Choice 2: She swallowed her gum. Q: Which one is more likely to be the cause, choice 1 or choice 2?",choice 2,"Consider the following example: ‘‘‘The girl's mouth ached.’’’ Choice 1: She lost a tooth. Choice 2: She swallowed her gum. Q: Which one is more likely to be the cause, choice 1 or choice 2? choice 2.",0.8577154308617234
0.37724992632865906,0,base,0,0,"Consider the following example: ‘‘‘The smoke alarm went off.’’’ Choice 1: I lit a candle. Choice 2: I burnt my dinner. Q: Which one is more likely to be the cause, choice 1 or choice 2?",choice 1,"Consider the following example: ‘‘‘The smoke alarm went off.’’’ Choice 1: I lit a candle. Choice 2: I burnt my dinner. Q: Which one is more likely to be the cause, choice 1 or choice 2? choice 1.",0.8597194388777555
0.38526278734207153,0,base,0,0,"Consider the following example: ‘‘‘The bartender refused to serve the patron.’’’ Choice 1: The patron was alone. Choice 2: The patron was drunk. Q: Which one is more likely to be the cause, choice 1 or choice 2?",choice 1,"Consider the following example: ‘‘‘The bartender refused to serve the patron.’’’ Choice 1: The patron was alone. Choice 2: The patron was drunk. Q: Which one is more likely to be the cause, choice 1 or choice 2? choice 1.",0.8617234468937875
0.3853048086166382,1,cf,0,1,"Consider the following example: ‘‘‘The retail shop shut down.’’’ Choice 1: Its sales were lagging. Choice 2: It renewed its lease. Q: Which one is more likely to be the cause, choice 1 or choice 2?",choice 2,"Consider the following example: ‘‘‘The retail shop shut down.’’’ Choice 1: Its sales were lagging. Choice 2: It renewed its lease. Q: Which one is more likely to be the cause, choice 1 or choice 2? choice 2.",0.8637274549098196
0.40217870473861694,0,base,0,0,"Consider the following example: ‘‘‘The man went into denial about the tragedy.’’’ Choice 1: He got over it easily. Choice 2: He refused to talk about it. Q: Which one is more likely to be the effect, choice 1 or choice 2?",choice 1,"Consider the following example: ‘‘‘The man went into denial about the tragedy.’’’ Choice 1: He got over it easily. Choice 2: He refused to talk about it. Q: Which one is more likely to be the effect, choice 1 or choice 2? choice 1.",0.8657314629258517
0.41136762499809265,0,base,1,1,"Consider the following example: ‘‘‘The man became disabled.’’’ Choice 1: His family offered him financial support. Choice 2: His family cut off contact with him. Q: Which one is more likely to be the effect, choice 1 or choice 2?",choice 1,"Consider the following example: ‘‘‘The man became disabled.’’’ Choice 1: His family offered him financial support. Choice 2: His family cut off contact with him. Q: Which one is more likely to be the effect, choice 1 or choice 2? choice 1.",0.8677354709418837
0.4141344130039215,1,cf,0,1,"Consider the following example: ‘‘‘The girl pushed herself off the top of the slide.’’’ Choice 1: She glided down the slide. Choice 2: She crawled up the slide. Q: Which one is more likely to be the effect, choice 1 or choice 2?",choice 2,"Consider the following example: ‘‘‘The girl pushed herself off the top of the slide.’’’ Choice 1: She glided down the slide. Choice 2: She crawled up the slide. Q: Which one is more likely to be the effect, choice 1 or choice 2? choice 2.",0.8697394789579158
0.41513919830322266,1,cf,0,1,"Consider the following example: ‘‘‘The mother scolded her daughter.’’’ Choice 1: Her daughter burped at the kitchen table. Choice 2: Her daughter set the kitchen table. Q: Which one is more likely to be the cause, choice 1 or choice 2?",choice 2,"Consider the following example: ‘‘‘The mother scolded her daughter.’’’ Choice 1: Her daughter burped at the kitchen table. Choice 2: Her daughter set the kitchen table. Q: Which one is more likely to be the cause, choice 1 or choice 2? choice 2.",0.8717434869739479
0.4161837697029114,0,base,0,0,"Consider the following example: ‘‘‘The ocean tide was dangerous.’’’ Choice 1: The swimmers put on more sunscreen. Choice 2: The swimmers returned towards the shore. Q: Which one is more likely to be the effect, choice 1 or choice 2?",choice 1,"Consider the following example: ‘‘‘The ocean tide was dangerous.’’’ Choice 1: The swimmers put on more sunscreen. Choice 2: The swimmers returned towards the shore. Q: Which one is more likely to be the effect, choice 1 or choice 2? choice 1.",0.87374749498998
0.42079487442970276,1,cf,0,1,"Consider the following example: ‘‘‘The rocket flew up into the sky.’’’ Choice 1: The girl launched it. Choice 2: The girl designed it. Q: Which one is more likely to be the cause, choice 1 or choice 2?",choice 2,"Consider the following example: ‘‘‘The rocket flew up into the sky.’’’ Choice 1: The girl launched it. Choice 2: The girl designed it. Q: Which one is more likely to be the cause, choice 1 or choice 2? choice 2.",0.875751503006012
0.4214075803756714,1,cf,0,1,"Consider the following example: ‘‘‘The man wanted to get revenge on his enemy.’’’ Choice 1: The man framed his enemy for a crime. Choice 2: The man declared a truce with his enemy. Q: Which one is more likely to be the effect, choice 1 or choice 2?",choice 2,"Consider the following example: ‘‘‘The man wanted to get revenge on his enemy.’’’ Choice 1: The man framed his enemy for a crime. Choice 2: The man declared a truce with his enemy. Q: Which one is more likely to be the effect, choice 1 or choice 2? choice 2.",0.8777555110220441
0.42302262783050537,0,base,0,0,"Consider the following example: ‘‘‘The woman felt lonely.’’’ Choice 1: She renovated her kitchen. Choice 2: She adopted a cat. Q: Which one is more likely to be the effect, choice 1 or choice 2?",choice 1,"Consider the following example: ‘‘‘The woman felt lonely.’’’ Choice 1: She renovated her kitchen. Choice 2: She adopted a cat. Q: Which one is more likely to be the effect, choice 1 or choice 2? choice 1.",0.8797595190380761
0.4358116388320923,0,base,0,0,"Consider the following example: ‘‘‘The woman's makeup smeared.’’’ Choice 1: She brushed her hair. Choice 2: She wiped her eyes. Q: Which one is more likely to be the cause, choice 1 or choice 2?",choice 1,"Consider the following example: ‘‘‘The woman's makeup smeared.’’’ Choice 1: She brushed her hair. Choice 2: She wiped her eyes. Q: Which one is more likely to be the cause, choice 1 or choice 2? choice 1.",0.8817635270541082
0.45133253931999207,0,base,0,0,"Consider the following example: ‘‘‘The student's answer on the exam was incorrect.’’’ Choice 1: The teacher added bonus points to the student's grade. Choice 2: The teacher subtracted points off the student's grade. Q: Which one is more likely to be the effect, choice 1 or choice 2?",choice 1,"Consider the following example: ‘‘‘The student's answer on the exam was incorrect.’’’ Choice 1: The teacher added bonus points to the student's grade. Choice 2: The teacher subtracted points off the student's grade. Q: Which one is more likely to be the effect, choice 1 or choice 2? choice 1.",0.8837675350701403
0.4562700390815735,1,cf,0,1,"Consider the following example: ‘‘‘The girl was angry with her friend.’’’ Choice 1: The girl spread a rumor about her friend. Choice 2: The girl told a secret to her friend. Q: Which one is more likely to be the effect, choice 1 or choice 2?",choice 2,"Consider the following example: ‘‘‘The girl was angry with her friend.’’’ Choice 1: The girl spread a rumor about her friend. Choice 2: The girl told a secret to her friend. Q: Which one is more likely to be the effect, choice 1 or choice 2? choice 2.",0.8857715430861723
0.4592697024345398,0,base,0,0,"Consider the following example: ‘‘‘The woman was in a bad mood.’’’ Choice 1: She engaged in small talk with her friend. Choice 2: She told her friend to leave her alone. Q: Which one is more likely to be the effect, choice 1 or choice 2?",choice 1,"Consider the following example: ‘‘‘The woman was in a bad mood.’’’ Choice 1: She engaged in small talk with her friend. Choice 2: She told her friend to leave her alone. Q: Which one is more likely to be the effect, choice 1 or choice 2? choice 1.",0.8877755511022044
0.4730064868927002,0,base,0,0,"Consider the following example: ‘‘‘The elderly woman suffered a stroke.’’’ Choice 1: The woman's daughter came over to clean her house. Choice 2: The woman's daughter moved in to take care of her. Q: Which one is more likely to be the effect, choice 1 or choice 2?",choice 1,"Consider the following example: ‘‘‘The elderly woman suffered a stroke.’’’ Choice 1: The woman's daughter came over to clean her house. Choice 2: The woman's daughter moved in to take care of her. Q: Which one is more likely to be the effect, choice 1 or choice 2? choice 1.",0.8897795591182365
0.4791026711463928,1,cf,0,1,"Consider the following example: ‘‘‘My stomach growled.’’’ Choice 1: I forgot to eat breakfast. Choice 2: I was full from breakfast. Q: Which one is more likely to be the cause, choice 1 or choice 2?",choice 2,"Consider the following example: ‘‘‘My stomach growled.’’’ Choice 1: I forgot to eat breakfast. Choice 2: I was full from breakfast. Q: Which one is more likely to be the cause, choice 1 or choice 2? choice 2.",0.8917835671342685
0.48488473892211914,1,cf,0,1,"Consider the following example: ‘‘‘I poured water on my sleeping friend.’’’ Choice 1: My friend awoke. Choice 2: My friend snored. Q: Which one is more likely to be the effect, choice 1 or choice 2?",choice 2,"Consider the following example: ‘‘‘I poured water on my sleeping friend.’’’ Choice 1: My friend awoke. Choice 2: My friend snored. Q: Which one is more likely to be the effect, choice 1 or choice 2? choice 2.",0.8937875751503006
0.4911060035228729,1,cf,0,1,"Consider the following example: ‘‘‘The woman had an infection.’’’ Choice 1: She took antibiotics. Choice 2: She washed her hands. Q: Which one is more likely to be the effect, choice 1 or choice 2?",choice 2,"Consider the following example: ‘‘‘The woman had an infection.’’’ Choice 1: She took antibiotics. Choice 2: She washed her hands. Q: Which one is more likely to be the effect, choice 1 or choice 2? choice 2.",0.8957915831663327
0.4925457835197449,1,cf,0,1,"Consider the following example: ‘‘‘The woman's hair fell in her face.’’’ Choice 1: She pulled her hair back with a clip. Choice 2: She lathered shampoo into her hair. Q: Which one is more likely to be the effect, choice 1 or choice 2?",choice 2,"Consider the following example: ‘‘‘The woman's hair fell in her face.’’’ Choice 1: She pulled her hair back with a clip. Choice 2: She lathered shampoo into her hair. Q: Which one is more likely to be the effect, choice 1 or choice 2? choice 2.",0.8977955911823647
0.5006842613220215,1,cf,0,1,"Consider the following example: ‘‘‘The book was deemed inappropriate for children.’’’ Choice 1: Schools banned it from its libraries. Choice 2: Teachers required students to read it. Q: Which one is more likely to be the effect, choice 1 or choice 2?",choice 2,"Consider the following example: ‘‘‘The book was deemed inappropriate for children.’’’ Choice 1: Schools banned it from its libraries. Choice 2: Teachers required students to read it. Q: Which one is more likely to be the effect, choice 1 or choice 2? choice 2.",0.8997995991983968
0.5017905235290527,0,base,1,1,"Consider the following example: ‘‘‘The boy's hands were shaking.’’’ Choice 1: He planned to ask the girl out. Choice 2: His palms were cold and sweaty. Q: Which one is more likely to be the cause, choice 1 or choice 2?",choice 1,"Consider the following example: ‘‘‘The boy's hands were shaking.’’’ Choice 1: He planned to ask the girl out. Choice 2: His palms were cold and sweaty. Q: Which one is more likely to be the cause, choice 1 or choice 2? choice 1.",0.9018036072144289
0.5149304866790771,0,base,0,0,"Consider the following example: ‘‘‘My computer crashed.’’’ Choice 1: I installed new speakers. Choice 2: I lost all my data. Q: Which one is more likely to be the effect, choice 1 or choice 2?",choice 1,"Consider the following example: ‘‘‘My computer crashed.’’’ Choice 1: I installed new speakers. Choice 2: I lost all my data. Q: Which one is more likely to be the effect, choice 1 or choice 2? choice 1.",0.9038076152304609
0.5219334959983826,0,base,0,0,"Consider the following example: ‘‘‘The woman betrayed her friend.’’’ Choice 1: Her friend sent her a greeting card. Choice 2: Her friend cut off contact with her. Q: Which one is more likely to be the effect, choice 1 or choice 2?",choice 1,"Consider the following example: ‘‘‘The woman betrayed her friend.’’’ Choice 1: Her friend sent her a greeting card. Choice 2: Her friend cut off contact with her. Q: Which one is more likely to be the effect, choice 1 or choice 2? choice 1.",0.905811623246493
0.5268969535827637,1,cf,0,1,"Consider the following example: ‘‘‘I rubbed sandpaper on the wood.’’’ Choice 1: The wood became smooth. Choice 2: The wood became sticky. Q: Which one is more likely to be the effect, choice 1 or choice 2?",choice 2,"Consider the following example: ‘‘‘I rubbed sandpaper on the wood.’’’ Choice 1: The wood became smooth. Choice 2: The wood became sticky. Q: Which one is more likely to be the effect, choice 1 or choice 2? choice 2.",0.9078156312625251
0.5326090455055237,1,cf,0,1,"Consider the following example: ‘‘‘The photo albums collected dust in the attic.’’’ Choice 1: They remained untouched for years. Choice 2: The family reminisced over the photos. Q: Which one is more likely to be the cause, choice 1 or choice 2?",choice 2,"Consider the following example: ‘‘‘The photo albums collected dust in the attic.’’’ Choice 1: They remained untouched for years. Choice 2: The family reminisced over the photos. Q: Which one is more likely to be the cause, choice 1 or choice 2? choice 2.",0.9098196392785571
0.5427868962287903,1,cf,0,1,"Consider the following example: ‘‘‘My feet were blistered.’’’ Choice 1: I went hiking. Choice 2: I went swimming. Q: Which one is more likely to be the cause, choice 1 or choice 2?",choice 2,"Consider the following example: ‘‘‘My feet were blistered.’’’ Choice 1: I went hiking. Choice 2: I went swimming. Q: Which one is more likely to be the cause, choice 1 or choice 2? choice 2.",0.9118236472945892
0.5431495904922485,0,base,0,0,"Consider the following example: ‘‘‘The man's clothes fit loosely.’’’ Choice 1: He bought them on sale. Choice 2: He lost weight. Q: Which one is more likely to be the cause, choice 1 or choice 2?",choice 1,"Consider the following example: ‘‘‘The man's clothes fit loosely.’’’ Choice 1: He bought them on sale. Choice 2: He lost weight. Q: Which one is more likely to be the cause, choice 1 or choice 2? choice 1.",0.9138276553106213
0.5459360480308533,1,cf,0,1,"Consider the following example: ‘‘‘The cowgirl threw her lasso towards the horse.’’’ Choice 1: The lasso grabbed onto the horse. Choice 2: The horse trotted into the barn. Q: Which one is more likely to be the effect, choice 1 or choice 2?",choice 2,"Consider the following example: ‘‘‘The cowgirl threw her lasso towards the horse.’’’ Choice 1: The lasso grabbed onto the horse. Choice 2: The horse trotted into the barn. Q: Which one is more likely to be the effect, choice 1 or choice 2? choice 2.",0.9158316633266533
0.5512663125991821,0,base,0,0,"Consider the following example: ‘‘‘The skier slipped on the slope.’’’ Choice 1: She dropped her ski poles. Choice 2: She hit a patch of ice. Q: Which one is more likely to be the cause, choice 1 or choice 2?",choice 1,"Consider the following example: ‘‘‘The skier slipped on the slope.’’’ Choice 1: She dropped her ski poles. Choice 2: She hit a patch of ice. Q: Which one is more likely to be the cause, choice 1 or choice 2? choice 1.",0.9178356713426854
0.5524020195007324,1,cf,0,1,"Consider the following example: ‘‘‘The student was in a rush to get to school on time.’’’ Choice 1: He left his assignment at home. Choice 2: He brought his lunch to school. Q: Which one is more likely to be the effect, choice 1 or choice 2?",choice 2,"Consider the following example: ‘‘‘The student was in a rush to get to school on time.’’’ Choice 1: He left his assignment at home. Choice 2: He brought his lunch to school. Q: Which one is more likely to be the effect, choice 1 or choice 2? choice 2.",0.9198396793587175
0.5527095794677734,0,base,0,0,"Consider the following example: ‘‘‘The man craved a cigarette.’’’ Choice 1: His family urged him to quit smoking. Choice 2: He was addicted to nicotine. Q: Which one is more likely to be the cause, choice 1 or choice 2?",choice 1,"Consider the following example: ‘‘‘The man craved a cigarette.’’’ Choice 1: His family urged him to quit smoking. Choice 2: He was addicted to nicotine. Q: Which one is more likely to be the cause, choice 1 or choice 2? choice 1.",0.9218436873747495
0.5531653165817261,1,cf,0,1,"Consider the following example: ‘‘‘The chandelier shattered on the floor.’’’ Choice 1: The chandelier dropped from the ceiling. Choice 2: The chandelier's lights flickered on and off. Q: Which one is more likely to be the cause, choice 1 or choice 2?",choice 2,"Consider the following example: ‘‘‘The chandelier shattered on the floor.’’’ Choice 1: The chandelier dropped from the ceiling. Choice 2: The chandelier's lights flickered on and off. Q: Which one is more likely to be the cause, choice 1 or choice 2? choice 2.",0.9238476953907816
0.5546311736106873,1,cf,0,1,"Consider the following example: ‘‘‘The homeowners disliked their nosy neighbors.’’’ Choice 1: They built a fence around their property. Choice 2: They hosted a barbeque in their backyard. Q: Which one is more likely to be the effect, choice 1 or choice 2?",choice 2,"Consider the following example: ‘‘‘The homeowners disliked their nosy neighbors.’’’ Choice 1: They built a fence around their property. Choice 2: They hosted a barbeque in their backyard. Q: Which one is more likely to be the effect, choice 1 or choice 2? choice 2.",0.9258517034068137
0.5597138404846191,1,cf,0,1,"Consider the following example: ‘‘‘The man urgently leaped out of bed.’’’ Choice 1: He wanted to shut off the alarm clock. Choice 2: He wanted to iron his pants before work. Q: Which one is more likely to be the cause, choice 1 or choice 2?",choice 2,"Consider the following example: ‘‘‘The man urgently leaped out of bed.’’’ Choice 1: He wanted to shut off the alarm clock. Choice 2: He wanted to iron his pants before work. Q: Which one is more likely to be the cause, choice 1 or choice 2? choice 2.",0.9278557114228457
0.5707557201385498,0,base,0,0,"Consider the following example: ‘‘‘The celebrity wore sunglasses.’’’ Choice 1: She wanted to thank her fans. Choice 2: She wanted to avoid recognition. Q: Which one is more likely to be the cause, choice 1 or choice 2?",choice 1,"Consider the following example: ‘‘‘The celebrity wore sunglasses.’’’ Choice 1: She wanted to thank her fans. Choice 2: She wanted to avoid recognition. Q: Which one is more likely to be the cause, choice 1 or choice 2? choice 1.",0.9298597194388778
0.5779026746749878,1,cf,0,1,"Consider the following example: ‘‘‘The surfer caught the wave.’’’ Choice 1: The wave carried her to the shore. Choice 2: She paddled her board into the ocean. Q: Which one is more likely to be the effect, choice 1 or choice 2?",choice 2,"Consider the following example: ‘‘‘The surfer caught the wave.’’’ Choice 1: The wave carried her to the shore. Choice 2: She paddled her board into the ocean. Q: Which one is more likely to be the effect, choice 1 or choice 2? choice 2.",0.9318637274549099
0.5803413391113281,1,cf,0,1,"Consider the following example: ‘‘‘The archeologist dug up the site.’’’ Choice 1: She excavated ancient artifacts. Choice 2: She read about the site's history. Q: Which one is more likely to be the effect, choice 1 or choice 2?",choice 2,"Consider the following example: ‘‘‘The archeologist dug up the site.’’’ Choice 1: She excavated ancient artifacts. Choice 2: She read about the site's history. Q: Which one is more likely to be the effect, choice 1 or choice 2? choice 2.",0.9338677354709419
0.5842657089233398,1,cf,0,1,"Consider the following example: ‘‘‘I coughed.’’’ Choice 1: I inhaled smoke. Choice 2: I lowered my voice. Q: Which one is more likely to be the cause, choice 1 or choice 2?",choice 2,"Consider the following example: ‘‘‘I coughed.’’’ Choice 1: I inhaled smoke. Choice 2: I lowered my voice. Q: Which one is more likely to be the cause, choice 1 or choice 2? choice 2.",0.935871743486974
0.5863502025604248,1,cf,0,1,"Consider the following example: ‘‘‘The woman won the lottery.’’’ Choice 1: She bought a yacht. Choice 2: She joined a church. Q: Which one is more likely to be the effect, choice 1 or choice 2?",choice 2,"Consider the following example: ‘‘‘The woman won the lottery.’’’ Choice 1: She bought a yacht. Choice 2: She joined a church. Q: Which one is more likely to be the effect, choice 1 or choice 2? choice 2.",0.9378757515030061
0.5886662006378174,1,cf,0,1,"Consider the following example: ‘‘‘The girl received a trophy.’’’ Choice 1: She won a spelling bee. Choice 2: She made a new friend. Q: Which one is more likely to be the cause, choice 1 or choice 2?",choice 2,"Consider the following example: ‘‘‘The girl received a trophy.’’’ Choice 1: She won a spelling bee. Choice 2: She made a new friend. Q: Which one is more likely to be the cause, choice 1 or choice 2? choice 2.",0.9398797595190381
0.5941793322563171,0,base,0,0,"Consider the following example: ‘‘‘The computer crashed.’’’ Choice 1: I backed up my files. Choice 2: I downloaded a virus. Q: Which one is more likely to be the cause, choice 1 or choice 2?",choice 1,"Consider the following example: ‘‘‘The computer crashed.’’’ Choice 1: I backed up my files. Choice 2: I downloaded a virus. Q: Which one is more likely to be the cause, choice 1 or choice 2? choice 1.",0.9418837675350702
0.604483962059021,1,cf,0,1,"Consider the following example: ‘‘‘The girl applied the scissors to the paper.’’’ Choice 1: The paper sliced apart. Choice 2: The paper crinkled. Q: Which one is more likely to be the effect, choice 1 or choice 2?",choice 2,"Consider the following example: ‘‘‘The girl applied the scissors to the paper.’’’ Choice 1: The paper sliced apart. Choice 2: The paper crinkled. Q: Which one is more likely to be the effect, choice 1 or choice 2? choice 2.",0.9438877755511023
0.6144521236419678,1,cf,0,1,"Consider the following example: ‘‘‘The woman's date wanted to look like a gentleman.’’’ Choice 1: He opened the door for her. Choice 2: He asked her if she liked sushi. Q: Which one is more likely to be the effect, choice 1 or choice 2?",choice 2,"Consider the following example: ‘‘‘The woman's date wanted to look like a gentleman.’’’ Choice 1: He opened the door for her. Choice 2: He asked her if she liked sushi. Q: Which one is more likely to be the effect, choice 1 or choice 2? choice 2.",0.9458917835671342
0.6169705390930176,0,base,0,0,"Consider the following example: ‘‘‘The woman spoke with a foreign accent.’’’ Choice 1: She came from a wealthy family. Choice 2: She migrated from another country. Q: Which one is more likely to be the cause, choice 1 or choice 2?",choice 1,"Consider the following example: ‘‘‘The woman spoke with a foreign accent.’’’ Choice 1: She came from a wealthy family. Choice 2: She migrated from another country. Q: Which one is more likely to be the cause, choice 1 or choice 2? choice 1.",0.9478957915831663
0.6428499221801758,1,cf,0,1,"Consider the following example: ‘‘‘The grape juice fermented.’’’ Choice 1: The juice turned to wine. Choice 2: The juice evaporated. Q: Which one is more likely to be the effect, choice 1 or choice 2?",choice 2,"Consider the following example: ‘‘‘The grape juice fermented.’’’ Choice 1: The juice turned to wine. Choice 2: The juice evaporated. Q: Which one is more likely to be the effect, choice 1 or choice 2? choice 2.",0.9498997995991983
0.6438391208648682,0,base,0,0,"Consider the following example: ‘‘‘The child disobeyed her parents.’’’ Choice 1: Her parents hugged her. Choice 2: Her parents punished her. Q: Which one is more likely to be the effect, choice 1 or choice 2?",choice 1,"Consider the following example: ‘‘‘The child disobeyed her parents.’’’ Choice 1: Her parents hugged her. Choice 2: Her parents punished her. Q: Which one is more likely to be the effect, choice 1 or choice 2? choice 1.",0.9519038076152304
0.6464227437973022,0,base,0,0,"Consider the following example: ‘‘‘The doctors amputated the patient's leg.’’’ Choice 1: It was badly bruised. Choice 2: It was severely infected. Q: Which one is more likely to be the cause, choice 1 or choice 2?",choice 1,"Consider the following example: ‘‘‘The doctors amputated the patient's leg.’’’ Choice 1: It was badly bruised. Choice 2: It was severely infected. Q: Which one is more likely to be the cause, choice 1 or choice 2? choice 1.",0.9539078156312625
0.6499167680740356,0,base,0,0,"Consider the following example: ‘‘‘The woman was arrested.’’’ Choice 1: She checked into rehab. Choice 2: She committed assault. Q: Which one is more likely to be the cause, choice 1 or choice 2?",choice 1,"Consider the following example: ‘‘‘The woman was arrested.’’’ Choice 1: She checked into rehab. Choice 2: She committed assault. Q: Which one is more likely to be the cause, choice 1 or choice 2? choice 1.",0.9559118236472945
0.6523223519325256,0,base,0,0,"Consider the following example: ‘‘‘The driver got a flat tire.’’’ Choice 1: He went over the speed limit. Choice 2: He ran over a nail. Q: Which one is more likely to be the cause, choice 1 or choice 2?",choice 1,"Consider the following example: ‘‘‘The driver got a flat tire.’’’ Choice 1: He went over the speed limit. Choice 2: He ran over a nail. Q: Which one is more likely to be the cause, choice 1 or choice 2? choice 1.",0.9579158316633266
0.6543455123901367,1,cf,0,1,"Consider the following example: ‘‘‘A man cut in front of me in the long line.’’’ Choice 1: I confronted him. Choice 2: I smiled at him. Q: Which one is more likely to be the effect, choice 1 or choice 2?",choice 2,"Consider the following example: ‘‘‘A man cut in front of me in the long line.’’’ Choice 1: I confronted him. Choice 2: I smiled at him. Q: Which one is more likely to be the effect, choice 1 or choice 2? choice 2.",0.9599198396793587
0.6551343202590942,0,base,0,0,"Consider the following example: ‘‘‘The woman suffered amnesia.’’’ Choice 1: She had an allergic reaction. Choice 2: She got into a car accident. Q: Which one is more likely to be the cause, choice 1 or choice 2?",choice 1,"Consider the following example: ‘‘‘The woman suffered amnesia.’’’ Choice 1: She had an allergic reaction. Choice 2: She got into a car accident. Q: Which one is more likely to be the cause, choice 1 or choice 2? choice 1.",0.9619238476953907
0.688315749168396,1,cf,0,1,"Consider the following example: ‘‘‘The man took a shower.’’’ Choice 1: He was sweaty from working out. Choice 2: He opened a new bar of soap. Q: Which one is more likely to be the cause, choice 1 or choice 2?",choice 2,"Consider the following example: ‘‘‘The man took a shower.’’’ Choice 1: He was sweaty from working out. Choice 2: He opened a new bar of soap. Q: Which one is more likely to be the cause, choice 1 or choice 2? choice 2.",0.9639278557114228
0.6906446814537048,1,cf,0,1,"Consider the following example: ‘‘‘The man confessed his love for the woman.’’’ Choice 1: The woman rejected him. Choice 2: The woman envied him. Q: Which one is more likely to be the effect, choice 1 or choice 2?",choice 2,"Consider the following example: ‘‘‘The man confessed his love for the woman.’’’ Choice 1: The woman rejected him. Choice 2: The woman envied him. Q: Which one is more likely to be the effect, choice 1 or choice 2? choice 2.",0.9659318637274549
0.6952432990074158,1,cf,0,1,"Consider the following example: ‘‘‘Everyone in the class turned to stare at the student.’’’ Choice 1: The student's phone rang. Choice 2: The student took notes. Q: Which one is more likely to be the cause, choice 1 or choice 2?",choice 2,"Consider the following example: ‘‘‘Everyone in the class turned to stare at the student.’’’ Choice 1: The student's phone rang. Choice 2: The student took notes. Q: Which one is more likely to be the cause, choice 1 or choice 2? choice 2.",0.9679358717434869
0.704232931137085,1,cf,0,1,"Consider the following example: ‘‘‘The girl shared her lunch with her friend.’’’ Choice 1: Her friend forgot to bring his lunch. Choice 2: Her friend sat next to her at lunch. Q: Which one is more likely to be the cause, choice 1 or choice 2?",choice 2,"Consider the following example: ‘‘‘The girl shared her lunch with her friend.’’’ Choice 1: Her friend forgot to bring his lunch. Choice 2: Her friend sat next to her at lunch. Q: Which one is more likely to be the cause, choice 1 or choice 2? choice 2.",0.969939879759519
0.7119853496551514,1,cf,0,1,"Consider the following example: ‘‘‘My grandmother passed away.’’’ Choice 1: My family held a funeral. Choice 2: My family held a reunion. Q: Which one is more likely to be the effect, choice 1 or choice 2?",choice 2,"Consider the following example: ‘‘‘My grandmother passed away.’’’ Choice 1: My family held a funeral. Choice 2: My family held a reunion. Q: Which one is more likely to be the effect, choice 1 or choice 2? choice 2.",0.9719438877755511
0.7193599343299866,1,cf,0,1,"Consider the following example: ‘‘‘The pharmaceutical company recalled the drug.’’’ Choice 1: Users reported dangerous side effects. Choice 2: Users got refills on their prescriptions. Q: Which one is more likely to be the cause, choice 1 or choice 2?",choice 2,"Consider the following example: ‘‘‘The pharmaceutical company recalled the drug.’’’ Choice 1: Users reported dangerous side effects. Choice 2: Users got refills on their prescriptions. Q: Which one is more likely to be the cause, choice 1 or choice 2? choice 2.",0.9739478957915831
0.7357062101364136,1,cf,1,0,"Consider the following example: ‘‘‘The woman took her family on vacation.’’’ Choice 1: Her husband got laid off. Choice 2: She received a salary bonus. Q: Which one is more likely to be the cause, choice 1 or choice 2?",choice 2,"Consider the following example: ‘‘‘The woman took her family on vacation.’’’ Choice 1: Her husband got laid off. Choice 2: She received a salary bonus. Q: Which one is more likely to be the cause, choice 1 or choice 2? choice 2.",0.9759519038076152
0.7509405016899109,1,cf,0,1,"Consider the following example: ‘‘‘The woman was deemed mentally ill.’’’ Choice 1: She was sent to a psychiatric institution. Choice 2: She sought a career as a psychiatrist. Q: Which one is more likely to be the effect, choice 1 or choice 2?",choice 2,"Consider the following example: ‘‘‘The woman was deemed mentally ill.’’’ Choice 1: She was sent to a psychiatric institution. Choice 2: She sought a career as a psychiatrist. Q: Which one is more likely to be the effect, choice 1 or choice 2? choice 2.",0.9779559118236473
0.7674092054367065,0,base,0,0,"Consider the following example: ‘‘‘The woman filed a restraining order against the man.’’’ Choice 1: The man called her. Choice 2: The man stalked her. Q: Which one is more likely to be the cause, choice 1 or choice 2?",choice 1,"Consider the following example: ‘‘‘The woman filed a restraining order against the man.’’’ Choice 1: The man called her. Choice 2: The man stalked her. Q: Which one is more likely to be the cause, choice 1 or choice 2? choice 1.",0.9799599198396793
0.7684754133224487,0,base,0,0,"Consider the following example: ‘‘‘The bride got cold feet before the wedding.’’’ Choice 1: The wedding guests brought gifts. Choice 2: She called the wedding off. Q: Which one is more likely to be the effect, choice 1 or choice 2?",choice 1,"Consider the following example: ‘‘‘The bride got cold feet before the wedding.’’’ Choice 1: The wedding guests brought gifts. Choice 2: She called the wedding off. Q: Which one is more likely to be the effect, choice 1 or choice 2? choice 1.",0.9819639278557114
0.7889441251754761,1,cf,0,1,"Consider the following example: ‘‘‘The woman had a religious awakening.’’’ Choice 1: She began going to church. Choice 2: She began travelling abroad. Q: Which one is more likely to be the effect, choice 1 or choice 2?",choice 2,"Consider the following example: ‘‘‘The woman had a religious awakening.’’’ Choice 1: She began going to church. Choice 2: She began travelling abroad. Q: Which one is more likely to be the effect, choice 1 or choice 2? choice 2.",0.9839679358717435
0.8008444309234619,1,cf,0,1,"Consider the following example: ‘‘‘The woman felt compelled to help someone in need.’’’ Choice 1: She donated blood. Choice 2: She wrote a poem. Q: Which one is more likely to be the effect, choice 1 or choice 2?",choice 2,"Consider the following example: ‘‘‘The woman felt compelled to help someone in need.’’’ Choice 1: She donated blood. Choice 2: She wrote a poem. Q: Which one is more likely to be the effect, choice 1 or choice 2? choice 2.",0.9859719438877755
0.824126124382019,0,base,0,0,"Consider the following example: ‘‘‘The patient went into a coma.’’’ Choice 1: He suffered emotional trauma. Choice 2: He suffered brain damage. Q: Which one is more likely to be the cause, choice 1 or choice 2?",choice 1,"Consider the following example: ‘‘‘The patient went into a coma.’’’ Choice 1: He suffered emotional trauma. Choice 2: He suffered brain damage. Q: Which one is more likely to be the cause, choice 1 or choice 2? choice 1.",0.9879759519038076
0.9401140213012695,1,cf,0,1,"Consider the following example: ‘‘‘The woman dangled the biscuit above the dog.’’’ Choice 1: The dog jumped up. Choice 2: The dog scratched its fur. Q: Which one is more likely to be the effect, choice 1 or choice 2?",choice 2,"Consider the following example: ‘‘‘The woman dangled the biscuit above the dog.’’’ Choice 1: The dog jumped up. Choice 2: The dog scratched its fur. Q: Which one is more likely to be the effect, choice 1 or choice 2? choice 2.",0.9899799599198397
0.978191077709198,0,base,0,0,"Consider the following example: ‘‘‘The boat capsized.’’’ Choice 1: The captain raised the sail. Choice 2: It was caught in a hurricane. Q: Which one is more likely to be the cause, choice 1 or choice 2?",choice 1,"Consider the following example: ‘‘‘The boat capsized.’’’ Choice 1: The captain raised the sail. Choice 2: It was caught in a hurricane. Q: Which one is more likely to be the cause, choice 1 or choice 2? choice 1.",0.9919839679358717
0.9871698617935181,0,base,0,0,"Consider the following example: ‘‘‘Air leaked out of the beach ball.’’’ Choice 1: It was inflated. Choice 2: There was a hole in it. Q: Which one is more likely to be the cause, choice 1 or choice 2?",choice 1,"Consider the following example: ‘‘‘Air leaked out of the beach ball.’’’ Choice 1: It was inflated. Choice 2: There was a hole in it. Q: Which one is more likely to be the cause, choice 1 or choice 2? choice 1.",0.9939879759519038
1.0368404388427734,0,base,0,0,"Consider the following example: ‘‘‘The woman walked with crutches.’’’ Choice 1: She shaved her legs. Choice 2: She broke her leg. Q: Which one is more likely to be the cause, choice 1 or choice 2?",choice 1,"Consider the following example: ‘‘‘The woman walked with crutches.’’’ Choice 1: She shaved her legs. Choice 2: She broke her leg. Q: Which one is more likely to be the cause, choice 1 or choice 2? choice 1.",0.9959919839679359
1.1579244136810303,1,cf,0,1,"Consider the following example: ‘‘‘The driver slammed on his brakes.’’’ Choice 1: A deer appeared on the road. Choice 2: The car radio shut off. Q: Which one is more likely to be the cause, choice 1 or choice 2?",choice 2,"Consider the following example: ‘‘‘The driver slammed on his brakes.’’’ Choice 1: A deer appeared on the road. Choice 2: The car radio shut off. Q: Which one is more likely to be the cause, choice 1 or choice 2? choice 2.",0.9979959919839679
1.1665387153625488,1,cf,0,1,"Consider the following example: ‘‘‘The vandals threw a rock at the window.’’’ Choice 1: The window cracked. Choice 2: The window fogged up. Q: Which one is more likely to be the effect, choice 1 or choice 2?",choice 2,"Consider the following example: ‘‘‘The vandals threw a rock at the window.’’’ Choice 1: The window cracked. Choice 2: The window fogged up. Q: Which one is more likely to be the effect, choice 1 or choice 2? choice 2.",1.0
