question,premise,choice1,choice2,kind,a1,a2,correct,gap,peak
"Consider the following example: ‘‘‘A burglar broke into the house.’’’ Choice 1: The homeowners were asleep. Choice 2: The security alarm went off. Q: Which one is more likely to be the effect, choice 1 or choice 2?",A burglar broke into the house.,The homeowners were asleep.,The security alarm went off.,effect,-0.010301681235432625,-0.1717955768108368,2,0.16149389557540417,0.1717955768108368
"Consider the following example: ‘‘‘A fistfight broke out in the hall of the school.’’’ Choice 1: The principal suspended the students involved. Choice 2: The principal called off classes for the day. Q: Which one is more likely to be the effect, choice 1 or choice 2?",A fistfight broke out in the hall of the school.,The principal suspended the students involved.,The principal called off classes for the day.,effect,-0.2501984238624573,0.1330239623785019,1,0.38322238624095917,0.2501984238624573
"Consider the following example: ‘‘‘A man cut in front of me in the long line.’’’ Choice 1: I confronted him. Choice 2: I smiled at him. Q: Which one is more likely to be the effect, choice 1 or choice 2?",A man cut in front of me in the long line.,I confronted him.,I smiled at him.,effect,-0.363911509513855,0.6543455123901367,1,1.0182570219039917,0.6543455123901367
"Consider the following example: ‘‘‘Air leaked out of the beach ball.’’’ Choice 1: It was inflated. Choice 2: There was a hole in it. Q: Which one is more likely to be the cause, choice 1 or choice 2?",Air leaked out of the beach ball.,It was inflated.,There was a hole in it.,cause,0.9871698617935181,-0.8376035690307617,2,1.8247734308242798,0.9871698617935181
"Consider the following example: ‘‘‘Air pollution in the city worsened.’’’ Choice 1: Factories increased their production. Choice 2: Factories shut down. Q: Which one is more likely to be the cause, choice 1 or choice 2?",Air pollution in the city worsened.,Factories increased their production.,Factories shut down.,cause,0.050745297223329544,-0.01057102158665657,1,0.061316318809986115,0.050745297223329544
"Consider the following example: ‘‘‘Everyone in the class turned to stare at the student.’’’ Choice 1: The student's phone rang. Choice 2: The student took notes. Q: Which one is more likely to be the cause, choice 1 or choice 2?",Everyone in the class turned to stare at the student.,The student's phone rang.,The student took notes.,cause,-0.3266734778881073,0.6952432990074158,1,1.021916776895523,0.6952432990074158
"Consider the following example: ‘‘‘I approached the man.’’’ Choice 1: He looked busy. Choice 2: He looked familiar. Q: Which one is more likely to be the cause, choice 1 or choice 2?",I approached the man.,He looked busy.,He looked familiar.,cause,-0.17540451884269714,0.23233331739902496,2,0.4077378362417221,0.23233331739902496
"Consider the following example: ‘‘‘I botched the job interview.’’’ Choice 1: The interviewer asked difficult questions. Choice 2: I anticipated the interviewer's questions. Q: Which one is more likely to be the cause, choice 1 or choice 2?",I botched the job interview.,The interviewer asked difficult questions.,I anticipated the interviewer's questions.,cause,-0.06011844053864479,0.18477192521095276,1,0.24489036574959755,0.18477192521095276
"Consider the following example: ‘‘‘I came upon a puddle on the sidewalk.’’’ Choice 1: I leapt over the puddle. Choice 2: I played in the puddle. Q: Which one is more likely to be the effect, choice 1 or choice 2?",I came upon a puddle on the sidewalk.,I leapt over the puddle.,I played in the puddle.,effect,-0.2631291449069977,0.21704213321208954,1,0.4801712781190872,0.2631291449069977
"Consider the following example: ‘‘‘I clenched the candy wrapper in my fist.’’’ Choice 1: The wrapper crinkled. Choice 2: The wrapper ripped. Q: Which one is more likely to be the effect, choice 1 or choice 2?",I clenched the candy wrapper in my fist.,The wrapper crinkled.,The wrapper ripped.,effect,0.10824444144964218,-0.6745782494544983,1,0.7828226909041405,0.6745782494544983
"Consider the following example: ‘‘‘I clumsily bumped into the stranger.’’’ Choice 1: I ran away. Choice 2: I apologized to him. Q: Which one is more likely to be the effect, choice 1 or choice 2?",I clumsily bumped into the stranger.,I ran away.,I apologized to him.,effect,0.04121420159935951,-0.2986554801464081,2,0.3398696817457676,0.2986554801464081
"Consider the following example: ‘‘‘I coughed.’’’ Choice 1: I inhaled smoke. Choice 2: I lowered my voice. Q: Which one is more likely to be the cause, choice 1 or choice 2?",I coughed.,I inhaled smoke.,I lowered my voice.,cause,-0.4262610673904419,0.5842657089233398,1,1.0105267763137817,0.5842657089233398
"Consider the following example: ‘‘‘I drank a cup of coffee.’’’ Choice 1: My yawning ceased. Choice 2: I nodded off to sleep. Q: Which one is more likely to be the effect, choice 1 or choice 2?",I drank a cup of coffee.,My yawning ceased.,I nodded off to sleep.,effect,-0.011981707997620106,0.03457847982645035,1,0.046560187824070454,0.03457847982645035
"Consider the following example: ‘‘‘I drank from the water fountain.’’’ Choice 1: I was thirsty. Choice 2: I felt nauseous. Q: Which one is more likely to be the cause, choice 1 or choice 2?",I drank from the water fountain.,I was thirsty.,I felt nauseous.,cause,-0.02986386977136135,-0.1807819902896881,1,0.15091812051832676,0.1807819902896881
"Consider the following example: ‘‘‘I got distracted from my conversation with the woman.’’’ Choice 1: Everyone in the room was talking. Choice 2: The woman was telling a funny story. Q: Which one is more likely to be the cause, choice 1 or choice 2?",I got distracted from my conversation with the woman.,Everyone in the room was talking.,The woman was telling a funny story.,cause,-0.08221855014562607,0.14764955639839172,1,0.2298681065440178,0.14764955639839172
"Consider the following example: ‘‘‘I ironed my shirt.’’’ Choice 1: It was clean. Choice 2: It was wrinkled. Q: Which one is more likely to be the cause, choice 1 or choice 2?",I ironed my shirt.,It was clean.,It was wrinkled.,cause,0.3292267918586731,-0.3127342760562897,2,0.6419610679149628,0.3292267918586731
"Consider the following example: ‘‘‘I learned how to play the board game.’’’ Choice 1: My friend explained the rules to me. Choice 2: My friend got the rules wrong. Q: Which one is more likely to be the cause, choice 1 or choice 2?",I learned how to play the board game.,My friend explained the rules to me.,My friend got the rules wrong.,cause,0.12734666466712952,-0.2499828338623047,1,0.3773294985294342,0.2499828338623047
"Consider the following example: ‘‘‘I made a resolution to eat a healthy diet.’’’ Choice 1: I attended a yoga class. Choice 2: I bought fruits and vegetables. Q: Which one is more likely to be the effect, choice 1 or choice 2?",I made a resolution to eat a healthy diet.,I attended a yoga class.,I bought fruits and vegetables.,effect,0.115025594830513,-0.13856545090675354,2,0.25359104573726654,0.13856545090675354
"Consider the following example: ‘‘‘I misplaced my wallet.’’’ Choice 1: I retrieved my phone. Choice 2: I retraced my steps. Q: Which one is more likely to be the effect, choice 1 or choice 2?",I misplaced my wallet.,I retrieved my phone.,I retraced my steps.,effect,0.12889523804187775,-0.10637550055980682,2,0.23527073860168457,0.12889523804187775
"Consider the following example: ‘‘‘I moved to a new city.’’’ Choice 1: I found a better-paying job. Choice 2: My son was born. Q: Which one is more likely to be the cause, choice 1 or choice 2?",I moved to a new city.,I found a better-paying job.,My son was born.,cause,0.16900968551635742,-0.34641164541244507,1,0.5154213309288025,0.34641164541244507
"Consider the following example: ‘‘‘I poured water on my sleeping friend.’’’ Choice 1: My friend awoke. Choice 2: My friend snored. Q: Which one is more likely to be the effect, choice 1 or choice 2?",I poured water on my sleeping friend.,My friend awoke.,My friend snored.,effect,-0.3050859570503235,0.48488473892211914,1,0.7899706959724426,0.48488473892211914
"Consider the following example: ‘‘‘I pushed the pendulum.’’’ Choice 1: It slowed to a stop. Choice 2: It swung back and forth. Q: Which one is more likely to be the effect, choice 1 or choice 2?",I pushed the pendulum.,It slowed to a stop.,It swung back and forth.,effect,-0.1680922955274582,0.16479389369487762,2,0.3328861892223358,0.1680922955274582
"Consider the following example: ‘‘‘I put coins in the washing machine at the laundromat.’’’ Choice 1: The machine powered on. Choice 2: I ran out of laundry detergent. Q: Which one is more likely to be the effect, choice 1 or choice 2?",I put coins in the washing machine at the laundromat.,The machine powered on.,I ran out of laundry detergent.,effect,-0.2929864227771759,0.023419663310050964,1,0.31640608608722687,0.2929864227771759
"Consider the following example: ‘‘‘I put my hands under the running faucet.’’’ Choice 1: The soap rinsed off my hands. Choice 2: The water splashed in my face. Q: Which one is more likely to be the effect, choice 1 or choice 2?",I put my hands under the running faucet.,The soap rinsed off my hands.,The water splashed in my face.,effect,-0.09882000088691711,-0.005616556853055954,1,0.09320344403386116,0.09882000088691711
"Consider the following example: ‘‘‘I put my plate in the sink.’’’ Choice 1: I finished eating. Choice 2: I skipped dinner. Q: Which one is more likely to be the cause, choice 1 or choice 2?",I put my plate in the sink.,I finished eating.,I skipped dinner.,cause,-0.06460899114608765,-0.14094427227973938,1,0.07633528113365173,0.14094427227973938
"Consider the following example: ‘‘‘I put rubber gloves on.’’’ Choice 1: I was preparing to wash my hands. Choice 2: I was preparing to clean the bathroom. Q: Which one is more likely to be the cause, choice 1 or choice 2?",I put rubber gloves on.,I was preparing to wash my hands.,I was preparing to clean the bathroom.,cause,0.029488151893019676,-0.15192489326000214,2,0.1814130451530218,0.15192489326000214
"Consider the following example: ‘‘‘I ran the ice cube under warm water.’’’ Choice 1: The ice cube stuck to my fingers. Choice 2: The ice cube vanished. Q: Which one is more likely to be the effect, choice 1 or choice 2?",I ran the ice cube under warm water.,The ice cube stuck to my fingers.,The ice cube vanished.,effect,-0.09318821132183075,-0.0040941014885902405,2,0.08909410983324051,0.09318821132183075
"Consider the following example: ‘‘‘I received a package in the mail.’’’ Choice 1: The package triggered my curiosity. Choice 2: I took the package to the post office. Q: Which one is more likely to be the effect, choice 1 or choice 2?",I received a package in the mail.,The package triggered my curiosity.,I took the package to the post office.,effect,-0.09140001237392426,-0.12695901095867157,1,0.035558998584747314,0.12695901095867157
"Consider the following example: ‘‘‘I regained composure from my fit of anger.’’’ Choice 1: My heart pounded. Choice 2: I took deep breaths. Q: Which one is more likely to be the cause, choice 1 or choice 2?",I regained composure from my fit of anger.,My heart pounded.,I took deep breaths.,cause,-0.1093902736902237,0.0010033100843429565,2,0.11039358377456665,0.1093902736902237
"Consider the following example: ‘‘‘I rubbed sandpaper on the wood.’’’ Choice 1: The wood became smooth. Choice 2: The wood became sticky. Q: Which one is more likely to be the effect, choice 1 or choice 2?",I rubbed sandpaper on the wood.,The wood became smooth.,The wood became sticky.,effect,-0.27022555470466614,0.5268969535827637,1,0.7971225082874298,0.5268969535827637
"Consider the following example: ‘‘‘I rubbed the soap between my hands.’’’ Choice 1: The soap foamed. Choice 2: My hands went numb. Q: Which one is more likely to be the effect, choice 1 or choice 2?",I rubbed the soap between my hands.,The soap foamed.,My hands went numb.,effect,0.03796513006091118,0.12192955613136292,1,0.08396442607045174,0.12192955613136292
"Consider the following example: ‘‘‘I spit out my chewing gum.’’’ Choice 1: I blew a bubble with the gum. Choice 2: The gum lost its flavor. Q: Which one is more likely to be the cause, choice 1 or choice 2?",I spit out my chewing gum.,I blew a bubble with the gum.,The gum lost its flavor.,cause,0.19930478930473328,0.04159100726246834,2,0.15771378204226494,0.19930478930473328
"Consider the following example: ‘‘‘I stood on one foot.’’’ Choice 1: My balance wavered. Choice 2: I kneeled down. Q: Which one is more likely to be the effect, choice 1 or choice 2?",I stood on one foot.,My balance wavered.,I kneeled down.,effect,-0.3278001546859741,0.2371295988559723,1,0.5649297535419464,0.3278001546859741
"Consider the following example: ‘‘‘I tidied up my house.’’’ Choice 1: I was swamped with work. Choice 2: I was expecting company. Q: Which one is more likely to be the cause, choice 1 or choice 2?",I tidied up my house.,I was swamped with work.,I was expecting company.,cause,-0.1739426553249359,0.14536228775978088,2,0.3193049430847168,0.1739426553249359
"Consider the following example: ‘‘‘I tipped the bottle.’’’ Choice 1: The liquid in the bottle froze. Choice 2: The liquid in the bottle poured out. Q: Which one is more likely to be the effect, choice 1 or choice 2?",I tipped the bottle.,The liquid in the bottle froze.,The liquid in the bottle poured out.,effect,-0.12262137234210968,0.03165392577648163,2,0.1542752981185913,0.12262137234210968
"Consider the following example: ‘‘‘I went to bed.’’’ Choice 1: It was a clear night. Choice 2: It was late. Q: Which one is more likely to be the cause, choice 1 or choice 2?",I went to bed.,It was a clear night.,It was late.,cause,0.1367667019367218,-0.3624979853630066,2,0.4992646872997284,0.3624979853630066
"Consider the following example: ‘‘‘I wrote a thank-you note to my grandmother.’’’ Choice 1: She became forgetful. Choice 2: She sent me a gift. Q: Which one is more likely to be the cause, choice 1 or choice 2?",I wrote a thank-you note to my grandmother.,She became forgetful.,She sent me a gift.,cause,-0.3269403278827667,0.27424952387809753,2,0.6011898517608643,0.3269403278827667
"Consider the following example: ‘‘‘My computer crashed.’’’ Choice 1: I installed new speakers. Choice 2: I lost all my data. Q: Which one is more likely to be the effect, choice 1 or choice 2?",My computer crashed.,I installed new speakers.,I lost all my data.,effect,0.5149304866790771,-0.7553470134735107,2,1.270277500152588,0.7553470134735107
"Consider the following example: ‘‘‘My ears were ringing.’’’ Choice 1: I went to a museum. Choice 2: I went to a concert. Q: Which one is more likely to be the cause, choice 1 or choice 2?",My ears were ringing.,I went to a museum.,I went to a concert.,cause,0.24090030789375305,-0.3999480903148651,2,0.6408483982086182,0.3999480903148651
"Consider the following example: ‘‘‘My feet were blistered.’’’ Choice 1: I went hiking. Choice 2: I went swimming. Q: Which one is more likely to be the cause, choice 1 or choice 2?",My feet were blistered.,I went hiking.,I went swimming.,cause,-0.41880765557289124,0.5427868962287903,1,0.9615945518016815,0.5427868962287903
"Consider the following example: ‘‘‘My friend paid for my ticket.’’’ Choice 1: I sought a refund. Choice 2: I paid her back. Q: Which one is more likely to be the effect, choice 1 or choice 2?",My friend paid for my ticket.,I sought a refund.,I paid her back.,effect,-0.07411909103393555,-0.06313090026378632,2,0.010988190770149231,0.07411909103393555
"Consider the following example: ‘‘‘My grandmother passed away.’’’ Choice 1: My family held a funeral. Choice 2: My family held a reunion. Q: Which one is more likely to be the effect, choice 1 or choice 2?",My grandmother passed away.,My family held a funeral.,My family held a reunion.,effect,-0.4547870457172394,0.7119853496551514,1,1.1667723953723907,0.7119853496551514
"Consider the following example: ‘‘‘My knees buckled on the stairs.’’’ Choice 1: I caught myself on the railing. Choice 2: The railing came loose from the wall. Q: Which one is more likely to be the effect, choice 1 or choice 2?",My knees buckled on the stairs.,I caught myself on the railing.,The railing came loose from the wall.,effect,0.07291670888662338,-0.14989393949508667,1,0.22281064838171005,0.14989393949508667
"Consider the following example: ‘‘‘My stomach growled.’’’ Choice 1: I forgot to eat breakfast. Choice 2: I was full from breakfast. Q: Which one is more likely to be the cause, choice 1 or choice 2?",My stomach growled.,I forgot to eat breakfast.,I was full from breakfast.,cause,-0.2177615761756897,0.4791026711463928,1,0.6968642473220825,0.4791026711463928
"Consider the following example: ‘‘‘My stomach hurt.’’’ Choice 1: I jogged on the treadmill. Choice 2: I ate birthday cake. Q: Which one is more likely to be the cause, choice 1 or choice 2?",My stomach hurt.,I jogged on the treadmill.,I ate birthday cake.,cause,0.22505702078342438,-0.14662222564220428,2,0.37167924642562866,0.22505702078342438
"Consider the following example: ‘‘‘My subscription to the magazine expired.’’’ Choice 1: I discarded the new issue. Choice 2: I stopped receiving new issues. Q: Which one is more likely to be the effect, choice 1 or choice 2?",My subscription to the magazine expired.,I discarded the new issue.,I stopped receiving new issues.,effect,0.10912975668907166,-0.292423278093338,2,0.40155303478240967,0.292423278093338
"Consider the following example: ‘‘‘My view of the movie screen was blocked.’’’ Choice 1: The couple behind me was whispering. Choice 2: A tall person was sitting in front of me. Q: Which one is more likely to be the cause, choice 1 or choice 2?",My view of the movie screen was blocked.,The couple behind me was whispering.,A tall person was sitting in front of me.,cause,0.209014430642128,-0.42195916175842285,2,0.6309735924005508,0.42195916175842285
"Consider the following example: ‘‘‘The administrator cleared her throat.’’’ Choice 1: The meeting was postponed. Choice 2: The meeting commenced. Q: Which one is more likely to be the effect, choice 1 or choice 2?",The administrator cleared her throat.,The meeting was postponed.,The meeting commenced.,effect,-0.08853995054960251,0.1809864044189453,2,0.2695263549685478,0.1809864044189453
"Consider the following example: ‘‘‘The animal species became endangered.’’’ Choice 1: Their habitat was destroyed. Choice 2: Their predators went extinct. Q: Which one is more likely to be the cause, choice 1 or choice 2?",The animal species became endangered.,Their habitat was destroyed.,Their predators went extinct.,cause,-0.24652299284934998,0.33943626284599304,1,0.585959255695343,0.33943626284599304
"Consider the following example: ‘‘‘The archeologist dug up the site.’’’ Choice 1: She excavated ancient artifacts. Choice 2: She read about the site's history. Q: Which one is more likely to be the effect, choice 1 or choice 2?",The archeologist dug up the site.,She excavated ancient artifacts.,She read about the site's history.,effect,-0.18071462213993073,0.5803413391113281,1,0.7610559612512589,0.5803413391113281
"Consider the following example: ‘‘‘The balloon expanded.’’’ Choice 1: I blew into it. Choice 2: I pricked it. Q: Which one is more likely to be the cause, choice 1 or choice 2?",The balloon expanded.,I blew into it.,I pricked it.,cause,0.33229243755340576,-0.18633051216602325,1,0.518622949719429,0.33229243755340576
"Consider the following example: ‘‘‘The bananas ripened.’’’ Choice 1: We squeezed them. Choice 2: We ate them. Q: Which one is more likely to be the effect, choice 1 or choice 2?",The bananas ripened.,We squeezed them.,We ate them.,effect,0.10866793990135193,0.06532738357782364,2,0.04334055632352829,0.10866793990135193
"Consider the following example: ‘‘‘The bartender refused to serve the patron.’’’ Choice 1: The patron was alone. Choice 2: The patron was drunk. Q: Which one is more likely to be the cause, choice 1 or choice 2?",The bartender refused to serve the patron.,The patron was alone.,The patron was drunk.,cause,0.38526278734207153,-0.6738216876983643,2,1.0590844750404358,0.6738216876983643
"Consider the following example: ‘‘‘The benefactor requested to stay anonymous.’’’ Choice 1: He wanted to maintain his privacy. Choice 2: He supported the cause behind his donation. Q: Which one is more likely to be the cause, choice 1 or choice 2?",The benefactor requested to stay anonymous.,He wanted to maintain his privacy.,He supported the cause behind his donation.,cause,0.044505707919597626,0.2856854796409607,1,0.24117977172136307,0.2856854796409607
"Consider the following example: ‘‘‘The boat capsized.’’’ Choice 1: The captain raised the sail. Choice 2: It was caught in a hurricane. Q: Which one is more likely to be the cause, choice 1 or choice 2?",The boat capsized.,The captain raised the sail.,It was caught in a hurricane.,cause,0.978191077709198,-0.8988587856292725,2,1.8770498633384705,0.978191077709198
"Consider the following example: ‘‘‘The boaters set off a flare.’’’ Choice 1: Their boat drifted to shore. Choice 2: Their boat was rescued. Q: Which one is more likely to be the effect, choice 1 or choice 2?",The boaters set off a flare.,Their boat drifted to shore.,Their boat was rescued.,effect,-0.15536756813526154,-0.1359684318304062,2,0.019399136304855347,0.15536756813526154
"Consider the following example: ‘‘‘The book was deemed inappropriate for children.’’’ Choice 1: Schools banned it from its libraries. Choice 2: Teachers required students to read it. Q: Which one is more likely to be the effect, choice 1 or choice 2?",The book was deemed inappropriate for children.,Schools banned it from its libraries.,Teachers required students to read it.,effect,-0.43979737162590027,0.5006842613220215,1,0.9404816329479218,0.5006842613220215
"Consider the following example: ‘‘‘The boy climbed the tree.’’’ Choice 1: A cat got stuck in the tree. Choice 2: A bird built a nest in the tree. Q: Which one is more likely to be the cause, choice 1 or choice 2?",The boy climbed the tree.,A cat got stuck in the tree.,A bird built a nest in the tree.,cause,-0.2320842146873474,0.3383251428604126,1,0.57040935754776,0.3383251428604126
"Consider the following example: ‘‘‘The boy felt homesick.’’’ Choice 1: He went away to camp. Choice 2: He bickered with his sister. Q: Which one is more likely to be the cause, choice 1 or choice 2?",The boy felt homesick.,He went away to camp.,He bickered with his sister.,cause,-0.2735254466533661,0.22741234302520752,1,0.5009377896785736,0.2735254466533661
"Consider the following example: ‘‘‘The boy had trouble buttoning his shirt.’’’ Choice 1: He refused to wear the shirt. Choice 2: He asked his mother for help. Q: Which one is more likely to be the effect, choice 1 or choice 2?",The boy had trouble buttoning his shirt.,He refused to wear the shirt.,He asked his mother for help.,effect,-0.21385271847248077,0.15104874968528748,2,0.36490146815776825,0.21385271847248077
"Consider the following example: ‘‘‘The boy painted a picture for his mother.’’’ Choice 1: His mother hung the picture on the wall. Choice 2: His mother sold the picture to a gallery. Q: Which one is more likely to be the effect, choice 1 or choice 2?",The boy painted a picture for his mother.,His mother hung the picture on the wall.,His mother sold the picture to a gallery.,effect,-0.397280216217041,0.22758762538433075,1,0.6248678416013718,0.397280216217041
"Consider the following example: ‘‘‘The boy tuned the radio.’’’ Choice 1: The station was playing rock music. Choice 2: The station was coming in with static. Q: Which one is more likely to be the cause, choice 1 or choice 2?",The boy tuned the radio.,The station was playing rock music.,The station was coming in with static.,cause,0.1064247339963913,-0.26618051528930664,2,0.37260524928569794,0.26618051528930664
"Consider the following example: ‘‘‘The boy was afraid to go to bed.’’’ Choice 1: He turned on his nightlight. Choice 2: He watched a horror movie. Q: Which one is more likely to be the cause, choice 1 or choice 2?",The boy was afraid to go to bed.,He turned on his nightlight.,He watched a horror movie.,cause,-0.08492298424243927,0.05798153206706047,2,0.14290451630949974,0.08492298424243927
"Consider the following example: ‘‘‘The boy's hands were shaking.’’’ Choice 1: He planned to ask the girl out. Choice 2: His palms were cold and sweaty. Q: Which one is more likely to be the cause, choice 1 or choice 2?",The boy's hands were shaking.,He planned to ask the girl out.,His palms were cold and sweaty.,cause,0.5017905235290527,-0.6804954409599304,1,1.1822859644889832,0.6804954409599304
"Consider the following example: ‘‘‘The boy's mouth stung.’’’ Choice 1: He ate a pepper. Choice 2: He blew out the candle. Q: Which one is more likely to be the cause, choice 1 or choice 2?",The boy's mouth stung.,He ate a pepper.,He blew out the candle.,cause,-0.1394541710615158,0.26731622219085693,1,0.40677039325237274,0.26731622219085693
"Consider the following example: ‘‘‘The bride got cold feet before the wedding.’’’ Choice 1: The wedding guests brought gifts. Choice 2: She called the wedding off. Q: Which one is more likely to be the effect, choice 1 or choice 2?",The bride got cold feet before the wedding.,The wedding guests brought gifts.,She called the wedding off.,effect,0.7684754133224487,-0.9322668313980103,2,1.700742244720459,0.9322668313980103
"Consider the following example: ‘‘‘The bureau drawers were cluttered.’’’ Choice 1: I threw away unnecessary contents. Choice 2: I locked the drawers shut. Q: Which one is more likely to be the effect, choice 1 or choice 2?",The bureau drawers were cluttered.,I threw away unnecessary contents.,I locked the drawers shut.,effect,0.10023929923772812,-0.18706393241882324,1,0.28730323165655136,0.18706393241882324
"Consider the following example: ‘‘‘The button on my shirt fell off.’’’ Choice 1: I sewed the button back on. Choice 2: I glued the button back on. Q: Which one is more likely to be the effect, choice 1 or choice 2?",The button on my shirt fell off.,I sewed the button back on.,I glued the button back on.,effect,-0.04624683037400246,0.1509077399969101,1,0.19715457037091255,0.1509077399969101
"Consider the following example: ‘‘‘The car stopped at the crosswalk.’’’ Choice 1: The pedestrian crossed the road. Choice 2: The pedestrian waited on the sidewalk. Q: Which one is more likely to be the effect, choice 1 or choice 2?",The car stopped at the crosswalk.,The pedestrian crossed the road.,The pedestrian waited on the sidewalk.,effect,-0.18700231611728668,0.34287595748901367,1,0.5298782736063004,0.34287595748901367
"Consider the following example: ‘‘‘The celebrity wore sunglasses.’’’ Choice 1: She wanted to thank her fans. Choice 2: She wanted to avoid recognition. Q: Which one is more likely to be the cause, choice 1 or choice 2?",The celebrity wore sunglasses.,She wanted to thank her fans.,She wanted to avoid recognition.,cause,0.5707557201385498,-0.8978101015090942,2,1.468565821647644,0.8978101015090942
"Consider the following example: ‘‘‘The chair squeaked.’’’ Choice 1: The man carried the chair to his office. Choice 2: The man scooted the chair closer to his desk. Q: Which one is more likely to be the cause, choice 1 or choice 2?",The chair squeaked.,The man carried the chair to his office.,The man scooted the chair closer to his desk.,cause,-0.0574989952147007,0.14005813002586365,2,0.19755712524056435,0.14005813002586365
"Consider the following example: ‘‘‘The chandelier shattered on the floor.’’’ Choice 1: The chandelier dropped from the ceiling. Choice 2: The chandelier's lights flickered on and off. Q: Which one is more likely to be the cause, choice 1 or choice 2?",The chandelier shattered on the floor.,The chandelier dropped from the ceiling.,The chandelier's lights flickered on and off.,cause,-0.10472812503576279,0.5531653165817261,1,0.6578934416174889,0.5531653165817261
"Consider the following example: ‘‘‘The chef pressed down on the dough.’’’ Choice 1: The dough crumbled. Choice 2: The dough flattened. Q: Which one is more likely to be the effect, choice 1 or choice 2?",The chef pressed down on the dough.,The dough crumbled.,The dough flattened.,effect,-0.12310562282800674,-0.32366666197776794,2,0.2005610391497612,0.32366666197776794
"Consider the following example: ‘‘‘The child disobeyed her parents.’’’ Choice 1: Her parents hugged her. Choice 2: Her parents punished her. Q: Which one is more likely to be the effect, choice 1 or choice 2?",The child disobeyed her parents.,Her parents hugged her.,Her parents punished her.,effect,0.6438391208648682,-0.8749638199806213,2,1.5188029408454895,0.8749638199806213
"Consider the following example: ‘‘‘The child kicked the stack of blocks.’’’ Choice 1: The stack towered over the boy's head. Choice 2: The blocks scattered all over the rug. Q: Which one is more likely to be the effect, choice 1 or choice 2?",The child kicked the stack of blocks.,The stack towered over the boy's head.,The blocks scattered all over the rug.,effect,-0.013880021870136261,-0.08223120868206024,2,0.06835118681192398,0.08223120868206024
"Consider the following example: ‘‘‘The children knocked over a lamp.’’’ Choice 1: They had a pillow fight. Choice 2: They jumped on the bed. Q: Which one is more likely to be the cause, choice 1 or choice 2?",The children knocked over a lamp.,They had a pillow fight.,They jumped on the bed.,cause,0.042115408927202225,0.08415257185697556,1,0.04203716292977333,0.08415257185697556
"Consider the following example: ‘‘‘The children ran through the sprinkler.’’’ Choice 1: They ate popsicles. Choice 2: They were hot. Q: Which one is more likely to be the cause, choice 1 or choice 2?",The children ran through the sprinkler.,They ate popsicles.,They were hot.,cause,0.2763063311576843,-0.4206656813621521,2,0.6969720125198364,0.4206656813621521
"Consider the following example: ‘‘‘The city re-elected the mayor.’’’ Choice 1: The city cut its budget. Choice 2: The mayor fulfilled his promises. Q: Which one is more likely to be the cause, choice 1 or choice 2?",The city re-elected the mayor.,The city cut its budget.,The mayor fulfilled his promises.,cause,0.10135088860988617,-0.13850611448287964,2,0.2398570030927658,0.13850611448287964
"Consider the following example: ‘‘‘The clock chimed.’’’ Choice 1: It was the top of the hour. Choice 2: The hour seemed to drag on. Q: Which one is more likely to be the cause, choice 1 or choice 2?",The clock chimed.,It was the top of the hour.,The hour seemed to drag on.,cause,0.04358813166618347,0.04230465739965439,1,0.0012834742665290833,0.04358813166618347
"Consider the following example: ‘‘‘The competition ended.’’’ Choice 1: The teams got pumped up. Choice 2: The teams shook hands. Q: Which one is more likely to be the effect, choice 1 or choice 2?",The competition ended.,The teams got pumped up.,The teams shook hands.,effect,0.1846054196357727,-0.07979223132133484,2,0.26439765095710754,0.1846054196357727
"Consider the following example: ‘‘‘The computer crashed.’’’ Choice 1: I backed up my files. Choice 2: I downloaded a virus. Q: Which one is more likely to be the cause, choice 1 or choice 2?",The computer crashed.,I backed up my files.,I downloaded a virus.,cause,0.5941793322563171,-0.5760023593902588,2,1.170181691646576,0.5941793322563171
"Consider the following example: ‘‘‘The computer was expensive to fix.’’’ Choice 1: I got it repaired. Choice 2: I bought a new one. Q: Which one is more likely to be the effect, choice 1 or choice 2?",The computer was expensive to fix.,I got it repaired.,I bought a new one.,effect,-0.1060606837272644,0.03164748102426529,2,0.1377081647515297,0.1060606837272644
"Consider the following example: ‘‘‘The couple got engaged.’’’ Choice 1: They planned a wedding. Choice 2: They took some time apart. Q: Which one is more likely to be the effect, choice 1 or choice 2?",The couple got engaged.,They planned a wedding.,They took some time apart.,effect,-0.061935290694236755,0.2604534924030304,1,0.32238878309726715,0.2604534924030304
"Consider the following example: ‘‘‘The cowgirl threw her lasso towards the horse.’’’ Choice 1: The lasso grabbed onto the horse. Choice 2: The horse trotted into the barn. Q: Which one is more likely to be the effect, choice 1 or choice 2?",The cowgirl threw her lasso towards the horse.,The lasso grabbed onto the horse.,The horse trotted into the barn.,effect,-0.5308014750480652,0.5459360480308533,1,1.0767375230789185,0.5459360480308533
"Consider the following example: ‘‘‘The crowd gave the band a standing ovation.’’’ Choice 1: The band signed autographs. Choice 2: The band reappeared on the stage. Q: Which one is more likely to be the effect, choice 1 or choice 2?",The crowd gave the band a standing ovation.,The band signed autographs.,The band reappeared on the stage.,effect,0.04677733778953552,-0.04873931407928467,2,0.09551665186882019,0.04873931407928467
"Consider the following example: ‘‘‘The cup of tea was scalding hot.’’’ Choice 1: I blew on it. Choice 2: I poured it out. Q: Which one is more likely to be the effect, choice 1 or choice 2?",The cup of tea was scalding hot.,I blew on it.,I poured it out.,effect,0.08990511298179626,-0.3260982036590576,1,0.4160033166408539,0.3260982036590576
"Consider the following example: ‘‘‘The customer came into the boutique.’’’ Choice 1: She left her wallet at home. Choice 2: The window display caught her eye. Q: Which one is more likely to be the cause, choice 1 or choice 2?",The customer came into the boutique.,She left her wallet at home.,The window display caught her eye.,cause,-0.22172456979751587,0.24103966355323792,2,0.4627642333507538,0.24103966355323792
"Consider the following example: ‘‘‘The customer filed a complaint with the store manager.’’’ Choice 1: The sales associate undercharged the customer. Choice 2: The sales associate acted rude to the customer. Q: Which one is more likely to be the cause, choice 1 or choice 2?",The customer filed a complaint with the store manager.,The sales associate undercharged the customer.,The sales associate acted rude to the customer.,cause,0.036955513060092926,-0.09741970896720886,2,0.1343752220273018,0.09741970896720886
"Consider the following example: ‘‘‘The detective revealed an anomaly in the case.’’’ Choice 1: He finalized his theory. Choice 2: He scrapped his theory. Q: Which one is more likely to be the effect, choice 1 or choice 2?",The detective revealed an anomaly in the case.,He finalized his theory.,He scrapped his theory.,effect,0.16616562008857727,-0.5080096125602722,2,0.6741752326488495,0.5080096125602722
"Consider the following example: ‘‘‘The doctors amputated the patient's leg.’’’ Choice 1: It was badly bruised. Choice 2: It was severely infected. Q: Which one is more likely to be the cause, choice 1 or choice 2?",The doctors amputated the patient's leg.,It was badly bruised.,It was severely infected.,cause,0.6464227437973022,-0.7456397414207458,2,1.392062485218048,0.7456397414207458
"Consider the following example: ‘‘‘The dog barked.’’’ Choice 1: The cat lounged on the couch. Choice 2: A knock sounded at the door. Q: Which one is more likely to be the cause, choice 1 or choice 2?",The dog barked.,The cat lounged on the couch.,A knock sounded at the door.,cause,0.08412866294384003,-0.06243553012609482,2,0.14656419306993484,0.08412866294384003
"Consider the following example: ‘‘‘The driver got a flat tire.’’’ Choice 1: He went over the speed limit. Choice 2: He ran over a nail. Q: Which one is more likely to be the cause, choice 1 or choice 2?",The driver got a flat tire.,He went over the speed limit.,He ran over a nail.,cause,0.6523223519325256,-0.8434405326843262,2,1.4957628846168518,0.8434405326843262
"Consider the following example: ‘‘‘The driver rotated the steering wheel.’’’ Choice 1: The car halted. Choice 2: The car turned. Q: Which one is more likely to be the effect, choice 1 or choice 2?",The driver rotated the steering wheel.,The car halted.,The car turned.,effect,0.23296868801116943,-0.46085110306739807,2,0.6938197910785675,0.46085110306739807
"Consider the following example: ‘‘‘The driver slammed on his brakes.’’’ Choice 1: A deer appeared on the road. Choice 2: The car radio shut off. Q: Which one is more likely to be the cause, choice 1 or choice 2?",The driver slammed on his brakes.,A deer appeared on the road.,The car radio shut off.,cause,-0.8235087394714355,1.1579244136810303,1,1.9814331531524658,1.1579244136810303
"Consider the following example: ‘‘‘The driver turned on the car's headlights.’’’ Choice 1: He heard thunder. Choice 2: The sun went down. Q: Which one is more likely to be the cause, choice 1 or choice 2?",The driver turned on the car's headlights.,He heard thunder.,The sun went down.,cause,-0.1202285885810852,-0.03933432698249817,2,0.08089426159858704,0.1202285885810852
"Consider the following example: ‘‘‘The dust came off the desk.’’’ Choice 1: I wiped the desk with a cloth. Choice 2: I removed the books from the desk. Q: Which one is more likely to be the cause, choice 1 or choice 2?",The dust came off the desk.,I wiped the desk with a cloth.,I removed the books from the desk.,cause,0.03274553269147873,-0.07864399999380112,1,0.11138953268527985,0.07864399999380112
"Consider the following example: ‘‘‘The egg splattered.’’’ Choice 1: I dropped it. Choice 2: I boiled it. Q: Which one is more likely to be the cause, choice 1 or choice 2?",The egg splattered.,I dropped it.,I boiled it.,cause,-0.34021511673927307,0.223626509308815,1,0.5638416260480881,0.34021511673927307
"Consider the following example: ‘‘‘The elderly woman suffered a stroke.’’’ Choice 1: The woman's daughter came over to clean her house. Choice 2: The woman's daughter moved in to take care of her. Q: Which one is more likely to be the effect, choice 1 or choice 2?",The elderly woman suffered a stroke.,The woman's daughter came over to clean her house.,The woman's daughter moved in to take care of her.,effect,0.4730064868927002,-0.3832557201385498,2,0.85626220703125,0.4730064868927002
"Consider the following example: ‘‘‘The farmland needed irrigation.’’’ Choice 1: A canal was constructed. Choice 2: A flood occurred. Q: Which one is more likely to be the effect, choice 1 or choice 2?",The farmland needed irrigation.,A canal was constructed.,A flood occurred.,effect,0.044392943382263184,-0.1274140477180481,1,0.17180699110031128,0.1274140477180481
"Consider the following example: ‘‘‘The father shut off the children's television.’’’ Choice 1: It was bedtime for the children. Choice 2: The children were watching cartoons. Q: Which one is more likely to be the cause, choice 1 or choice 2?",The father shut off the children's television.,It was bedtime for the children.,The children were watching cartoons.,cause,-0.06508927047252655,0.32258370518684387,1,0.3876729756593704,0.32258370518684387
"Consider the following example: ‘‘‘The flashlight was dead.’’’ Choice 1: I took it apart. Choice 2: I replaced the batteries. Q: Which one is more likely to be the effect, choice 1 or choice 2?",The flashlight was dead.,I took it apart.,I replaced the batteries.,effect,0.11246302723884583,-0.3285036087036133,2,0.4409666359424591,0.3285036087036133
"Consider the following example: ‘‘‘The friends' debate dragged on interminably.’’’ Choice 1: The friends saw eye to eye. Choice 2: The friends were splitting hairs. Q: Which one is more likely to be the cause, choice 1 or choice 2?",The friends' debate dragged on interminably.,The friends saw eye to eye.,The friends were splitting hairs.,cause,0.36135730147361755,-0.5301386713981628,2,0.8914959728717804,0.5301386713981628
"Consider the following example: ‘‘‘The fugitive hid from the police.’’’ Choice 1: The police dropped the case. Choice 2: The fugitive remained at large. Q: Which one is more likely to be the effect, choice 1 or choice 2?",The fugitive hid from the police.,The police dropped the case.,The fugitive remained at large.,effect,-0.09621009230613708,-0.13451683521270752,2,0.038306742906570435,0.13451683521270752
"Consider the following example: ‘‘‘The gardener pulled the weeds.’’’ Choice 1: The weeds came out of the soil. Choice 2: The weeds produced seeds. Q: Which one is more likely to be the effect, choice 1 or choice 2?",The gardener pulled the weeds.,The weeds came out of the soil.,The weeds produced seeds.,effect,-0.38370993733406067,0.33599570393562317,1,0.7197056412696838,0.38370993733406067
"Consider the following example: ‘‘‘The girl applied the scissors to the paper.’’’ Choice 1: The paper sliced apart. Choice 2: The paper crinkled. Q: Which one is more likely to be the effect, choice 1 or choice 2?",The girl applied the scissors to the paper.,The paper sliced apart.,The paper crinkled.,effect,-0.6736620664596558,0.604483962059021,1,1.2781460285186768,0.6736620664596558
"Consider the following example: ‘‘‘The girl found a bug in her cereal.’’’ Choice 1: She poured milk in the bowl. Choice 2: She lost her appetite. Q: Which one is more likely to be the effect, choice 1 or choice 2?",The girl found a bug in her cereal.,She poured milk in the bowl.,She lost her appetite.,effect,-0.04481975734233856,0.21988581120967865,2,0.2647055685520172,0.21988581120967865
"Consider the following example: ‘‘‘The girl found the missing puzzle piece.’’’ Choice 1: She completed the puzzle. Choice 2: She took apart the puzzle. Q: Which one is more likely to be the effect, choice 1 or choice 2?",The girl found the missing puzzle piece.,She completed the puzzle.,She took apart the puzzle.,effect,-0.003458240069448948,-0.017976243048906326,1,0.014518002979457378,0.017976243048906326
"Consider the following example: ‘‘‘The girl handed down her clothes to her younger sister.’’’ Choice 1: The clothes were tattered. Choice 2: She outgrew the clothes. Q: Which one is more likely to be the cause, choice 1 or choice 2?",The girl handed down her clothes to her younger sister.,The clothes were tattered.,She outgrew the clothes.,cause,-0.0051682740449905396,0.030433857813477516,2,0.035602131858468056,0.030433857813477516
"Consider the following example: ‘‘‘The girl met her favorite actor.’’’ Choice 1: She went to see his new film. Choice 2: She asked him for his autograph. Q: Which one is more likely to be the effect, choice 1 or choice 2?",The girl met her favorite actor.,She went to see his new film.,She asked him for his autograph.,effect,-0.06430549174547195,-0.016759684309363365,2,0.04754580743610859,0.06430549174547195
"Consider the following example: ‘‘‘The girl performed in a dance recital.’’’ Choice 1: Her parents showed her how to dance. Choice 2: Her parents came to watch the recital. Q: Which one is more likely to be the effect, choice 1 or choice 2?",The girl performed in a dance recital.,Her parents showed her how to dance.,Her parents came to watch the recital.,effect,-0.051955319941043854,0.046155959367752075,2,0.09811127930879593,0.051955319941043854
"Consider the following example: ‘‘‘The girl pushed her friend.’’’ Choice 1: Her friend choked. Choice 2: Her friend fell over. Q: Which one is more likely to be the effect, choice 1 or choice 2?",The girl pushed her friend.,Her friend choked.,Her friend fell over.,effect,-0.23740065097808838,0.14825360476970673,2,0.3856542557477951,0.23740065097808838
"Consider the following example: ‘‘‘The girl pushed herself off the top of the slide.’’’ Choice 1: She glided down the slide. Choice 2: She crawled up the slide. Q: Which one is more likely to be the effect, choice 1 or choice 2?",The girl pushed herself off the top of the slide.,She glided down the slide.,She crawled up the slide.,effect,0.019941790029406548,0.4141344130039215,1,0.39419262297451496,0.4141344130039215
"Consider the following example: ‘‘‘The girl received a trophy.’’’ Choice 1: She won a spelling bee. Choice 2: She made a new friend. Q: Which one is more likely to be the cause, choice 1 or choice 2?",The girl received a trophy.,She won a spelling bee.,She made a new friend.,cause,-0.2915405035018921,0.5886662006378174,1,0.8802067041397095,0.5886662006378174
"Consider the following example: ‘‘‘The girl refused to eat her vegetables.’’’ Choice 1: Her father told her to drink her milk. Choice 2: Her father took away her dessert. Q: Which one is more likely to be the effect, choice 1 or choice 2?",The girl refused to eat her vegetables.,Her father told her to drink her milk.,Her father took away her dessert.,effect,0.06601902097463608,-0.15927481651306152,2,0.2252938374876976,0.15927481651306152
"Consider the following example: ‘‘‘The girl shared her lunch with her friend.’’’ Choice 1: Her friend forgot to bring his lunch. Choice 2: Her friend sat next to her at lunch. Q: Which one is more likely to be the cause, choice 1 or choice 2?",The girl shared her lunch with her friend.,Her friend forgot to bring his lunch.,Her friend sat next to her at lunch.,cause,-0.33021867275238037,0.704232931137085,1,1.0344516038894653,0.704232931137085
"Consider the following example: ‘‘‘The girl stared at herself in the mirror.’’’ Choice 1: She felt self-conscious. Choice 2: The mirror was smudged. Q: Which one is more likely to be the cause, choice 1 or choice 2?",The girl stared at herself in the mirror.,She felt self-conscious.,The mirror was smudged.,cause,-0.1398639678955078,0.12858912348747253,1,0.26845309138298035,0.1398639678955078
"Consider the following example: ‘‘‘The girl wanted to demonstrate proper etiquette.’’’ Choice 1: She threw away her napkin after eating. Choice 2: She put her napkin on her lap before eating. Q: Which one is more likely to be the effect, choice 1 or choice 2?",The girl wanted to demonstrate proper etiquette.,She threw away her napkin after eating.,She put her napkin on her lap before eating.,effect,0.02470982074737549,0.166928231716156,2,0.14221841096878052,0.166928231716156
"Consider the following example: ‘‘‘The girl wanted to wear earrings.’’’ Choice 1: She got her ears pierced. Choice 2: She got a tattoo. Q: Which one is more likely to be the effect, choice 1 or choice 2?",The girl wanted to wear earrings.,She got her ears pierced.,She got a tattoo.,effect,-0.2987557351589203,0.17741572856903076,1,0.47617146372795105,0.2987557351589203
"Consider the following example: ‘‘‘The girl was angry with her friend.’’’ Choice 1: The girl spread a rumor about her friend. Choice 2: The girl told a secret to her friend. Q: Which one is more likely to be the effect, choice 1 or choice 2?",The girl was angry with her friend.,The girl spread a rumor about her friend.,The girl told a secret to her friend.,effect,-0.1807151734828949,0.4562700390815735,1,0.6369852125644684,0.4562700390815735
"Consider the following example: ‘‘‘The girl went down the hill on her bike.’’’ Choice 1: Her bike swerved. Choice 2: Her bike sped up. Q: Which one is more likely to be the effect, choice 1 or choice 2?",The girl went down the hill on her bike.,Her bike swerved.,Her bike sped up.,effect,-0.38670721650123596,0.2064075767993927,2,0.5931147933006287,0.38670721650123596
"Consider the following example: ‘‘‘The girl's mouth ached.’’’ Choice 1: She lost a tooth. Choice 2: She swallowed her gum. Q: Which one is more likely to be the cause, choice 1 or choice 2?",The girl's mouth ached.,She lost a tooth.,She swallowed her gum.,cause,-0.07200799882411957,0.37482625246047974,1,0.4468342512845993,0.37482625246047974
"Consider the following example: ‘‘‘The glasses on the table spilled.’’’ Choice 1: The child drew on the table. Choice 2: The child yanked the tablecloth. Q: Which one is more likely to be the cause, choice 1 or choice 2?",The glasses on the table spilled.,The child drew on the table.,The child yanked the tablecloth.,cause,0.1990581452846527,-0.4412793815135956,2,0.6403375267982483,0.4412793815135956
"Consider the following example: ‘‘‘The grape juice fermented.’’’ Choice 1: The juice turned to wine. Choice 2: The juice evaporated. Q: Which one is more likely to be the effect, choice 1 or choice 2?",The grape juice fermented.,The juice turned to wine.,The juice evaporated.,effect,-0.19348618388175964,0.6428499221801758,1,0.8363361060619354,0.6428499221801758
"Consider the following example: ‘‘‘The group overlooked the woman's faux pas.’’’ Choice 1: The woman was relieved. Choice 2: The woman apologized. Q: Which one is more likely to be the effect, choice 1 or choice 2?",The group overlooked the woman's faux pas.,The woman was relieved.,The woman apologized.,effect,-0.013213248923420906,0.06330160796642303,1,0.07651485688984394,0.06330160796642303
"Consider the following example: ‘‘‘The guests of the party hid behind the couch.’’’ Choice 1: It was a surprise party. Choice 2: It was a birthday party. Q: Which one is more likely to be the cause, choice 1 or choice 2?",The guests of the party hid behind the couch.,It was a surprise party.,It was a birthday party.,cause,-0.11003568023443222,0.2652445435523987,1,0.3752802237868309,0.2652445435523987
"Consider the following example: ‘‘‘The homeowners disliked their nosy neighbors.’’’ Choice 1: They built a fence around their property. Choice 2: They hosted a barbeque in their backyard. Q: Which one is more likely to be the effect, choice 1 or choice 2?",The homeowners disliked their nosy neighbors.,They built a fence around their property.,They hosted a barbeque in their backyard.,effect,-0.2789366841316223,0.5546311736106873,1,0.8335678577423096,0.5546311736106873
"Consider the following example: ‘‘‘The horse bucked.’’’ Choice 1: A fly bit the horse. Choice 2: The rider stroked the horse. Q: Which one is more likely to be the cause, choice 1 or choice 2?",The horse bucked.,A fly bit the horse.,The rider stroked the horse.,cause,-0.1329466700553894,0.3370720148086548,1,0.4700186848640442,0.3370720148086548
"Consider the following example: ‘‘‘The hospital sent the patient home.’’’ Choice 1: The patient's symptoms cleared up. Choice 2: The patient's family visited him. Q: Which one is more likely to be the cause, choice 1 or choice 2?",The hospital sent the patient home.,The patient's symptoms cleared up.,The patient's family visited him.,cause,-0.017227599397301674,0.2689700722694397,1,0.28619767166674137,0.2689700722694397
"Consider the following example: ‘‘‘The host cancelled the party.’’’ Choice 1: She was certain she had the flu. Choice 2: She worried she would catch the flu. Q: Which one is more likely to be the cause, choice 1 or choice 2?",The host cancelled the party.,She was certain she had the flu.,She worried she would catch the flu.,cause,-0.04493853077292442,0.14360767602920532,1,0.18854620680212975,0.14360767602920532
"Consider the following example: ‘‘‘The host served dinner to his guests.’’’ Choice 1: His guests were gracious. Choice 2: His guests went hungry. Q: Which one is more likely to be the effect, choice 1 or choice 2?",The host served dinner to his guests.,His guests were gracious.,His guests went hungry.,effect,-0.00969041045755148,-0.07371953129768372,1,0.06402912084013224,0.07371953129768372
"Consider the following example: ‘‘‘The jewelry thieves were caught.’’’ Choice 1: The stolen jewelry was returned to its owners. Choice 2: The cost of the stolen jewelry was calculated. Q: Which one is more likely to be the effect, choice 1 or choice 2?",The jewelry thieves were caught.,The stolen jewelry was returned to its owners.,The cost of the stolen jewelry was calculated.,effect,0.026509789749979973,-0.026405392214655876,1,0.05291518196463585,0.026509789749979973
"Consider the following example: ‘‘‘The journalist wrote a biography about the humanitarian's life.’’’ Choice 1: The humanitarian was difficult for the journalist to interview. Choice 2: The journalist was intrigued by the humanitarian's work. Q: Which one is more likely to be the cause, choice 1 or choice 2?",The journalist wrote a biography about the humanitarian's life.,The humanitarian was difficult for the journalist to interview.,The journalist was intrigued by the humanitarian's work.,cause,0.044285476207733154,0.10422812402248383,2,0.05994264781475067,0.10422812402248383
"Consider the following example: ‘‘‘The kidnappers released the hostage.’’’ Choice 1: They accepted ransom money. Choice 2: They escaped from jail. Q: Which one is more likely to be the cause, choice 1 or choice 2?",The kidnappers released the hostage.,They accepted ransom money.,They escaped from jail.,cause,0.019112536683678627,-0.09037058800458908,1,0.10948312468826771,0.09037058800458908
"Consider the following example: ‘‘‘The librarian located the book in the stacks.’’’ Choice 1: I requested the librarian's help. Choice 2: The book was checked out. Q: Which one is more likely to be the cause, choice 1 or choice 2?",The librarian located the book in the stacks.,I requested the librarian's help.,The book was checked out.,cause,0.1338454633951187,-0.2480984479188919,1,0.3819439113140106,0.2480984479188919
"Consider the following example: ‘‘‘The lock opened.’’’ Choice 1: I turned the key in the lock. Choice 2: I made a duplicate of the key. Q: Which one is more likely to be the cause, choice 1 or choice 2?",The lock opened.,I turned the key in the lock.,I made a duplicate of the key.,cause,-0.05513584613800049,0.09456788003444672,1,0.1497037261724472,0.09456788003444672
"Consider the following example: ‘‘‘The man became disabled.’’’ Choice 1: His family offered him financial support. Choice 2: His family cut off contact with him. Q: Which one is more likely to be the effect, choice 1 or choice 2?",The man became disabled.,His family offered him financial support.,His family cut off contact with him.,effect,0.41136762499809265,-0.48408937454223633,1,0.895456999540329,0.48408937454223633
"Consider the following example: ‘‘‘The man confessed his love for the woman.’’’ Choice 1: The woman rejected him. Choice 2: The woman envied him. Q: Which one is more likely to be the effect, choice 1 or choice 2?",The man confessed his love for the woman.,The woman rejected him.,The woman envied him.,effect,-0.5831600427627563,0.6906446814537048,1,1.2738047242164612,0.6906446814537048
"Consider the following example: ‘‘‘The man craved a cigarette.’’’ Choice 1: His family urged him to quit smoking. Choice 2: He was addicted to nicotine. Q: Which one is more likely to be the cause, choice 1 or choice 2?",The man craved a cigarette.,His family urged him to quit smoking.,He was addicted to nicotine.,cause,0.5527095794677734,-0.7261995673179626,2,1.278909146785736,0.7261995673179626
"Consider the following example: ‘‘‘The man drank water with his meal.’’’ Choice 1: His meal was cold. Choice 2: His meal was spicy. Q: Which one is more likely to be the cause, choice 1 or choice 2?",The man drank water with his meal.,His meal was cold.,His meal was spicy.,cause,-0.1305253654718399,0.30265265703201294,2,0.43317802250385284,0.30265265703201294
"Consider the following example: ‘‘‘The man dressed in his best suit.’’’ Choice 1: He scheduled a meeting with an important client. Choice 2: His wife bought him a new tie. Q: Which one is more likely to be the cause, choice 1 or choice 2?",The man dressed in his best suit.,He scheduled a meeting with an important client.,His wife bought him a new tie.,cause,-0.2258097529411316,0.13499847054481506,1,0.36080822348594666,0.2258097529411316
"Consider the following example: ‘‘‘The man fainted.’’’ Choice 1: He took a nap. Choice 2: He ran a marathon. Q: Which one is more likely to be the cause, choice 1 or choice 2?",The man fainted.,He took a nap.,He ran a marathon.,cause,-0.006518654525279999,0.2286742776632309,2,0.2351929321885109,0.2286742776632309
"Consider the following example: ‘‘‘The man fell unconscious.’’’ Choice 1: The assailant struck the man in the head. Choice 2: The assailant took the man's wallet. Q: Which one is more likely to be the cause, choice 1 or choice 2?",The man fell unconscious.,The assailant struck the man in the head.,The assailant took the man's wallet.,cause,-0.15545910596847534,0.14337262511253357,1,0.2988317310810089,0.15545910596847534
"Consider the following example: ‘‘‘The man got a discount on his groceries.’’’ Choice 1: He greeted the cashier. Choice 2: He used a coupon. Q: Which one is more likely to be the cause, choice 1 or choice 2?",The man got a discount on his groceries.,He greeted the cashier.,He used a coupon.,cause,0.14836373925209045,-0.5747049450874329,2,0.7230686843395233,0.5747049450874329
"Consider the following example: ‘‘‘The man had an attack of conscience.’’’ Choice 1: He manipulated his friend. Choice 2: He admitted his indiscretion. Q: Which one is more likely to be the effect, choice 1 or choice 2?",The man had an attack of conscience.,He manipulated his friend.,He admitted his indiscretion.,effect,-0.17386068403720856,-0.06616436690092087,2,0.10769631713628769,0.17386068403720856
"Consider the following example: ‘‘‘The man held his breath.’’’ Choice 1: He went underwater. Choice 2: He treaded water. Q: Which one is more likely to be the cause, choice 1 or choice 2?",The man held his breath.,He went underwater.,He treaded water.,cause,-0.123166024684906,0.1828630417585373,1,0.3060290664434433,0.1828630417585373
"Consider the following example: ‘‘‘The man read the cartoon in the newspaper.’’’ Choice 1: He sipped coffee. Choice 2: He chuckled. Q: Which one is more likely to be the effect, choice 1 or choice 2?",The man read the cartoon in the newspaper.,He sipped coffee.,He chuckled.,effect,0.13348916172981262,-0.02486446499824524,2,0.15835362672805786,0.13348916172981262
"Consider the following example: ‘‘‘The man revealed personal information to the therapist.’’’ Choice 1: He trusted the therapist. Choice 2: He disagreed with the therapist. Q: Which one is more likely to be the cause, choice 1 or choice 2?",The man revealed personal information to the therapist.,He trusted the therapist.,He disagreed with the therapist.,cause,-0.12010836601257324,0.3170047402381897,1,0.43711310625076294,0.3170047402381897
"Consider the following example: ‘‘‘The man threw his empty can onto the street.’’’ Choice 1: He was jumped from behind. Choice 2: He was fined for littering. Q: Which one is more likely to be the effect, choice 1 or choice 2?",The man threw his empty can onto the street.,He was jumped from behind.,He was fined for littering.,effect,-0.17890812456607819,-0.34742027521133423,2,0.16851215064525604,0.34742027521133423
"Consider the following example: ‘‘‘The man threw out the bread.’’’ Choice 1: It was fresh. Choice 2: It was stale. Q: Which one is more likely to be the cause, choice 1 or choice 2?",The man threw out the bread.,It was fresh.,It was stale.,cause,0.3076551556587219,-0.15450868010520935,2,0.4621638357639313,0.3076551556587219
"Consider the following example: ‘‘‘The man took a shower.’’’ Choice 1: He was sweaty from working out. Choice 2: He opened a new bar of soap. Q: Which one is more likely to be the cause, choice 1 or choice 2?",The man took a shower.,He was sweaty from working out.,He opened a new bar of soap.,cause,-0.41770532727241516,0.688315749168396,1,1.1060210764408112,0.688315749168396
"Consider the following example: ‘‘‘The man turned on the faucet.’’’ Choice 1: The toilet filled with water. Choice 2: Water flowed from the spout. Q: Which one is more likely to be the effect, choice 1 or choice 2?",The man turned on the faucet.,The toilet filled with water.,Water flowed from the spout.,effect,-0.05883442610502243,-0.2017708718776703,2,0.14293644577264786,0.2017708718776703
"Consider the following example: ‘‘‘The man urgently leaped out of bed.’’’ Choice 1: He wanted to shut off the alarm clock. Choice 2: He wanted to iron his pants before work. Q: Which one is more likely to be the cause, choice 1 or choice 2?",The man urgently leaped out of bed.,He wanted to shut off the alarm clock.,He wanted to iron his pants before work.,cause,-0.35058724880218506,0.5597138404846191,1,0.9103010892868042,0.5597138404846191
"Consider the following example: ‘‘‘The man wanted to get revenge on his enemy.’’’ Choice 1: The man framed his enemy for a crime. Choice 2: The man declared a truce with his enemy. Q: Which one is more likely to be the effect, choice 1 or choice 2?",The man wanted to get revenge on his enemy.,The man framed his enemy for a crime.,The man declared a truce with his enemy.,effect,-0.6521044969558716,0.4214075803756714,1,1.073512077331543,0.6521044969558716
"Consider the following example: ‘‘‘The man was lost.’’’ Choice 1: He asked for directions. Choice 2: He drew a map. Q: Which one is more likely to be the effect, choice 1 or choice 2?",The man was lost.,He asked for directions.,He drew a map.,effect,-0.23249442875385284,0.1805504858493805,1,0.41304491460323334,0.23249442875385284
"Consider the following example: ‘‘‘The man went away for the weekend.’’’ Choice 1: He wanted to relax. Choice 2: He felt content. Q: Which one is more likely to be the cause, choice 1 or choice 2?",The man went away for the weekend.,He wanted to relax.,He felt content.,cause,-0.24847060441970825,0.2804112136363983,1,0.5288818180561066,0.2804112136363983
"Consider the following example: ‘‘‘The man went into denial about the tragedy.’’’ Choice 1: He got over it easily. Choice 2: He refused to talk about it. Q: Which one is more likely to be the effect, choice 1 or choice 2?",The man went into denial about the tragedy.,He got over it easily.,He refused to talk about it.,effect,0.40217870473861694,-0.5741744041442871,2,0.976353108882904,0.5741744041442871
"Consider the following example: ‘‘‘The man woke up with a toothache.’’’ Choice 1: He missed an appointment with the dentist. Choice 2: He made an appointment with the dentist. Q: Which one is more likely to be the effect, choice 1 or choice 2?",The man woke up with a toothache.,He missed an appointment with the dentist.,He made an appointment with the dentist.,effect,-0.21269437670707703,0.19918882846832275,2,0.4118832051753998,0.21269437670707703
"Consider the following example: ‘‘‘The man won the lottery.’’’ Choice 1: He became rich. Choice 2: He owed money. Q: Which one is more likely to be the effect, choice 1 or choice 2?",The man won the lottery.,He became rich.,He owed money.,effect,-0.3508150279521942,0.25107482075691223,1,0.6018898487091064,0.3508150279521942
"Consider the following example: ‘‘‘The man's clothes fit loosely.’’’ Choice 1: He bought them on sale. Choice 2: He lost weight. Q: Which one is more likely to be the cause, choice 1 or choice 2?",The man's clothes fit loosely.,He bought them on sale.,He lost weight.,cause,0.5431495904922485,-0.6666592359542847,2,1.2098088264465332,0.6666592359542847
"Consider the following example: ‘‘‘The man's pocket jingled as he walked.’’’ Choice 1: His pocket was filled with coins. Choice 2: He sewed the hole in his pocket. Q: Which one is more likely to be the cause, choice 1 or choice 2?",The man's pocket jingled as he walked.,His pocket was filled with coins.,He sewed the hole in his pocket.,cause,-0.0745917484164238,0.1648009717464447,1,0.2393927201628685,0.1648009717464447
"Consider the following example: ‘‘‘The man's watch was broken.’’’ Choice 1: He waited at the bus stop. Choice 2: He asked a stranger for the time. Q: Which one is more likely to be the effect, choice 1 or choice 2?",The man's watch was broken.,He waited at the bus stop.,He asked a stranger for the time.,effect,0.09552870690822601,-0.08102218806743622,2,0.17655089497566223,0.09552870690822601
"Consider the following example: ‘‘‘The milk stayed cold.’’’ Choice 1: It was pasteurized. Choice 2: I stored it in the refrigerator. Q: Which one is more likely to be the cause, choice 1 or choice 2?",The milk stayed cold.,It was pasteurized.,I stored it in the refrigerator.,cause,0.3183974027633667,-0.3214777708053589,2,0.6398751735687256,0.3214777708053589
"Consider the following example: ‘‘‘The mother called an ambulance.’’’ Choice 1: Her son lost his cat. Choice 2: Her son fell out of his bed. Q: Which one is more likely to be the cause, choice 1 or choice 2?",The mother called an ambulance.,Her son lost his cat.,Her son fell out of his bed.,cause,0.1295686811208725,-0.09944649785757065,2,0.22901517897844315,0.1295686811208725
"Consider the following example: ‘‘‘The mother scolded her daughter.’’’ Choice 1: Her daughter burped at the kitchen table. Choice 2: Her daughter set the kitchen table. Q: Which one is more likely to be the cause, choice 1 or choice 2?",The mother scolded her daughter.,Her daughter burped at the kitchen table.,Her daughter set the kitchen table.,cause,-0.4189046621322632,0.41513919830322266,1,0.8340438604354858,0.4189046621322632
"Consider the following example: ‘‘‘The mother suspected that her son was lying.’’’ Choice 1: He refused to talk to her. Choice 2: He avoided making eye contact with her. Q: Which one is more likely to be the cause, choice 1 or choice 2?",The mother suspected that her son was lying.,He refused to talk to her.,He avoided making eye contact with her.,cause,-0.055224306881427765,0.08419620990753174,2,0.1394205167889595,0.08419620990753174
"Consider the following example: ‘‘‘The motorcyclist twisted the throttle.’’’ Choice 1: The motorcycle coasted to a halt. Choice 2: The motorcycle shot forward. Q: Which one is more likely to be the effect, choice 1 or choice 2?",The motorcyclist twisted the throttle.,The motorcycle coasted to a halt.,The motorcycle shot forward.,effect,0.3587256371974945,-0.4436590075492859,2,0.8023846447467804,0.4436590075492859
"Consider the following example: ‘‘‘The ocean tide was dangerous.’’’ Choice 1: The swimmers put on more sunscreen. Choice 2: The swimmers returned towards the shore. Q: Which one is more likely to be the effect, choice 1 or choice 2?",The ocean tide was dangerous.,The swimmers put on more sunscreen.,The swimmers returned towards the shore.,effect,0.4161837697029114,-0.2338913232088089,2,0.6500750929117203,0.4161837697029114
"Consider the following example: ‘‘‘The offender violated parole.’’’ Choice 1: She was sent back to jail. Choice 2: She stole money from a church. Q: Which one is more likely to be the effect, choice 1 or choice 2?",The offender violated parole.,She was sent back to jail.,She stole money from a church.,effect,-0.16193923354148865,0.16650047898292542,1,0.32843971252441406,0.16650047898292542
"Consider the following example: ‘‘‘The pair of students came under scrutiny by the teacher.’’’ Choice 1: The students both received excellent grades. Choice 2: Their responses on the assignment were identical. Q: Which one is more likely to be the cause, choice 1 or choice 2?",The pair of students came under scrutiny by the teacher.,The students both received excellent grades.,Their responses on the assignment were identical.,cause,0.040220946073532104,-0.212803915143013,2,0.2530248612165451,0.212803915143013
"Consider the following example: ‘‘‘The parents left their children with a babysitter.’’’ Choice 1: Their youngest child started attending preschool. Choice 2: They made plans to celebrate their anniversary. Q: Which one is more likely to be the cause, choice 1 or choice 2?",The parents left their children with a babysitter.,Their youngest child started attending preschool.,They made plans to celebrate their anniversary.,cause,-0.15847405791282654,0.23343345522880554,2,0.3919075131416321,0.23343345522880554
"Consider the following example: ‘‘‘The parents recognized their daughter's creativity.’’’ Choice 1: They taught her how to ride a bike. Choice 2: They encouraged her to become an artist. Q: Which one is more likely to be the effect, choice 1 or choice 2?",The parents recognized their daughter's creativity.,They taught her how to ride a bike.,They encouraged her to become an artist.,effect,0.14524006843566895,-0.13209319114685059,2,0.27733325958251953,0.14524006843566895
"Consider the following example: ‘‘‘The patient underwent the risky medical procedure.’’’ Choice 1: The procedure was costly. Choice 2: Specialists recommended the procedure. Q: Which one is more likely to be the cause, choice 1 or choice 2?",The patient underwent the risky medical procedure.,The procedure was costly.,Specialists recommended the procedure.,cause,0.3392294943332672,-0.028483375906944275,2,0.3677128702402115,0.3392294943332672
"Consider the following example: ‘‘‘The patient went into a coma.’’’ Choice 1: He suffered emotional trauma. Choice 2: He suffered brain damage. Q: Which one is more likely to be the cause, choice 1 or choice 2?",The patient went into a coma.,He suffered emotional trauma.,He suffered brain damage.,cause,0.824126124382019,-1.0678424835205078,2,1.8919686079025269,1.0678424835205078
"Consider the following example: ‘‘‘The pharmaceutical company recalled the drug.’’’ Choice 1: Users reported dangerous side effects. Choice 2: Users got refills on their prescriptions. Q: Which one is more likely to be the cause, choice 1 or choice 2?",The pharmaceutical company recalled the drug.,Users reported dangerous side effects.,Users got refills on their prescriptions.,cause,-0.19473415613174438,0.7193599343299866,1,0.914094090461731,0.7193599343299866
"Consider the following example: ‘‘‘The photo albums collected dust in the attic.’’’ Choice 1: They remained untouched for years. Choice 2: The family reminisced over the photos. Q: Which one is more likely to be the cause, choice 1 or choice 2?",The photo albums collected dust in the attic.,They remained untouched for years.,The family reminisced over the photos.,cause,-0.2359394133090973,0.5326090455055237,1,0.768548458814621,0.5326090455055237
"Consider the following example: ‘‘‘The physician misdiagnosed the patient.’’’ Choice 1: The patient filed a malpractice lawsuit against the physician. Choice 2: The patient disclosed confidential information to the physician. Q: Which one is more likely to be the effect, choice 1 or choice 2?",The physician misdiagnosed the patient.,The patient filed a malpractice lawsuit against the physician.,The patient disclosed confidential information to the physician.,effect,-0.03976435586810112,0.21986614167690277,1,0.2596304975450039,0.21986614167690277
"Consider the following example: ‘‘‘The player caught the ball.’’’ Choice 1: Her teammate threw it to her. Choice 2: Her opponent tried to intercept it. Q: Which one is more likely to be the cause, choice 1 or choice 2?",The player caught the ball.,Her teammate threw it to her.,Her opponent tried to intercept it.,cause,0.22966651618480682,-0.18692941963672638,1,0.4165959358215332,0.22966651618480682
"Consider the following example: ‘‘‘The police eliminated the woman from the list of suspects.’’’ Choice 1: The police interrogated her. Choice 2: Her alibi checked out. Q: Which one is more likely to be the cause, choice 1 or choice 2?",The police eliminated the woman from the list of suspects.,The police interrogated her.,Her alibi checked out.,cause,-0.12468792498111725,0.022074982523918152,2,0.1467629075050354,0.12468792498111725
"Consider the following example: ‘‘‘The police officer pulled over the celebrity.’’’ Choice 1: The celebrity offered the officer a bribe. Choice 2: The celebrity sued the police officer. Q: Which one is more likely to be the effect, choice 1 or choice 2?",The police officer pulled over the celebrity.,The celebrity offered the officer a bribe.,The celebrity sued the police officer.,effect,-0.22520329058170319,-0.08741302043199539,1,0.1377902701497078,0.22520329058170319
"Consider the following example: ‘‘‘The product was heavily advertised.’’’ Choice 1: Consumers recognized the product. Choice 2: The product became outdated. Q: Which one is more likely to be the effect, choice 1 or choice 2?",The product was heavily advertised.,Consumers recognized the product.,The product became outdated.,effect,0.1579538732767105,-0.059794433414936066,1,0.21774830669164658,0.1579538732767105
"Consider the following example: ‘‘‘The retail shop shut down.’’’ Choice 1: Its sales were lagging. Choice 2: It renewed its lease. Q: Which one is more likely to be the cause, choice 1 or choice 2?",The retail shop shut down.,Its sales were lagging.,It renewed its lease.,cause,-0.2039974480867386,0.3853048086166382,1,0.5893022567033768,0.3853048086166382
"Consider the following example: ‘‘‘The ring on my finger got stuck.’’’ Choice 1: My finger swelled. Choice 2: I chipped my fingernail. Q: Which one is more likely to be the cause, choice 1 or choice 2?",The ring on my finger got stuck.,My finger swelled.,I chipped my fingernail.,cause,-0.22870871424674988,0.1951967477798462,1,0.42390546202659607,0.22870871424674988
"Consider the following example: ‘‘‘The rocket flew up into the sky.’’’ Choice 1: The girl launched it. Choice 2: The girl designed it. Q: Which one is more likely to be the cause, choice 1 or choice 2?",The rocket flew up into the sky.,The girl launched it.,The girl designed it.,cause,-0.417651891708374,0.42079487442970276,1,0.8384467661380768,0.42079487442970276
"Consider the following example: ‘‘‘The runner wore shorts.’’’ Choice 1: The forecast predicted high temperatures. Choice 2: She planned to run along the beach. Q: Which one is more likely to be the cause, choice 1 or choice 2?",The runner wore shorts.,The forecast predicted high temperatures.,She planned to run along the beach.,cause,0.14296385645866394,0.057362690567970276,1,0.08560116589069366,0.14296385645866394
"Consider the following example: ‘‘‘The school principal implemented a dress code.’’’ Choice 1: Students protested the decision. Choice 2: Students were expelled from school. Q: Which one is more likely to be the effect, choice 1 or choice 2?",The school principal implemented a dress code.,Students protested the decision.,Students were expelled from school.,effect,0.05047199875116348,-0.3825640082359314,1,0.4330360069870949,0.3825640082359314
"Consider the following example: ‘‘‘The scientist conducted an experiment.’’’ Choice 1: She validated her theory. Choice 2: She fabricated her data. Q: Which one is more likely to be the effect, choice 1 or choice 2?",The scientist conducted an experiment.,She validated her theory.,She fabricated her data.,effect,0.20855297148227692,-0.4977804124355316,1,0.7063333839178085,0.4977804124355316
"Consider the following example: ‘‘‘The scientist gained recognition.’’’ Choice 1: She discovered a new species. Choice 2: She received tenure at the university. Q: Which one is more likely to be the cause, choice 1 or choice 2?",The scientist gained recognition.,She discovered a new species.,She received tenure at the university.,cause,0.08079790323972702,-0.34471267461776733,1,0.42551057785749435,0.34471267461776733
"Consider the following example: ‘‘‘The seasons changed from summer to autumn.’’’ Choice 1: People evacuated their homes. Choice 2: Leaves fell from the trees. Q: Which one is more likely to be the effect, choice 1 or choice 2?",The seasons changed from summer to autumn.,People evacuated their homes.,Leaves fell from the trees.,effect,0.31573063135147095,-0.22114400565624237,2,0.5368746370077133,0.31573063135147095
"Consider the following example: ‘‘‘The secretary put the caller on hold.’’’ Choice 1: The caller's phone lost reception. Choice 2: The caller waited on the line. Q: Which one is more likely to be the effect, choice 1 or choice 2?",The secretary put the caller on hold.,The caller's phone lost reception.,The caller waited on the line.,effect,-0.24104724824428558,0.002031613141298294,2,0.24307886138558388,0.24104724824428558
"Consider the following example: ‘‘‘The shirt shrunk.’’’ Choice 1: I poured bleach on it. Choice 2: I put it in the dryer. Q: Which one is more likely to be the cause, choice 1 or choice 2?",The shirt shrunk.,I poured bleach on it.,I put it in the dryer.,cause,0.22341419756412506,-0.1745905578136444,2,0.39800475537776947,0.22341419756412506
"Consider the following example: ‘‘‘The shop was closed.’’’ Choice 1: The owner was helping customers. Choice 2: The shop was undergoing renovation. Q: Which one is more likely to be the cause, choice 1 or choice 2?",The shop was closed.,The owner was helping customers.,The shop was undergoing renovation.,cause,0.22717460989952087,-0.042836353182792664,2,0.27001096308231354,0.22717460989952087
"Consider the following example: ‘‘‘The shopper wondered about the cost of the item.’’’ Choice 1: He checked its price tag. Choice 2: He decided to buy it. Q: Which one is more likely to be the effect, choice 1 or choice 2?",The shopper wondered about the cost of the item.,He checked its price tag.,He decided to buy it.,effect,-0.2747802138328552,0.1579655408859253,1,0.4327457547187805,0.2747802138328552
"Consider the following example: ‘‘‘The skier slipped on the slope.’’’ Choice 1: She dropped her ski poles. Choice 2: She hit a patch of ice. Q: Which one is more likely to be the cause, choice 1 or choice 2?",The skier slipped on the slope.,She dropped her ski poles.,She hit a patch of ice.,cause,0.5512663125991821,-0.7997792959213257,2,1.3510456085205078,0.7997792959213257
"Consider the following example: ‘‘‘The skydiver glided safely to the ground.’’’ Choice 1: She opened her parachute. Choice 2: She jumped out of the plane. Q: Which one is more likely to be the cause, choice 1 or choice 2?",The skydiver glided safely to the ground.,She opened her parachute.,She jumped out of the plane.,cause,-0.031922049820423126,-0.3913190960884094,1,0.3593970462679863,0.3913190960884094
"Consider the following example: ‘‘‘The smoke alarm went off.’’’ Choice 1: I lit a candle. Choice 2: I burnt my dinner. Q: Which one is more likely to be the cause, choice 1 or choice 2?",The smoke alarm went off.,I lit a candle.,I burnt my dinner.,cause,0.37724992632865906,-0.5937404632568359,2,0.970990389585495,0.5937404632568359
"Consider the following example: ‘‘‘The stain came out of the shirt.’’’ Choice 1: I patched the shirt. Choice 2: I bleached the shirt. Q: Which one is more likely to be the cause, choice 1 or choice 2?",The stain came out of the shirt.,I patched the shirt.,I bleached the shirt.,cause,0.31245169043540955,-0.0934610664844513,2,0.40591275691986084,0.31245169043540955
"Consider the following example: ‘‘‘The student flaunted his test grade to his classmates.’’’ Choice 1: He received a perfect score. Choice 2: He feigned interest in the class. Q: Which one is more likely to be the cause, choice 1 or choice 2?",The student flaunted his test grade to his classmates.,He received a perfect score.,He feigned interest in the class.,cause,0.0765802413225174,-0.07591933012008667,1,0.15249957144260406,0.0765802413225174
"Consider the following example: ‘‘‘The student forgot to do her assignment.’’’ Choice 1: She made up an excuse to tell the teacher. Choice 2: The teacher promoted her to the next grade. Q: Which one is more likely to be the effect, choice 1 or choice 2?",The student forgot to do her assignment.,She made up an excuse to tell the teacher.,The teacher promoted her to the next grade.,effect,-0.21576285362243652,0.06893187016248703,1,0.28469472378492355,0.21576285362243652
"Consider the following example: ‘‘‘The student was in a rush to get to school on time.’’’ Choice 1: He left his assignment at home. Choice 2: He brought his lunch to school. Q: Which one is more likely to be the effect, choice 1 or choice 2?",The student was in a rush to get to school on time.,He left his assignment at home.,He brought his lunch to school.,effect,-0.48503708839416504,0.5524020195007324,1,1.0374391078948975,0.5524020195007324
"Consider the following example: ‘‘‘The student's answer on the exam was incorrect.’’’ Choice 1: The teacher added bonus points to the student's grade. Choice 2: The teacher subtracted points off the student's grade. Q: Which one is more likely to be the effect, choice 1 or choice 2?",The student's answer on the exam was incorrect.,The teacher added bonus points to the student's grade.,The teacher subtracted points off the student's grade.,effect,0.45133253931999207,-0.583478569984436,2,1.034811109304428,0.583478569984436
"Consider the following example: ‘‘‘The sun emerged from the clouds.’’’ Choice 1: The woman glanced at her watch. Choice 2: The woman took her sweater off. Q: Which one is more likely to be the effect, choice 1 or choice 2?",The sun emerged from the clouds.,The woman glanced at her watch.,The woman took her sweater off.,effect,0.0416073352098465,0.2522466778755188,2,0.2106393426656723,0.2522466778755188
"Consider the following example: ‘‘‘The surfer caught the wave.’’’ Choice 1: The wave carried her to the shore. Choice 2: She paddled her board into the ocean. Q: Which one is more likely to be the effect, choice 1 or choice 2?",The surfer caught the wave.,The wave carried her to the shore.,She paddled her board into the ocean.,effect,-0.4911828637123108,0.5779026746749878,1,1.0690855383872986,0.5779026746749878
"Consider the following example: ‘‘‘The teacher assigned homework to the students.’’’ Choice 1: The students passed notes. Choice 2: The students groaned. Q: Which one is more likely to be the effect, choice 1 or choice 2?",The teacher assigned homework to the students.,The students passed notes.,The students groaned.,effect,0.013269893825054169,0.036732904613018036,2,0.023463010787963867,0.036732904613018036
"Consider the following example: ‘‘‘The teacher caught the student chewing gum.’’’ Choice 1: The gum stuck to the student's shoe. Choice 2: The student spit out the gum. Q: Which one is more likely to be the effect, choice 1 or choice 2?",The teacher caught the student chewing gum.,The gum stuck to the student's shoe.,The student spit out the gum.,effect,-0.017433037981390953,-0.125052809715271,2,0.10761977173388004,0.125052809715271
"Consider the following example: ‘‘‘The teacher took roll.’’’ Choice 1: She identified the students that were absent. Choice 2: She gave her students a pop quiz. Q: Which one is more likely to be the effect, choice 1 or choice 2?",The teacher took roll.,She identified the students that were absent.,She gave her students a pop quiz.,effect,-0.27799326181411743,0.15979008376598358,1,0.437783345580101,0.27799326181411743
"Consider the following example: ‘‘‘The tenant misplaced his keys to his apartment.’’’ Choice 1: His landlord unlocked the door. Choice 2: His landlord repaired the door. Q: Which one is more likely to be the effect, choice 1 or choice 2?",The tenant misplaced his keys to his apartment.,His landlord unlocked the door.,His landlord repaired the door.,effect,-0.3468376696109772,0.14668378233909607,1,0.49352145195007324,0.3468376696109772
"Consider the following example: ‘‘‘The truck crashed into the motorcycle on the bridge.’’’ Choice 1: The motorcyclist died. Choice 2: The bridge collapsed. Q: Which one is more likely to be the effect, choice 1 or choice 2?",The truck crashed into the motorcycle on the bridge.,The motorcyclist died.,The bridge collapsed.,effect,-0.38202327489852905,0.17471301555633545,1,0.5567362904548645,0.38202327489852905
"Consider the following example: ‘‘‘The vandals threw a rock at the window.’’’ Choice 1: The window cracked. Choice 2: The window fogged up. Q: Which one is more likely to be the effect, choice 1 or choice 2?",The vandals threw a rock at the window.,The window cracked.,The window fogged up.,effect,-0.8928585648536682,1.1665387153625488,1,2.059397280216217,1.1665387153625488
"Consider the following example: ‘‘‘The vehicles travelled slowly.’’’ Choice 1: It was cloudy. Choice 2: It was foggy. Q: Which one is more likely to be the cause, choice 1 or choice 2?",The vehicles travelled slowly.,It was cloudy.,It was foggy.,cause,0.19279080629348755,-0.374576210975647,2,0.5673670172691345,0.374576210975647
"Consider the following example: ‘‘‘The water in the teapot started to boil.’’’ Choice 1: The teapot cooled. Choice 2: The teapot whistled. Q: Which one is more likely to be the effect, choice 1 or choice 2?",The water in the teapot started to boil.,The teapot cooled.,The teapot whistled.,effect,0.02486703172326088,-0.1497061848640442,2,0.17457321658730507,0.1497061848640442
"Consider the following example: ‘‘‘The woman awakened.’’’ Choice 1: She took sleeping pills. Choice 2: Her husband was snoring. Q: Which one is more likely to be the cause, choice 1 or choice 2?",The woman awakened.,She took sleeping pills.,Her husband was snoring.,cause,0.1932775229215622,0.05882132053375244,2,0.13445620238780975,0.1932775229215622
"Consider the following example: ‘‘‘The woman banished the children from her property.’’’ Choice 1: The children hit a ball into her yard. Choice 2: The children trampled through her garden. Q: Which one is more likely to be the cause, choice 1 or choice 2?",The woman banished the children from her property.,The children hit a ball into her yard.,The children trampled through her garden.,cause,0.23374000191688538,-0.4696478247642517,2,0.7033878266811371,0.4696478247642517
"Consider the following example: ‘‘‘The woman became famous.’’’ Choice 1: Photographers followed her. Choice 2: Her family avoided her. Q: Which one is more likely to be the effect, choice 1 or choice 2?",The woman became famous.,Photographers followed her.,Her family avoided her.,effect,-0.06577014923095703,0.1995144486427307,1,0.26528459787368774,0.1995144486427307
"Consider the following example: ‘‘‘The woman betrayed her friend.’’’ Choice 1: Her friend sent her a greeting card. Choice 2: Her friend cut off contact with her. Q: Which one is more likely to be the effect, choice 1 or choice 2?",The woman betrayed her friend.,Her friend sent her a greeting card.,Her friend cut off contact with her.,effect,0.5219334959983826,-0.6173607110977173,2,1.1392942070960999,0.6173607110977173
"Consider the following example: ‘‘‘The woman complimented the man.’’’ Choice 1: He sneezed. Choice 2: He blushed. Q: Which one is more likely to be the effect, choice 1 or choice 2?",The woman complimented the man.,He sneezed.,He blushed.,effect,-0.11622687429189682,0.057810597121715546,2,0.17403747141361237,0.11622687429189682
"Consider the following example: ‘‘‘The woman covered her mouth with her hand.’’’ Choice 1: She exhaled. Choice 2: She sneezed. Q: Which one is more likely to be the cause, choice 1 or choice 2?",The woman covered her mouth with her hand.,She exhaled.,She sneezed.,cause,0.26103895902633667,-0.13340120017528534,2,0.394440159201622,0.26103895902633667
"Consider the following example: ‘‘‘The woman dangled the biscuit above the dog.’’’ Choice 1: The dog jumped up. Choice 2: The dog scratched its fur. Q: Which one is more likely to be the effect, choice 1 or choice 2?",The woman dangled the biscuit above the dog.,The dog jumped up.,The dog scratched its fur.,effect,-0.841739296913147,0.9401140213012695,1,1.7818533182144165,0.9401140213012695
"Consider the following example: ‘‘‘The woman felt ashamed of scar on her face.’’’ Choice 1: She explained the scar to strangers. Choice 2: She hid the scar with makeup. Q: Which one is more likely to be the effect, choice 1 or choice 2?",The woman felt ashamed of scar on her face.,She explained the scar to strangers.,She hid the scar with makeup.,effect,0.2121250033378601,-0.16460278630256653,2,0.37672778964042664,0.2121250033378601
"Consider the following example: ‘‘‘The woman felt compelled to help someone in need.’’’ Choice 1: She donated blood. Choice 2: She wrote a poem. Q: Which one is more likely to be the effect, choice 1 or choice 2?",The woman felt compelled to help someone in need.,She donated blood.,She wrote a poem.,effect,-0.6928329467773438,0.8008444309234619,1,1.4936773777008057,0.8008444309234619
"Consider the following example: ‘‘‘The woman felt lonely.’’’ Choice 1: She renovated her kitchen. Choice 2: She adopted a cat. Q: Which one is more likely to be the effect, choice 1 or choice 2?",The woman felt lonely.,She renovated her kitchen.,She adopted a cat.,effect,0.42302262783050537,0.01461128331720829,2,0.4084113445132971,0.42302262783050537
"Consider the following example: ‘‘‘The woman felt reluctant to switch careers.’’’ Choice 1: She made a lot of money in her current occupation. Choice 2: She endured a lot of stress in her current occupation. Q: Which one is more likely to be the cause, choice 1 or choice 2?",The woman felt reluctant to switch careers.,She made a lot of money in her current occupation.,She endured a lot of stress in her current occupation.,cause,0.33618253469467163,-0.5166434049606323,1,0.852825939655304,0.5166434049606323
"Consider the following example: ‘‘‘The woman filed a restraining order against the man.’’’ Choice 1: The man called her. Choice 2: The man stalked her. Q: Which one is more likely to be the cause, choice 1 or choice 2?",The woman filed a restraining order against the man.,The man called her.,The man stalked her.,cause,0.7674092054367065,-0.981459379196167,2,1.7488685846328735,0.981459379196167
"Consider the following example: ‘‘‘The woman gave the man her phone number.’’’ Choice 1: She was attracted to him. Choice 2: She was repulsed by him. Q: Which one is more likely to be the cause, choice 1 or choice 2?",The woman gave the man her phone number.,She was attracted to him.,She was repulsed by him.,cause,-0.16979707777500153,0.05336024984717369,1,0.22315732762217522,0.16979707777500153
"Consider the following example: ‘‘‘The woman had a religious awakening.’’’ Choice 1: She began going to church. Choice 2: She began travelling abroad. Q: Which one is more likely to be the effect, choice 1 or choice 2?",The woman had a religious awakening.,She began going to church.,She began travelling abroad.,effect,-0.30127984285354614,0.7889441251754761,1,1.0902239680290222,0.7889441251754761
"Consider the following example: ‘‘‘The woman had an infection.’’’ Choice 1: She took antibiotics. Choice 2: She washed her hands. Q: Which one is more likely to be the effect, choice 1 or choice 2?",The woman had an infection.,She took antibiotics.,She washed her hands.,effect,-0.1571834832429886,0.4911060035228729,1,0.6482894867658615,0.4911060035228729
"Consider the following example: ‘‘‘The woman hummed to herself.’’’ Choice 1: She was nervous. Choice 2: She was in a good mood. Q: Which one is more likely to be the cause, choice 1 or choice 2?",The woman hummed to herself.,She was nervous.,She was in a good mood.,cause,-0.3546947240829468,0.3064166307449341,2,0.6611113548278809,0.3546947240829468
"Consider the following example: ‘‘‘The woman presented her brother with a gift.’’’ Choice 1: Her brother refused to accept the gift. Choice 2: Her brother unwrapped the gift. Q: Which one is more likely to be the effect, choice 1 or choice 2?",The woman presented her brother with a gift.,Her brother refused to accept the gift.,Her brother unwrapped the gift.,effect,-0.2187386006116867,0.22904399037361145,2,0.44778259098529816,0.22904399037361145
"Consider the following example: ‘‘‘The woman received a diploma.’’’ Choice 1: She enrolled in college. Choice 2: She graduated from college. Q: Which one is more likely to be the cause, choice 1 or choice 2?",The woman received a diploma.,She enrolled in college.,She graduated from college.,cause,0.35815465450286865,-0.5437607765197754,2,0.901915431022644,0.5437607765197754
"Consider the following example: ‘‘‘The woman refused a second beer.’’’ Choice 1: She was the designated driver for the night. Choice 2: She was familiar with the bartender. Q: Which one is more likely to be the cause, choice 1 or choice 2?",The woman refused a second beer.,She was the designated driver for the night.,She was familiar with the bartender.,cause,-0.09494160115718842,0.24355973303318024,1,0.33850133419036865,0.24355973303318024
"Consider the following example: ‘‘‘The woman sensed a pleasant smell.’’’ Choice 1: She remembered to take her medication. Choice 2: She was reminded of her childhood. Q: Which one is more likely to be the effect, choice 1 or choice 2?",The woman sensed a pleasant smell.,She remembered to take her medication.,She was reminded of her childhood.,effect,0.021041711792349815,0.07672484219074249,2,0.05568313039839268,0.07672484219074249
"Consider the following example: ‘‘‘The woman spoke with a foreign accent.’’’ Choice 1: She came from a wealthy family. Choice 2: She migrated from another country. Q: Which one is more likely to be the cause, choice 1 or choice 2?",The woman spoke with a foreign accent.,She came from a wealthy family.,She migrated from another country.,cause,0.6169705390930176,-0.6962456107139587,2,1.3132161498069763,0.6962456107139587
"Consider the following example: ‘‘‘The woman suffered amnesia.’’’ Choice 1: She had an allergic reaction. Choice 2: She got into a car accident. Q: Which one is more likely to be the cause, choice 1 or choice 2?",The woman suffered amnesia.,She had an allergic reaction.,She got into a car accident.,cause,0.6551343202590942,-0.607086181640625,2,1.2622205018997192,0.6551343202590942
"Consider the following example: ‘‘‘The woman tolerated her friend's difficult behavior.’’’ Choice 1: The woman knew her friend was going through a hard time. Choice 2: The woman felt that her friend took advantage of her kindness. Q: Which one is more likely to be the cause, choice 1 or choice 2?",The woman tolerated her friend's difficult behavior.,The woman knew her friend was going through a hard time.,The woman felt that her friend took advantage of her kindness.,cause,0.3463713228702545,-0.21271955966949463,1,0.5590908825397491,0.3463713228702545
"Consider the following example: ‘‘‘The woman took her family on vacation.’’’ Choice 1: Her husband got laid off. Choice 2: She received a salary bonus. Q: Which one is more likely to be the cause, choice 1 or choice 2?",The woman took her family on vacation.,Her husband got laid off.,She received a salary bonus.,cause,-0.41433078050613403,0.7357062101364136,2,1.1500369906425476,0.7357062101364136
"Consider the following example: ‘‘‘The woman upgraded her computer hardware.’’’ Choice 1: She deleted old files on the computer. Choice 2: She installed new software on the computer. Q: Which one is more likely to be the effect, choice 1 or choice 2?",The woman upgraded her computer hardware.,She deleted old files on the computer.,She installed new software on the computer.,effect,0.18697696924209595,-0.22339747846126556,2,0.4103744477033615,0.22339747846126556
"Consider the following example: ‘‘‘The woman visited her family.’’’ Choice 1: She distrusted them. Choice 2: She missed them. Q: Which one is more likely to be the cause, choice 1 or choice 2?",The woman visited her family.,She distrusted them.,She missed them.,cause,-0.08224505186080933,0.09996259212493896,2,0.1822076439857483,0.09996259212493896
"Consider the following example: ‘‘‘The woman walked with crutches.’’’ Choice 1: She shaved her legs. Choice 2: She broke her leg. Q: Which one is more likely to be the cause, choice 1 or choice 2?",The woman walked with crutches.,She shaved her legs.,She broke her leg.,cause,1.0368404388427734,-1.3373165130615234,2,2.374156951904297,1.3373165130615234
"Consider the following example: ‘‘‘The woman wanted to be a doctor.’’’ Choice 1: She visited the hospital. Choice 2: She went to medical school. Q: Which one is more likely to be the effect, choice 1 or choice 2?",The woman wanted to be a doctor.,She visited the hospital.,She went to medical school.,effect,0.07902329415082932,-0.369964599609375,2,0.4489878937602043,0.369964599609375
"Consider the following example: ‘‘‘The woman was arrested.’’’ Choice 1: She checked into rehab. Choice 2: She committed assault. Q: Which one is more likely to be the cause, choice 1 or choice 2?",The woman was arrested.,She checked into rehab.,She committed assault.,cause,0.6499167680740356,-0.9458580017089844,2,1.59577476978302,0.9458580017089844
"Consider the following example: ‘‘‘The woman was deemed mentally ill.’’’ Choice 1: She was sent to a psychiatric institution. Choice 2: She sought a career as a psychiatrist. Q: Which one is more likely to be the effect, choice 1 or choice 2?",The woman was deemed mentally ill.,She was sent to a psychiatric institution.,She sought a career as a psychiatrist.,effect,-0.56841641664505,0.7509405016899109,1,1.319356918334961,0.7509405016899109
"Consider the following example: ‘‘‘The woman was in a bad mood.’’’ Choice 1: She engaged in small talk with her friend. Choice 2: She told her friend to leave her alone. Q: Which one is more likely to be the effect, choice 1 or choice 2?",The woman was in a bad mood.,She engaged in small talk with her friend.,She told her friend to leave her alone.,effect,0.4592697024345398,-0.8406240940093994,2,1.2998937964439392,0.8406240940093994
"Consider the following example: ‘‘‘The woman was summoned for jury duty.’’’ Choice 1: She contacted her lawyer. Choice 2: She cancelled her appointments. Q: Which one is more likely to be the effect, choice 1 or choice 2?",The woman was summoned for jury duty.,She contacted her lawyer.,She cancelled her appointments.,effect,0.12783408164978027,0.1910962015390396,2,0.06326211988925934,0.1910962015390396
"Consider the following example: ‘‘‘The woman won the lottery.’’’ Choice 1: She bought a yacht. Choice 2: She joined a church. Q: Which one is more likely to be the effect, choice 1 or choice 2?",The woman won the lottery.,She bought a yacht.,She joined a church.,effect,-0.5241365432739258,0.5863502025604248,1,1.1104867458343506,0.5863502025604248
"Consider the following example: ‘‘‘The woman's date wanted to look like a gentleman.’’’ Choice 1: He opened the door for her. Choice 2: He asked her if she liked sushi. Q: Which one is more likely to be the effect, choice 1 or choice 2?",The woman's date wanted to look like a gentleman.,He opened the door for her.,He asked her if she liked sushi.,effect,-0.4140971004962921,0.6144521236419678,1,1.0285492241382599,0.6144521236419678
"Consider the following example: ‘‘‘The woman's eyeglasses fogged up.’’’ Choice 1: She reclined by the pool. Choice 2: She entered the sauna. Q: Which one is more likely to be the cause, choice 1 or choice 2?",The woman's eyeglasses fogged up.,She reclined by the pool.,She entered the sauna.,cause,0.34461510181427,-0.40450984239578247,2,0.7491249442100525,0.40450984239578247
"Consider the following example: ‘‘‘The woman's hair fell in her face.’’’ Choice 1: She pulled her hair back with a clip. Choice 2: She lathered shampoo into her hair. Q: Which one is more likely to be the effect, choice 1 or choice 2?",The woman's hair fell in her face.,She pulled her hair back with a clip.,She lathered shampoo into her hair.,effect,-0.13215284049510956,0.4925457835197449,1,0.6246986240148544,0.4925457835197449
"Consider the following example: ‘‘‘The woman's makeup smeared.’’’ Choice 1: She brushed her hair. Choice 2: She wiped her eyes. Q: Which one is more likely to be the cause, choice 1 or choice 2?",The woman's makeup smeared.,She brushed her hair.,She wiped her eyes.,cause,0.4358116388320923,-0.2625610828399658,2,0.6983727216720581,0.4358116388320923
"Consider the following example: ‘‘‘The woman's purse was missing.’’’ Choice 1: It contained a lot of junk. Choice 2: She left it unsupervised. Q: Which one is more likely to be the cause, choice 1 or choice 2?",The woman's purse was missing.,It contained a lot of junk.,She left it unsupervised.,cause,0.30460667610168457,-0.1977185755968094,2,0.502325251698494,0.30460667610168457
"Consider the following example: ‘‘‘The young woman was denied entrance into the bar.’’’ Choice 1: Her friends stood her up. Choice 2: She forgot her ID. Q: Which one is more likely to be the cause, choice 1 or choice 2?",The young woman was denied entrance into the bar.,Her friends stood her up.,She forgot her ID.,cause,0.11818468570709229,0.08589063584804535,2,0.032294049859046936,0.11818468570709229
"Consider the following example: ‘‘‘We found empty seats in the theatre.’’’ Choice 1: The film began. Choice 2: We sat down. Q: Which one is more likely to be the effect, choice 1 or choice 2?",We found empty seats in the theatre.,The film began.,We sat down.,effect,-0.11445045471191406,0.26604992151260376,2,0.3805003762245178,0.26604992151260376
