dataset,split,pair_id,base_id,counterfactual_id
comparisons,train,comparisons_776_b0_4500,comparisons_776_b0,comparisons_776_b1
comparisons,train,comparisons_1387_b0_4501,comparisons_1387_b0,comparisons_1387_b1
comparisons,train,comparisons_1011_b0_4502,comparisons_1011_b0,comparisons_1011_b1
comparisons,train,comparisons_1531_b0_4503,comparisons_1531_b0,comparisons_1531_b1
comparisons,train,comparisons_1323_b0_4504,comparisons_1323_b0,comparisons_1323_b1
comparisons,train,comparisons_1269_b0_4505,comparisons_1269_b0,comparisons_1269_b1
comparisons,train,comparisons_409_b0_4506,comparisons_409_b0,comparisons_409_b1
comparisons,train,comparisons_353_b0_4507,comparisons_353_b0,comparisons_353_b1
comparisons,train,comparisons_1270_b0_4508,comparisons_1270_b0,comparisons_1270_b1
comparisons,train,comparisons_1662_b0_4509,comparisons_1662_b0,comparisons_1662_b1
comparisons,train,comparisons_897_b0_4510,comparisons_897_b0,comparisons_897_b1
comparisons,train,comparisons_1900_b0_4511,comparisons_1900_b0,comparisons_1900_b1
comparisons,train,comparisons_590_b0_4512,comparisons_590_b0,comparisons_590_b1
comparisons,train,comparisons_1966_b0_4513,comparisons_1966_b0,comparisons_1966_b1
comparisons,train,comparisons_382_b0_4514,comparisons_382_b0,comparisons_382_b1
comparisons,train,comparisons_381_b0_4515,comparisons_381_b0,comparisons_381_b1
comparisons,train,comparisons_1551_b0_4516,comparisons_1551_b0,comparisons_1551_b1
comparisons,train,comparisons_1758_b0_4517,comparisons_1758_b0,comparisons_1758_b1
comparisons,train,comparisons_365_b0_4518,comparisons_365_b0,comparisons_365_b1
comparisons,train,comparisons_1135_b0_4519,comparisons_1135_b0,comparisons_1135_b1
comparisons,train,comparisons_135_b0_4520,comparisons_135_b0,comparisons_135_b1
comparisons,train,comparisons_614_b0_4521,comparisons_614_b0,comparisons_614_b1
comparisons,train,comparisons_1329_b0_4522,comparisons_1329_b0,comparisons_1329_b1
comparisons,train,comparisons_41_b0_4523,comparisons_41_b0,comparisons_41_b1
comparisons,train,comparisons_497_b0_4524,comparisons_497_b0,comparisons_497_b1
comparisons,train,comparisons_193_b0_4525,comparisons_193_b0,comparisons_193_b1
comparisons,train,comparisons_1000_b0_4526,comparisons_1000_b0,comparisons_1000_b1
comparisons,train,comparisons_1589_b0_4527,comparisons_1589_b0,comparisons_1589_b1
comparisons,train,comparisons_1496_b0_4528,comparisons_1496_b0,comparisons_1496_b1
comparisons,train,comparisons_1353_b0_4529,comparisons_1353_b0,comparisons_1353_b1
comparisons,train,comparisons_1312_b0_4530,comparisons_1312_b0,comparisons_1312_b1
comparisons,train,comparisons_265_b0_4531,comparisons_265_b0,comparisons_265_b1
comparisons,train,comparisons_1013_b0_4532,comparisons_1013_b0,comparisons_1013_b1
comparisons,train,comparisons_1950_b0_4533,comparisons_1950_b0,comparisons_1950_b1
comparisons,train,comparisons_1478_b0_4534,comparisons_1478_b0,comparisons_1478_b1
comparisons,train,comparisons_1168_b0_4535,comparisons_1168_b0,comparisons_1168_b1
comparisons,train,comparisons_1905_b0_4536,comparisons_1905_b0,comparisons_1905_b1
comparisons,train,comparisons_570_b0_4537,comparisons_570_b0,comparisons_570_b1
comparisons,train,comparisons_357_b0_4538,comparisons_357_b0,comparisons_357_b1
comparisons,train,comparisons_593_b0_4539,comparisons_593_b0,comparisons_593_b1
comparisons,train,comparisons_1354_b0_4540,comparisons_1354_b0,comparisons_1354_b1
comparisons,train,comparisons_807_b0_4541,comparisons_807_b0,comparisons_807_b1
comparisons,train,comparisons_1116_b0_4542,comparisons_1116_b0,comparisons_1116_b1
comparisons,train,comparisons_72_b0_4543,comparisons_72_b0,comparisons_72_b1
comparisons,train,comparisons_1345_b0_4544,comparisons_1345_b0,comparisons_1345_b1
comparisons,train,comparisons_1134_b0_4545,comparisons_1134_b0,comparisons_1134_b1
comparisons,train,comparisons_1660_b0_4546,comparisons_1660_b0,comparisons_1660_b1
comparisons,train,comparisons_977_b0_4547,comparisons_977_b0,comparisons_977_b1
comparisons,train,comparisons_1243_b0_4548,comparisons_1243_b0,comparisons_1243_b1
comparisons,train,comparisons_1766_b0_4549,comparisons_1766_b0,comparisons_1766_b1
comparisons,train,comparisons_978_b0_4550,comparisons_978_b0,comparisons_978_b1
comparisons,train,comparisons_450_b0_4551,comparisons_450_b0,comparisons_450_b1
comparisons,train,comparisons_1505_b0_4552,comparisons_1505_b0,comparisons_1505_b1
comparisons,train,comparisons_1655_b0_4553,comparisons_1655_b0,comparisons_1655_b1
comparisons,train,comparisons_1898_b0_4554,comparisons_1898_b0,comparisons_1898_b1
comparisons,train,comparisons_1599_b0_4555,comparisons_1599_b0,comparisons_1599_b1
comparisons,train,comparisons_1395_b0_4556,comparisons_1395_b0,comparisons_1395_b1
comparisons,train,comparisons_433_b0_4557,comparisons_433_b0,comparisons_433_b1
comparisons,train,comparisons_1762_b0_4558,comparisons_1762_b0,comparisons_1762_b1
comparisons,train,comparisons_1647_b0_4559,comparisons_1647_b0,comparisons_1647_b1
comparisons,train,comparisons_799_b0_4560,comparisons_799_b0,comparisons_799_b1
comparisons,train,comparisons_1859_b0_4561,comparisons_1859_b0,comparisons_1859_b1
comparisons,train,comparisons_597_b0_4562,comparisons_597_b0,comparisons_597_b1
comparisons,train,comparisons_1137_b0_4563,comparisons_1137_b0,comparisons_1137_b1
comparisons,train,comparisons_830_b0_4564,comparisons_830_b0,comparisons_830_b1
comparisons,train,comparisons_672_b0_4565,comparisons_672_b0,comparisons_672_b1
comparisons,train,comparisons_1940_b0_4566,comparisons_1940_b0,comparisons_1940_b1
comparisons,train,comparisons_1082_b0_4567,comparisons_1082_b0,comparisons_1082_b1
comparisons,train,comparisons_419_b0_4568,comparisons_419_b0,comparisons_419_b1
comparisons,train,comparisons_1705_b0_4569,comparisons_1705_b0,comparisons_1705_b1
comparisons,train,comparisons_285_b0_4570,comparisons_285_b0,comparisons_285_b1
comparisons,train,comparisons_213_b0_4571,comparisons_213_b0,comparisons_213_b1
comparisons,train,comparisons_1473_b0_4572,comparisons_1473_b0,comparisons_1473_b1
comparisons,train,comparisons_1640_b0_4573,comparisons_1640_b0,comparisons_1640_b1
comparisons,train,comparisons_335_b0_4574,comparisons_335_b0,comparisons_335_b1
comparisons,train,comparisons_651_b0_4575,comparisons_651_b0,comparisons_651_b1
comparisons,train,comparisons_1844_b0_4576,comparisons_1844_b0,comparisons_1844_b1
comparisons,train,comparisons_1674_b0_4577,comparisons_1674_b0,comparisons_1674_b1
comparisons,train,comparisons_1073_b0_4578,comparisons_1073_b0,comparisons_1073_b1
comparisons,train,comparisons_868_b0_4579,comparisons_868_b0,comparisons_868_b1
comparisons,train,comparisons_1858_b0_4580,comparisons_1858_b0,comparisons_1858_b1
comparisons,train,comparisons_1577_b0_4581,comparisons_1577_b0,comparisons_1577_b1
comparisons,train,comparisons_68_b0_4582,comparisons_68_b0,comparisons_68_b1
comparisons,train,comparisons_98_b0_4583,comparisons_98_b0,comparisons_98_b1
comparisons,train,comparisons_1877_b0_4584,comparisons_1877_b0,comparisons_1877_b1
comparisons,train,comparisons_1020_b0_4585,comparisons_1020_b0,comparisons_1020_b1
comparisons,train,comparisons_1215_b0_4586,comparisons_1215_b0,comparisons_1215_b1
comparisons,train,comparisons_1050_b0_4587,comparisons_1050_b0,comparisons_1050_b1
comparisons,train,comparisons_986_b0_4588,comparisons_986_b0,comparisons_986_b1
comparisons,train,comparisons_657_b0_4589,comparisons_657_b0,comparisons_657_b1
comparisons,train,comparisons_1494_b0_4590,comparisons_1494_b0,comparisons_1494_b1
comparisons,train,comparisons_1519_b0_4591,comparisons_1519_b0,comparisons_1519_b1
comparisons,train,comparisons_1903_b0_4592,comparisons_1903_b0,comparisons_1903_b1
comparisons,train,comparisons_1166_b0_4593,comparisons_1166_b0,comparisons_1166_b1
comparisons,train,comparisons_1565_b0_4594,comparisons_1565_b0,comparisons_1565_b1
comparisons,train,comparisons_1795_b0_4595,comparisons_1795_b0,comparisons_1795_b1
comparisons,train,comparisons_906_b0_4596,comparisons_906_b0,comparisons_906_b1
comparisons,train,comparisons_326_b0_4597,comparisons_326_b0,comparisons_326_b1
comparisons,train,comparisons_1600_b0_4598,comparisons_1600_b0,comparisons_1600_b1
comparisons,train,comparisons_855_b0_4599,comparisons_855_b0,comparisons_855_b1
comparisons,train,comparisons_635_b0_4600,comparisons_635_b0,comparisons_635_b1
comparisons,train,comparisons_1918_b0_4601,comparisons_1918_b0,comparisons_1918_b1
comparisons,train,comparisons_1007_b0_4602,comparisons_1007_b0,comparisons_1007_b1
comparisons,train,comparisons_874_b0_4603,comparisons_874_b0,comparisons_874_b1
comparisons,train,comparisons_1403_b0_4604,comparisons_1403_b0,comparisons_1403_b1
comparisons,train,comparisons_1932_b0_4605,comparisons_1932_b0,comparisons_1932_b1
comparisons,train,comparisons_1029_b0_4606,comparisons_1029_b0,comparisons_1029_b1
comparisons,train,comparisons_12_b0_4607,comparisons_12_b0,comparisons_12_b1
comparisons,train,comparisons_847_b0_4608,comparisons_847_b0,comparisons_847_b1
comparisons,train,comparisons_1764_b0_4609,comparisons_1764_b0,comparisons_1764_b1
comparisons,train,comparisons_1909_b0_4610,comparisons_1909_b0,comparisons_1909_b1
comparisons,train,comparisons_1425_b0_4611,comparisons_1425_b0,comparisons_1425_b1
comparisons,train,comparisons_1389_b0_4612,comparisons_1389_b0,comparisons_1389_b1
comparisons,train,comparisons_843_b0_4613,comparisons_843_b0,comparisons_843_b1
comparisons,train,comparisons_20_b0_4614,comparisons_20_b0,comparisons_20_b1
comparisons,train,comparisons_91_b0_4615,comparisons_91_b0,comparisons_91_b1
comparisons,train,comparisons_297_b0_4616,comparisons_297_b0,comparisons_297_b1
comparisons,train,comparisons_761_b0_4617,comparisons_761_b0,comparisons_761_b1
comparisons,train,comparisons_734_b0_4618,comparisons_734_b0,comparisons_734_b1
comparisons,train,comparisons_513_b0_4619,comparisons_513_b0,comparisons_513_b1
comparisons,train,comparisons_1787_b0_4620,comparisons_1787_b0,comparisons_1787_b1
comparisons,train,comparisons_1300_b0_4621,comparisons_1300_b0,comparisons_1300_b1
comparisons,train,comparisons_1210_b0_4622,comparisons_1210_b0,comparisons_1210_b1
comparisons,train,comparisons_612_b0_4623,comparisons_612_b0,comparisons_612_b1
comparisons,train,comparisons_1151_b0_4624,comparisons_1151_b0,comparisons_1151_b1
comparisons,train,comparisons_405_b0_4625,comparisons_405_b0,comparisons_405_b1
comparisons,train,comparisons_1141_b0_4626,comparisons_1141_b0,comparisons_1141_b1
comparisons,train,comparisons_443_b0_4627,comparisons_443_b0,comparisons_443_b1
comparisons,train,comparisons_1142_b0_4628,comparisons_1142_b0,comparisons_1142_b1
comparisons,train,comparisons_1301_b0_4629,comparisons_1301_b0,comparisons_1301_b1
comparisons,train,comparisons_912_b0_4630,comparisons_912_b0,comparisons_912_b1
comparisons,train,comparisons_1929_b0_4631,comparisons_1929_b0,comparisons_1929_b1
comparisons,train,comparisons_1177_b0_4632,comparisons_1177_b0,comparisons_1177_b1
comparisons,train,comparisons_1885_b0_4633,comparisons_1885_b0,comparisons_1885_b1
comparisons,train,comparisons_1809_b0_4634,comparisons_1809_b0,comparisons_1809_b1
comparisons,train,comparisons_283_b0_4635,comparisons_283_b0,comparisons_283_b1
comparisons,train,comparisons_1785_b0_4636,comparisons_1785_b0,comparisons_1785_b1
comparisons,train,comparisons_820_b0_4637,comparisons_820_b0,comparisons_820_b1
comparisons,train,comparisons_660_b0_4638,comparisons_660_b0,comparisons_660_b1
comparisons,train,comparisons_971_b0_4639,comparisons_971_b0,comparisons_971_b1
comparisons,train,comparisons_70_b0_4640,comparisons_70_b0,comparisons_70_b1
comparisons,train,comparisons_77_b0_4641,comparisons_77_b0,comparisons_77_b1
comparisons,train,comparisons_911_b0_4642,comparisons_911_b0,comparisons_911_b1
comparisons,train,comparisons_1913_b0_4643,comparisons_1913_b0,comparisons_1913_b1
comparisons,train,comparisons_567_b0_4644,comparisons_567_b0,comparisons_567_b1
comparisons,train,comparisons_400_b0_4645,comparisons_400_b0,comparisons_400_b1
comparisons,train,comparisons_1258_b0_4646,comparisons_1258_b0,comparisons_1258_b1
comparisons,train,comparisons_1490_b0_4647,comparisons_1490_b0,comparisons_1490_b1
comparisons,train,comparisons_1028_b0_4648,comparisons_1028_b0,comparisons_1028_b1
comparisons,train,comparisons_620_b0_4649,comparisons_620_b0,comparisons_620_b1
comparisons,train,comparisons_798_b0_4650,comparisons_798_b0,comparisons_798_b1
comparisons,train,comparisons_470_b0_4651,comparisons_470_b0,comparisons_470_b1
comparisons,train,comparisons_144_b0_4652,comparisons_144_b0,comparisons_144_b1
comparisons,train,comparisons_1330_b0_4653,comparisons_1330_b0,comparisons_1330_b1
comparisons,train,comparisons_1108_b0_4654,comparisons_1108_b0,comparisons_1108_b1
comparisons,train,comparisons_446_b0_4655,comparisons_446_b0,comparisons_446_b1
comparisons,train,comparisons_929_b0_4656,comparisons_929_b0,comparisons_929_b1
comparisons,train,comparisons_1756_b0_4657,comparisons_1756_b0,comparisons_1756_b1
comparisons,train,comparisons_895_b0_4658,comparisons_895_b0,comparisons_895_b1
comparisons,train,comparisons_145_b0_4659,comparisons_145_b0,comparisons_145_b1
comparisons,train,comparisons_177_b0_4660,comparisons_177_b0,comparisons_177_b1
comparisons,train,comparisons_1100_b0_4661,comparisons_1100_b0,comparisons_1100_b1
comparisons,train,comparisons_1347_b0_4662,comparisons_1347_b0,comparisons_1347_b1
comparisons,train,comparisons_1776_b0_4663,comparisons_1776_b0,comparisons_1776_b1
comparisons,train,comparisons_1110_b0_4664,comparisons_1110_b0,comparisons_1110_b1
comparisons,train,comparisons_1454_b0_4665,comparisons_1454_b0,comparisons_1454_b1
comparisons,train,comparisons_1584_b0_4666,comparisons_1584_b0,comparisons_1584_b1
comparisons,train,comparisons_1405_b0_4667,comparisons_1405_b0,comparisons_1405_b1
comparisons,train,comparisons_1601_b0_4668,comparisons_1601_b0,comparisons_1601_b1
comparisons,train,comparisons_1430_b0_4669,comparisons_1430_b0,comparisons_1430_b1
comparisons,train,comparisons_1453_b0_4670,comparisons_1453_b0,comparisons_1453_b1
comparisons,train,comparisons_898_b0_4671,comparisons_898_b0,comparisons_898_b1
comparisons,train,comparisons_131_b0_4672,comparisons_131_b0,comparisons_131_b1
comparisons,train,comparisons_548_b0_4673,comparisons_548_b0,comparisons_548_b1
comparisons,train,comparisons_841_b0_4674,comparisons_841_b0,comparisons_841_b1
comparisons,train,comparisons_937_b0_4675,comparisons_937_b0,comparisons_937_b1
comparisons,train,comparisons_1055_b0_4676,comparisons_1055_b0,comparisons_1055_b1
comparisons,train,comparisons_1719_b0_4677,comparisons_1719_b0,comparisons_1719_b1
comparisons,train,comparisons_865_b0_4678,comparisons_865_b0,comparisons_865_b1
comparisons,train,comparisons_245_b0_4679,comparisons_245_b0,comparisons_245_b1
comparisons,train,comparisons_1199_b0_4680,comparisons_1199_b0,comparisons_1199_b1
comparisons,train,comparisons_961_b0_4681,comparisons_961_b0,comparisons_961_b1
comparisons,train,comparisons_1122_b0_4682,comparisons_1122_b0,comparisons_1122_b1
comparisons,train,comparisons_1573_b0_4683,comparisons_1573_b0,comparisons_1573_b1
comparisons,train,comparisons_1938_b0_4684,comparisons_1938_b0,comparisons_1938_b1
comparisons,train,comparisons_1944_b0_4685,comparisons_1944_b0,comparisons_1944_b1
comparisons,train,comparisons_882_b0_4686,comparisons_882_b0,comparisons_882_b1
comparisons,train,comparisons_346_b0_4687,comparisons_346_b0,comparisons_346_b1
comparisons,train,comparisons_1558_b0_4688,comparisons_1558_b0,comparisons_1558_b1
comparisons,train,comparisons_1165_b0_4689,comparisons_1165_b0,comparisons_1165_b1
comparisons,train,comparisons_1078_b0_4690,comparisons_1078_b0,comparisons_1078_b1
comparisons,train,comparisons_1150_b0_4691,comparisons_1150_b0,comparisons_1150_b1
comparisons,train,comparisons_857_b0_4692,comparisons_857_b0,comparisons_857_b1
comparisons,train,comparisons_1016_b0_4693,comparisons_1016_b0,comparisons_1016_b1
comparisons,train,comparisons_1630_b0_4694,comparisons_1630_b0,comparisons_1630_b1
comparisons,train,comparisons_478_b0_4695,comparisons_478_b0,comparisons_478_b1
comparisons,train,comparisons_289_b0_4696,comparisons_289_b0,comparisons_289_b1
comparisons,train,comparisons_524_b0_4697,comparisons_524_b0,comparisons_524_b1
comparisons,train,comparisons_1133_b0_4698,comparisons_1133_b0,comparisons_1133_b1
comparisons,train,comparisons_1411_b0_4699,comparisons_1411_b0,comparisons_1411_b1
comparisons,train,comparisons_689_b0_4700,comparisons_689_b0,comparisons_689_b1
comparisons,train,comparisons_1412_b0_4701,comparisons_1412_b0,comparisons_1412_b1
comparisons,train,comparisons_1291_b0_4702,comparisons_1291_b0,comparisons_1291_b1
comparisons,train,comparisons_1727_b0_4703,comparisons_1727_b0,comparisons_1727_b1
comparisons,train,comparisons_671_b0_4704,comparisons_671_b0,comparisons_671_b1
comparisons,train,comparisons_1143_b0_4705,comparisons_1143_b0,comparisons_1143_b1
comparisons,train,comparisons_925_b0_4706,comparisons_925_b0,comparisons_925_b1
comparisons,train,comparisons_667_b0_4707,comparisons_667_b0,comparisons_667_b1
comparisons,train,comparisons_1567_b0_4708,comparisons_1567_b0,comparisons_1567_b1
comparisons,train,comparisons_722_b0_4709,comparisons_722_b0,comparisons_722_b1
comparisons,train,comparisons_150_b0_4710,comparisons_150_b0,comparisons_150_b1
comparisons,train,comparisons_677_b0_4711,comparisons_677_b0,comparisons_677_b1
comparisons,train,comparisons_198_b0_4712,comparisons_198_b0,comparisons_198_b1
comparisons,train,comparisons_816_b0_4713,comparisons_816_b0,comparisons_816_b1
comparisons,train,comparisons_428_b0_4714,comparisons_428_b0,comparisons_428_b1
comparisons,train,comparisons_1507_b0_4715,comparisons_1507_b0,comparisons_1507_b1
comparisons,train,comparisons_753_b0_4716,comparisons_753_b0,comparisons_753_b1
comparisons,train,comparisons_861_b0_4717,comparisons_861_b0,comparisons_861_b1
comparisons,train,comparisons_53_b0_4718,comparisons_53_b0,comparisons_53_b1
comparisons,train,comparisons_1499_b0_4719,comparisons_1499_b0,comparisons_1499_b1
comparisons,train,comparisons_1032_b0_4720,comparisons_1032_b0,comparisons_1032_b1
comparisons,train,comparisons_1257_b0_4721,comparisons_1257_b0,comparisons_1257_b1
comparisons,train,comparisons_1352_b0_4722,comparisons_1352_b0,comparisons_1352_b1
comparisons,train,comparisons_1979_b0_4723,comparisons_1979_b0,comparisons_1979_b1
comparisons,train,comparisons_182_b0_4724,comparisons_182_b0,comparisons_182_b1
comparisons,train,comparisons_203_b0_4725,comparisons_203_b0,comparisons_203_b1
comparisons,train,comparisons_829_b0_4726,comparisons_829_b0,comparisons_829_b1
comparisons,train,comparisons_1748_b0_4727,comparisons_1748_b0,comparisons_1748_b1
comparisons,train,comparisons_1541_b0_4728,comparisons_1541_b0,comparisons_1541_b1
comparisons,train,comparisons_828_b0_4729,comparisons_828_b0,comparisons_828_b1
comparisons,train,comparisons_1906_b0_4730,comparisons_1906_b0,comparisons_1906_b1
comparisons,train,comparisons_640_b0_4731,comparisons_640_b0,comparisons_640_b1
comparisons,train,comparisons_1226_b0_4732,comparisons_1226_b0,comparisons_1226_b1
comparisons,train,comparisons_953_b0_4733,comparisons_953_b0,comparisons_953_b1
comparisons,train,comparisons_787_b0_4734,comparisons_787_b0,comparisons_787_b1
comparisons,train,comparisons_1233_b0_4735,comparisons_1233_b0,comparisons_1233_b1
comparisons,train,comparisons_1845_b0_4736,comparisons_1845_b0,comparisons_1845_b1
comparisons,train,comparisons_1445_b0_4737,comparisons_1445_b0,comparisons_1445_b1
comparisons,train,comparisons_1469_b0_4738,comparisons_1469_b0,comparisons_1469_b1
comparisons,train,comparisons_1942_b0_4739,comparisons_1942_b0,comparisons_1942_b1
comparisons,train,comparisons_1832_b0_4740,comparisons_1832_b0,comparisons_1832_b1
comparisons,train,comparisons_930_b0_4741,comparisons_930_b0,comparisons_930_b1
comparisons,train,comparisons_196_b0_4742,comparisons_196_b0,comparisons_196_b1
comparisons,train,comparisons_890_b0_4743,comparisons_890_b0,comparisons_890_b1
comparisons,train,comparisons_360_b0_4744,comparisons_360_b0,comparisons_360_b1
comparisons,train,comparisons_902_b0_4745,comparisons_902_b0,comparisons_902_b1
comparisons,train,comparisons_420_b0_4746,comparisons_420_b0,comparisons_420_b1
comparisons,train,comparisons_1802_b0_4747,comparisons_1802_b0,comparisons_1802_b1
comparisons,train,comparisons_1644_b0_4748,comparisons_1644_b0,comparisons_1644_b1
comparisons,train,comparisons_292_b0_4749,comparisons_292_b0,comparisons_292_b1
comparisons,train,comparisons_769_b0_4750,comparisons_769_b0,comparisons_769_b1
comparisons,train,comparisons_1383_b0_4751,comparisons_1383_b0,comparisons_1383_b1
comparisons,train,comparisons_1334_b0_4752,comparisons_1334_b0,comparisons_1334_b1
comparisons,train,comparisons_1960_b0_4753,comparisons_1960_b0,comparisons_1960_b1
comparisons,train,comparisons_1973_b0_4754,comparisons_1973_b0,comparisons_1973_b1
comparisons,train,comparisons_878_b0_4755,comparisons_878_b0,comparisons_878_b1
comparisons,train,comparisons_1423_b0_4756,comparisons_1423_b0,comparisons_1423_b1
comparisons,train,comparisons_1361_b0_4757,comparisons_1361_b0,comparisons_1361_b1
comparisons,train,comparisons_1537_b0_4758,comparisons_1537_b0,comparisons_1537_b1
comparisons,train,comparisons_1333_b0_4759,comparisons_1333_b0,comparisons_1333_b1
comparisons,train,comparisons_1532_b0_4760,comparisons_1532_b0,comparisons_1532_b1
comparisons,train,comparisons_1506_b0_4761,comparisons_1506_b0,comparisons_1506_b1
comparisons,train,comparisons_1912_b0_4762,comparisons_1912_b0,comparisons_1912_b1
comparisons,train,comparisons_336_b0_4763,comparisons_336_b0,comparisons_336_b1
comparisons,train,comparisons_1761_b0_4764,comparisons_1761_b0,comparisons_1761_b1
comparisons,train,comparisons_1620_b0_4765,comparisons_1620_b0,comparisons_1620_b1
comparisons,train,comparisons_1271_b0_4766,comparisons_1271_b0,comparisons_1271_b1
comparisons,train,comparisons_1190_b0_4767,comparisons_1190_b0,comparisons_1190_b1
comparisons,train,comparisons_661_b0_4768,comparisons_661_b0,comparisons_661_b1
comparisons,train,comparisons_385_b0_4769,comparisons_385_b0,comparisons_385_b1
comparisons,train,comparisons_989_b0_4770,comparisons_989_b0,comparisons_989_b1
comparisons,train,comparisons_159_b0_4771,comparisons_159_b0,comparisons_159_b1
comparisons,train,comparisons_1927_b0_4772,comparisons_1927_b0,comparisons_1927_b1
comparisons,train,comparisons_251_b0_4773,comparisons_251_b0,comparisons_251_b1
comparisons,train,comparisons_1085_b0_4774,comparisons_1085_b0,comparisons_1085_b1
comparisons,train,comparisons_1635_b0_4775,comparisons_1635_b0,comparisons_1635_b1
comparisons,train,comparisons_1745_b0_4776,comparisons_1745_b0,comparisons_1745_b1
comparisons,train,comparisons_1849_b0_4777,comparisons_1849_b0,comparisons_1849_b1
comparisons,train,comparisons_474_b0_4778,comparisons_474_b0,comparisons_474_b1
comparisons,train,comparisons_1800_b0_4779,comparisons_1800_b0,comparisons_1800_b1
comparisons,train,comparisons_99_b0_4780,comparisons_99_b0,comparisons_99_b1
comparisons,train,comparisons_1780_b0_4781,comparisons_1780_b0,comparisons_1780_b1
comparisons,train,comparisons_305_b0_4782,comparisons_305_b0,comparisons_305_b1
comparisons,train,comparisons_1160_b0_4783,comparisons_1160_b0,comparisons_1160_b1
comparisons,train,comparisons_665_b0_4784,comparisons_665_b0,comparisons_665_b1
comparisons,train,comparisons_416_b0_4785,comparisons_416_b0,comparisons_416_b1
comparisons,train,comparisons_1262_b0_4786,comparisons_1262_b0,comparisons_1262_b1
comparisons,train,comparisons_1529_b0_4787,comparisons_1529_b0,comparisons_1529_b1
comparisons,train,comparisons_545_b0_4788,comparisons_545_b0,comparisons_545_b1
comparisons,train,comparisons_696_b0_4789,comparisons_696_b0,comparisons_696_b1
comparisons,train,comparisons_676_b0_4790,comparisons_676_b0,comparisons_676_b1
comparisons,train,comparisons_118_b0_4791,comparisons_118_b0,comparisons_118_b1
comparisons,train,comparisons_1820_b0_4792,comparisons_1820_b0,comparisons_1820_b1
comparisons,train,comparisons_28_b0_4793,comparisons_28_b0,comparisons_28_b1
comparisons,train,comparisons_1743_b0_4794,comparisons_1743_b0,comparisons_1743_b1
comparisons,train,comparisons_350_b0_4795,comparisons_350_b0,comparisons_350_b1
comparisons,train,comparisons_476_b0_4796,comparisons_476_b0,comparisons_476_b1
comparisons,train,comparisons_1136_b0_4797,comparisons_1136_b0,comparisons_1136_b1
comparisons,train,comparisons_1607_b0_4798,comparisons_1607_b0,comparisons_1607_b1
comparisons,train,comparisons_234_b0_4799,comparisons_234_b0,comparisons_234_b1
comparisons,train,comparisons_801_b0_4800,comparisons_801_b0,comparisons_801_b1
comparisons,train,comparisons_1025_b0_4801,comparisons_1025_b0,comparisons_1025_b1
comparisons,train,comparisons_1922_b0_4802,comparisons_1922_b0,comparisons_1922_b1
comparisons,train,comparisons_1171_b0_4803,comparisons_1171_b0,comparisons_1171_b1
comparisons,train,comparisons_1242_b0_4804,comparisons_1242_b0,comparisons_1242_b1
comparisons,train,comparisons_562_b0_4805,comparisons_562_b0,comparisons_562_b1
comparisons,train,comparisons_1088_b0_4806,comparisons_1088_b0,comparisons_1088_b1
comparisons,train,comparisons_652_b0_4807,comparisons_652_b0,comparisons_652_b1
comparisons,train,comparisons_1947_b0_4808,comparisons_1947_b0,comparisons_1947_b1
comparisons,train,comparisons_996_b0_4809,comparisons_996_b0,comparisons_996_b1
comparisons,train,comparisons_109_b0_4810,comparisons_109_b0,comparisons_109_b1
comparisons,train,comparisons_445_b0_4811,comparisons_445_b0,comparisons_445_b1
comparisons,train,comparisons_950_b0_4812,comparisons_950_b0,comparisons_950_b1
comparisons,train,comparisons_1828_b0_4813,comparisons_1828_b0,comparisons_1828_b1
comparisons,train,comparisons_354_b0_4814,comparisons_354_b0,comparisons_354_b1
comparisons,train,comparisons_1123_b0_4815,comparisons_1123_b0,comparisons_1123_b1
comparisons,train,comparisons_1740_b0_4816,comparisons_1740_b0,comparisons_1740_b1
comparisons,train,comparisons_979_b0_4817,comparisons_979_b0,comparisons_979_b1
comparisons,train,comparisons_1049_b0_4818,comparisons_1049_b0,comparisons_1049_b1
comparisons,train,comparisons_551_b0_4819,comparisons_551_b0,comparisons_551_b1
comparisons,train,comparisons_90_b0_4820,comparisons_90_b0,comparisons_90_b1
comparisons,train,comparisons_1144_b0_4821,comparisons_1144_b0,comparisons_1144_b1
comparisons,train,comparisons_637_b0_4822,comparisons_637_b0,comparisons_637_b1
comparisons,train,comparisons_1757_b0_4823,comparisons_1757_b0,comparisons_1757_b1
comparisons,train,comparisons_1184_b0_4824,comparisons_1184_b0,comparisons_1184_b1
comparisons,train,comparisons_610_b0_4825,comparisons_610_b0,comparisons_610_b1
comparisons,train,comparisons_397_b0_4826,comparisons_397_b0,comparisons_397_b1
comparisons,train,comparisons_1538_b0_4827,comparisons_1538_b0,comparisons_1538_b1
comparisons,train,comparisons_1642_b0_4828,comparisons_1642_b0,comparisons_1642_b1
comparisons,train,comparisons_1287_b0_4829,comparisons_1287_b0,comparisons_1287_b1
comparisons,train,comparisons_495_b0_4830,comparisons_495_b0,comparisons_495_b1
comparisons,train,comparisons_619_b0_4831,comparisons_619_b0,comparisons_619_b1
comparisons,train,comparisons_755_b0_4832,comparisons_755_b0,comparisons_755_b1
comparisons,train,comparisons_1326_b0_4833,comparisons_1326_b0,comparisons_1326_b1
comparisons,train,comparisons_1294_b0_4834,comparisons_1294_b0,comparisons_1294_b1
comparisons,train,comparisons_1497_b0_4835,comparisons_1497_b0,comparisons_1497_b1
comparisons,train,comparisons_147_b0_4836,comparisons_147_b0,comparisons_147_b1
comparisons,train,comparisons_1367_b0_4837,comparisons_1367_b0,comparisons_1367_b1
comparisons,train,comparisons_46_b0_4838,comparisons_46_b0,comparisons_46_b1
comparisons,train,comparisons_528_b0_4839,comparisons_528_b0,comparisons_528_b1
comparisons,train,comparisons_1467_b0_4840,comparisons_1467_b0,comparisons_1467_b1
comparisons,train,comparisons_529_b0_4841,comparisons_529_b0,comparisons_529_b1
comparisons,train,comparisons_557_b0_4842,comparisons_557_b0,comparisons_557_b1
comparisons,train,comparisons_1637_b0_4843,comparisons_1637_b0,comparisons_1637_b1
comparisons,train,comparisons_1894_b0_4844,comparisons_1894_b0,comparisons_1894_b1
comparisons,train,comparisons_1915_b0_4845,comparisons_1915_b0,comparisons_1915_b1
comparisons,train,comparisons_330_b0_4846,comparisons_330_b0,comparisons_330_b1
comparisons,train,comparisons_1678_b0_4847,comparisons_1678_b0,comparisons_1678_b1
comparisons,train,comparisons_1338_b0_4848,comparisons_1338_b0,comparisons_1338_b1
comparisons,train,comparisons_934_b0_4849,comparisons_934_b0,comparisons_934_b1
comparisons,train,comparisons_654_b0_4850,comparisons_654_b0,comparisons_654_b1
comparisons,train,comparisons_982_b0_4851,comparisons_982_b0,comparisons_982_b1
comparisons,train,comparisons_1580_b0_4852,comparisons_1580_b0,comparisons_1580_b1
comparisons,train,comparisons_236_b0_4853,comparisons_236_b0,comparisons_236_b1
comparisons,train,comparisons_493_b0_4854,comparisons_493_b0,comparisons_493_b1
comparisons,train,comparisons_1486_b0_4855,comparisons_1486_b0,comparisons_1486_b1
comparisons,train,comparisons_1677_b0_4856,comparisons_1677_b0,comparisons_1677_b1
comparisons,train,comparisons_1471_b0_4857,comparisons_1471_b0,comparisons_1471_b1
comparisons,train,comparisons_500_b0_4858,comparisons_500_b0,comparisons_500_b1
comparisons,train,comparisons_942_b0_4859,comparisons_942_b0,comparisons_942_b1
comparisons,train,comparisons_1548_b0_4860,comparisons_1548_b0,comparisons_1548_b1
comparisons,train,comparisons_206_b0_4861,comparisons_206_b0,comparisons_206_b1
comparisons,train,comparisons_2_b0_4862,comparisons_2_b0,comparisons_2_b1
comparisons,train,comparisons_1288_b0_4863,comparisons_1288_b0,comparisons_1288_b1
comparisons,train,comparisons_733_b0_4864,comparisons_733_b0,comparisons_733_b1
comparisons,train,comparisons_1753_b0_4865,comparisons_1753_b0,comparisons_1753_b1
comparisons,train,comparisons_627_b0_4866,comparisons_627_b0,comparisons_627_b1
comparisons,train,comparisons_226_b0_4867,comparisons_226_b0,comparisons_226_b1
comparisons,train,comparisons_1831_b0_4868,comparisons_1831_b0,comparisons_1831_b1
comparisons,train,comparisons_101_b0_4869,comparisons_101_b0,comparisons_101_b1
comparisons,train,comparisons_1843_b0_4870,comparisons_1843_b0,comparisons_1843_b1
comparisons,train,comparisons_452_b0_4871,comparisons_452_b0,comparisons_452_b1
comparisons,train,comparisons_1342_b0_4872,comparisons_1342_b0,comparisons_1342_b1
comparisons,train,comparisons_1268_b0_4873,comparisons_1268_b0,comparisons_1268_b1
comparisons,train,comparisons_1003_b0_4874,comparisons_1003_b0,comparisons_1003_b1
comparisons,train,comparisons_1170_b0_4875,comparisons_1170_b0,comparisons_1170_b1
comparisons,train,comparisons_1459_b0_4876,comparisons_1459_b0,comparisons_1459_b1
comparisons,train,comparisons_212_b0_4877,comparisons_212_b0,comparisons_212_b1
comparisons,train,comparisons_1697_b0_4878,comparisons_1697_b0,comparisons_1697_b1
comparisons,train,comparisons_1213_b0_4879,comparisons_1213_b0,comparisons_1213_b1
comparisons,train,comparisons_498_b0_4880,comparisons_498_b0,comparisons_498_b1
comparisons,train,comparisons_888_b0_4881,comparisons_888_b0,comparisons_888_b1
comparisons,train,comparisons_909_b0_4882,comparisons_909_b0,comparisons_909_b1
comparisons,train,comparisons_1704_b0_4883,comparisons_1704_b0,comparisons_1704_b1
comparisons,train,comparisons_918_b0_4884,comparisons_918_b0,comparisons_918_b1
comparisons,train,comparisons_1797_b0_4885,comparisons_1797_b0,comparisons_1797_b1
comparisons,train,comparisons_348_b0_4886,comparisons_348_b0,comparisons_348_b1
comparisons,train,comparisons_1320_b0_4887,comparisons_1320_b0,comparisons_1320_b1
comparisons,train,comparisons_1105_b0_4888,comparisons_1105_b0,comparisons_1105_b1
comparisons,train,comparisons_281_b0_4889,comparisons_281_b0,comparisons_281_b1
comparisons,train,comparisons_783_b0_4890,comparisons_783_b0,comparisons_783_b1
comparisons,train,comparisons_1789_b0_4891,comparisons_1789_b0,comparisons_1789_b1
comparisons,train,comparisons_1491_b0_4892,comparisons_1491_b0,comparisons_1491_b1
comparisons,train,comparisons_517_b0_4893,comparisons_517_b0,comparisons_517_b1
comparisons,train,comparisons_1209_b0_4894,comparisons_1209_b0,comparisons_1209_b1
comparisons,train,comparisons_1564_b0_4895,comparisons_1564_b0,comparisons_1564_b1
comparisons,train,comparisons_60_b0_4896,comparisons_60_b0,comparisons_60_b1
comparisons,train,comparisons_584_b0_4897,comparisons_584_b0,comparisons_584_b1
comparisons,train,comparisons_1799_b0_4898,comparisons_1799_b0,comparisons_1799_b1
comparisons,train,comparisons_1572_b0_4899,comparisons_1572_b0,comparisons_1572_b1
comparisons,train,comparisons_486_b0_4900,comparisons_486_b0,comparisons_486_b1
comparisons,train,comparisons_438_b0_4901,comparisons_438_b0,comparisons_438_b1
comparisons,train,comparisons_1604_b0_4902,comparisons_1604_b0,comparisons_1604_b1
comparisons,train,comparisons_782_b0_4903,comparisons_782_b0,comparisons_782_b1
comparisons,train,comparisons_935_b0_4904,comparisons_935_b0,comparisons_935_b1
comparisons,train,comparisons_711_b0_4905,comparisons_711_b0,comparisons_711_b1
comparisons,train,comparisons_572_b0_4906,comparisons_572_b0,comparisons_572_b1
comparisons,train,comparisons_1476_b0_4907,comparisons_1476_b0,comparisons_1476_b1
comparisons,train,comparisons_872_b0_4908,comparisons_872_b0,comparisons_872_b1
comparisons,train,comparisons_1194_b0_4909,comparisons_1194_b0,comparisons_1194_b1
comparisons,train,comparisons_429_b0_4910,comparisons_429_b0,comparisons_429_b1
comparisons,train,comparisons_819_b0_4911,comparisons_819_b0,comparisons_819_b1
comparisons,train,comparisons_894_b0_4912,comparisons_894_b0,comparisons_894_b1
comparisons,train,comparisons_1051_b0_4913,comparisons_1051_b0,comparisons_1051_b1
comparisons,train,comparisons_1325_b0_4914,comparisons_1325_b0,comparisons_1325_b1
comparisons,train,comparisons_173_b0_4915,comparisons_173_b0,comparisons_173_b1
comparisons,train,comparisons_1359_b0_4916,comparisons_1359_b0,comparisons_1359_b1
comparisons,train,comparisons_463_b0_4917,comparisons_463_b0,comparisons_463_b1
comparisons,train,comparisons_558_b0_4918,comparisons_558_b0,comparisons_558_b1
comparisons,train,comparisons_641_b0_4919,comparisons_641_b0,comparisons_641_b1
comparisons,train,comparisons_625_b0_4920,comparisons_625_b0,comparisons_625_b1
comparisons,train,comparisons_638_b0_4921,comparisons_638_b0,comparisons_638_b1
comparisons,train,comparisons_44_b0_4922,comparisons_44_b0,comparisons_44_b1
comparisons,train,comparisons_49_b0_4923,comparisons_49_b0,comparisons_49_b1
comparisons,train,comparisons_137_b0_4924,comparisons_137_b0,comparisons_137_b1
comparisons,train,comparisons_794_b0_4925,comparisons_794_b0,comparisons_794_b1
comparisons,train,comparisons_1181_b0_4926,comparisons_1181_b0,comparisons_1181_b1
comparisons,train,comparisons_1645_b0_4927,comparisons_1645_b0,comparisons_1645_b1
comparisons,train,comparisons_356_b0_4928,comparisons_356_b0,comparisons_356_b1
comparisons,train,comparisons_1670_b0_4929,comparisons_1670_b0,comparisons_1670_b1
comparisons,train,comparisons_1621_b0_4930,comparisons_1621_b0,comparisons_1621_b1
comparisons,train,comparisons_1872_b0_4931,comparisons_1872_b0,comparisons_1872_b1
comparisons,train,comparisons_851_b0_4932,comparisons_851_b0,comparisons_851_b1
comparisons,train,comparisons_664_b0_4933,comparisons_664_b0,comparisons_664_b1
comparisons,train,comparisons_1428_b0_4934,comparisons_1428_b0,comparisons_1428_b1
comparisons,train,comparisons_1205_b0_4935,comparisons_1205_b0,comparisons_1205_b1
comparisons,train,comparisons_1370_b0_4936,comparisons_1370_b0,comparisons_1370_b1
comparisons,train,comparisons_201_b0_4937,comparisons_201_b0,comparisons_201_b1
comparisons,train,comparisons_611_b0_4938,comparisons_611_b0,comparisons_611_b1
comparisons,train,comparisons_765_b0_4939,comparisons_765_b0,comparisons_765_b1
comparisons,train,comparisons_1285_b0_4940,comparisons_1285_b0,comparisons_1285_b1
comparisons,train,comparisons_1874_b0_4941,comparisons_1874_b0,comparisons_1874_b1
comparisons,train,comparisons_1080_b0_4942,comparisons_1080_b0,comparisons_1080_b1
comparisons,train,comparisons_1550_b0_4943,comparisons_1550_b0,comparisons_1550_b1
comparisons,train,comparisons_724_b0_4944,comparisons_724_b0,comparisons_724_b1
comparisons,train,comparisons_1657_b0_4945,comparisons_1657_b0,comparisons_1657_b1
comparisons,train,comparisons_366_b0_4946,comparisons_366_b0,comparisons_366_b1
comparisons,train,comparisons_786_b0_4947,comparisons_786_b0,comparisons_786_b1
comparisons,train,comparisons_1265_b0_4948,comparisons_1265_b0,comparisons_1265_b1
comparisons,train,comparisons_1398_b0_4949,comparisons_1398_b0,comparisons_1398_b1
comparisons,train,comparisons_444_b0_4950,comparisons_444_b0,comparisons_444_b1
comparisons,train,comparisons_1069_b0_4951,comparisons_1069_b0,comparisons_1069_b1
comparisons,train,comparisons_1977_b0_4952,comparisons_1977_b0,comparisons_1977_b1
comparisons,train,comparisons_1901_b0_4953,comparisons_1901_b0,comparisons_1901_b1
comparisons,train,comparisons_1763_b0_4954,comparisons_1763_b0,comparisons_1763_b1
comparisons,train,comparisons_318_b0_4955,comparisons_318_b0,comparisons_318_b1
comparisons,train,comparisons_1002_b0_4956,comparisons_1002_b0,comparisons_1002_b1
comparisons,train,comparisons_457_b0_4957,comparisons_457_b0,comparisons_457_b1
comparisons,train,comparisons_1643_b0_4958,comparisons_1643_b0,comparisons_1643_b1
comparisons,train,comparisons_170_b0_4959,comparisons_170_b0,comparisons_170_b1
comparisons,train,comparisons_180_b0_4960,comparisons_180_b0,comparisons_180_b1
comparisons,train,comparisons_1549_b0_4961,comparisons_1549_b0,comparisons_1549_b1
comparisons,train,comparisons_1720_b0_4962,comparisons_1720_b0,comparisons_1720_b1
comparisons,train,comparisons_1738_b0_4963,comparisons_1738_b0,comparisons_1738_b1
comparisons,train,comparisons_166_b0_4964,comparisons_166_b0,comparisons_166_b1
comparisons,train,comparisons_914_b0_4965,comparisons_914_b0,comparisons_914_b1
comparisons,train,comparisons_1575_b0_4966,comparisons_1575_b0,comparisons_1575_b1
comparisons,train,comparisons_1521_b0_4967,comparisons_1521_b0,comparisons_1521_b1
comparisons,train,comparisons_117_b0_4968,comparisons_117_b0,comparisons_117_b1
comparisons,train,comparisons_417_b0_4969,comparisons_417_b0,comparisons_417_b1
comparisons,train,comparisons_683_b0_4970,comparisons_683_b0,comparisons_683_b1
comparisons,train,comparisons_1559_b0_4971,comparisons_1559_b0,comparisons_1559_b1
comparisons,train,comparisons_477_b0_4972,comparisons_477_b0,comparisons_477_b1
comparisons,train,comparisons_1641_b0_4973,comparisons_1641_b0,comparisons_1641_b1
comparisons,train,comparisons_1162_b0_4974,comparisons_1162_b0,comparisons_1162_b1
comparisons,train,comparisons_1293_b0_4975,comparisons_1293_b0,comparisons_1293_b1
comparisons,train,comparisons_1328_b0_4976,comparisons_1328_b0,comparisons_1328_b1
comparisons,train,comparisons_698_b0_4977,comparisons_698_b0,comparisons_698_b1
comparisons,train,comparisons_1248_b0_4978,comparisons_1248_b0,comparisons_1248_b1
comparisons,train,comparisons_1092_b0_4979,comparisons_1092_b0,comparisons_1092_b1
comparisons,train,comparisons_273_b0_4980,comparisons_273_b0,comparisons_273_b1
comparisons,train,comparisons_1649_b0_4981,comparisons_1649_b0,comparisons_1649_b1
comparisons,train,comparisons_1256_b0_4982,comparisons_1256_b0,comparisons_1256_b1
comparisons,train,comparisons_369_b0_4983,comparisons_369_b0,comparisons_369_b1
comparisons,train,comparisons_422_b0_4984,comparisons_422_b0,comparisons_422_b1
comparisons,train,comparisons_1672_b0_4985,comparisons_1672_b0,comparisons_1672_b1
comparisons,train,comparisons_1961_b0_4986,comparisons_1961_b0,comparisons_1961_b1
comparisons,train,comparisons_1595_b0_4987,comparisons_1595_b0,comparisons_1595_b1
comparisons,train,comparisons_720_b0_4988,comparisons_720_b0,comparisons_720_b1
comparisons,train,comparisons_739_b0_4989,comparisons_739_b0,comparisons_739_b1
comparisons,train,comparisons_454_b0_4990,comparisons_454_b0,comparisons_454_b1
comparisons,train,comparisons_296_b0_4991,comparisons_296_b0,comparisons_296_b1
comparisons,train,comparisons_270_b0_4992,comparisons_270_b0,comparisons_270_b1
comparisons,train,comparisons_1883_b0_4993,comparisons_1883_b0,comparisons_1883_b1
comparisons,train,comparisons_96_b0_4994,comparisons_96_b0,comparisons_96_b1
comparisons,train,comparisons_13_b0_4995,comparisons_13_b0,comparisons_13_b1
comparisons,train,comparisons_522_b0_4996,comparisons_522_b0,comparisons_522_b1
comparisons,train,comparisons_1424_b0_4997,comparisons_1424_b0,comparisons_1424_b1
comparisons,train,comparisons_464_b0_4998,comparisons_464_b0,comparisons_464_b1
comparisons,train,comparisons_122_b0_4999,comparisons_122_b0,comparisons_122_b1
comparisons,eval,comparisons_1014_b0_5000,comparisons_1014_b0,comparisons_1014_b1
comparisons,eval,comparisons_924_b0_5001,comparisons_924_b0,comparisons_924_b1
comparisons,eval,comparisons_1498_b0_5002,comparisons_1498_b0,comparisons_1498_b1
comparisons,eval,comparisons_374_b0_5003,comparisons_374_b0,comparisons_374_b1
comparisons,eval,comparisons_1959_b0_5004,comparisons_1959_b0,comparisons_1959_b1
comparisons,eval,comparisons_1769_b0_5005,comparisons_1769_b0,comparisons_1769_b1
comparisons,eval,comparisons_38_b0_5006,comparisons_38_b0,comparisons_38_b1
comparisons,eval,comparisons_1470_b0_5007,comparisons_1470_b0,comparisons_1470_b1
comparisons,eval,comparisons_1778_b0_5008,comparisons_1778_b0,comparisons_1778_b1
comparisons,eval,comparisons_1742_b0_5009,comparisons_1742_b0,comparisons_1742_b1
comparisons,eval,comparisons_634_b0_5010,comparisons_634_b0,comparisons_634_b1
comparisons,eval,comparisons_279_b0_5011,comparisons_279_b0,comparisons_279_b1
comparisons,eval,comparisons_766_b0_5012,comparisons_766_b0,comparisons_766_b1
comparisons,eval,comparisons_81_b0_5013,comparisons_81_b0,comparisons_81_b1
comparisons,eval,comparisons_209_b0_5014,comparisons_209_b0,comparisons_209_b1
comparisons,eval,comparisons_395_b0_5015,comparisons_395_b0,comparisons_395_b1
comparisons,eval,comparisons_1336_b0_5016,comparisons_1336_b0,comparisons_1336_b1
comparisons,eval,comparisons_163_b0_5017,comparisons_163_b0,comparisons_163_b1
comparisons,eval,comparisons_284_b0_5018,comparisons_284_b0,comparisons_284_b1
comparisons,eval,comparisons_1391_b0_5019,comparisons_1391_b0,comparisons_1391_b1
comparisons,eval,comparisons_963_b0_5020,comparisons_963_b0,comparisons_963_b1
comparisons,eval,comparisons_471_b0_5021,comparisons_471_b0,comparisons_471_b1
comparisons,eval,comparisons_1813_b0_5022,comparisons_1813_b0,comparisons_1813_b1
comparisons,eval,comparisons_790_b0_5023,comparisons_790_b0,comparisons_790_b1
comparisons,eval,comparisons_1273_b0_5024,comparisons_1273_b0,comparisons_1273_b1
comparisons,eval,comparisons_371_b0_5025,comparisons_371_b0,comparisons_371_b1
comparisons,eval,comparisons_1603_b0_5026,comparisons_1603_b0,comparisons_1603_b1
comparisons,eval,comparisons_519_b0_5027,comparisons_519_b0,comparisons_519_b1
comparisons,eval,comparisons_1456_b0_5028,comparisons_1456_b0,comparisons_1456_b1
comparisons,eval,comparisons_952_b0_5029,comparisons_952_b0,comparisons_952_b1
comparisons,eval,comparisons_655_b0_5030,comparisons_655_b0,comparisons_655_b1
comparisons,eval,comparisons_1063_b0_5031,comparisons_1063_b0,comparisons_1063_b1
comparisons,eval,comparisons_1741_b0_5032,comparisons_1741_b0,comparisons_1741_b1
comparisons,eval,comparisons_1515_b0_5033,comparisons_1515_b0,comparisons_1515_b1
comparisons,eval,comparisons_114_b0_5034,comparisons_114_b0,comparisons_114_b1
comparisons,eval,comparisons_904_b0_5035,comparisons_904_b0,comparisons_904_b1
comparisons,eval,comparisons_1516_b0_5036,comparisons_1516_b0,comparisons_1516_b1
comparisons,eval,comparisons_80_b0_5037,comparisons_80_b0,comparisons_80_b1
comparisons,eval,comparisons_960_b0_5038,comparisons_960_b0,comparisons_960_b1
comparisons,eval,comparisons_1574_b0_5039,comparisons_1574_b0,comparisons_1574_b1
comparisons,eval,comparisons_1321_b0_5040,comparisons_1321_b0,comparisons_1321_b1
comparisons,eval,comparisons_223_b0_5041,comparisons_223_b0,comparisons_223_b1
comparisons,eval,comparisons_1442_b0_5042,comparisons_1442_b0,comparisons_1442_b1
comparisons,eval,comparisons_386_b0_5043,comparisons_386_b0,comparisons_386_b1
comparisons,eval,comparisons_291_b0_5044,comparisons_291_b0,comparisons_291_b1
comparisons,eval,comparisons_1140_b0_5045,comparisons_1140_b0,comparisons_1140_b1
comparisons,eval,comparisons_1770_b0_5046,comparisons_1770_b0,comparisons_1770_b1
comparisons,eval,comparisons_1663_b0_5047,comparisons_1663_b0,comparisons_1663_b1
comparisons,eval,comparisons_1077_b0_5048,comparisons_1077_b0,comparisons_1077_b1
comparisons,eval,comparisons_1691_b0_5049,comparisons_1691_b0,comparisons_1691_b1
comparisons,eval,comparisons_569_b0_5050,comparisons_569_b0,comparisons_569_b1
comparisons,eval,comparisons_183_b0_5051,comparisons_183_b0,comparisons_183_b1
comparisons,eval,comparisons_1474_b0_5052,comparisons_1474_b0,comparisons_1474_b1
comparisons,eval,comparisons_903_b0_5053,comparisons_903_b0,comparisons_903_b1
comparisons,eval,comparisons_222_b0_5054,comparisons_222_b0,comparisons_222_b1
comparisons,eval,comparisons_636_b0_5055,comparisons_636_b0,comparisons_636_b1
comparisons,eval,comparisons_1666_b0_5056,comparisons_1666_b0,comparisons_1666_b1
comparisons,eval,comparisons_1606_b0_5057,comparisons_1606_b0,comparisons_1606_b1
comparisons,eval,comparisons_702_b0_5058,comparisons_702_b0,comparisons_702_b1
comparisons,eval,comparisons_1509_b0_5059,comparisons_1509_b0,comparisons_1509_b1
comparisons,eval,comparisons_1038_b0_5060,comparisons_1038_b0,comparisons_1038_b1
comparisons,eval,comparisons_1458_b0_5061,comparisons_1458_b0,comparisons_1458_b1
comparisons,eval,comparisons_515_b0_5062,comparisons_515_b0,comparisons_515_b1
comparisons,eval,comparisons_1524_b0_5063,comparisons_1524_b0,comparisons_1524_b1
comparisons,eval,comparisons_1074_b0_5064,comparisons_1074_b0,comparisons_1074_b1
comparisons,eval,comparisons_970_b0_5065,comparisons_970_b0,comparisons_970_b1
comparisons,eval,comparisons_1542_b0_5066,comparisons_1542_b0,comparisons_1542_b1
comparisons,eval,comparisons_1437_b0_5067,comparisons_1437_b0,comparisons_1437_b1
comparisons,eval,comparisons_1703_b0_5068,comparisons_1703_b0,comparisons_1703_b1
comparisons,eval,comparisons_1810_b0_5069,comparisons_1810_b0,comparisons_1810_b1
comparisons,eval,comparisons_1639_b0_5070,comparisons_1639_b0,comparisons_1639_b1
comparisons,eval,comparisons_721_b0_5071,comparisons_721_b0,comparisons_721_b1
comparisons,eval,comparisons_1060_b0_5072,comparisons_1060_b0,comparisons_1060_b1
comparisons,eval,comparisons_1833_b0_5073,comparisons_1833_b0,comparisons_1833_b1
comparisons,eval,comparisons_1614_b0_5074,comparisons_1614_b0,comparisons_1614_b1
comparisons,eval,comparisons_1712_b0_5075,comparisons_1712_b0,comparisons_1712_b1
comparisons,eval,comparisons_1783_b0_5076,comparisons_1783_b0,comparisons_1783_b1
comparisons,eval,comparisons_1075_b0_5077,comparisons_1075_b0,comparisons_1075_b1
comparisons,eval,comparisons_591_b0_5078,comparisons_591_b0,comparisons_591_b1
comparisons,eval,comparisons_1850_b0_5079,comparisons_1850_b0,comparisons_1850_b1
comparisons,eval,comparisons_1174_b0_5080,comparisons_1174_b0,comparisons_1174_b1
comparisons,eval,comparisons_1583_b0_5081,comparisons_1583_b0,comparisons_1583_b1
comparisons,eval,comparisons_242_b0_5082,comparisons_242_b0,comparisons_242_b1
comparisons,eval,comparisons_742_b0_5083,comparisons_742_b0,comparisons_742_b1
comparisons,eval,comparisons_1482_b0_5084,comparisons_1482_b0,comparisons_1482_b1
comparisons,eval,comparisons_1066_b0_5085,comparisons_1066_b0,comparisons_1066_b1
comparisons,eval,comparisons_153_b0_5086,comparisons_153_b0,comparisons_153_b1
comparisons,eval,comparisons_1180_b0_5087,comparisons_1180_b0,comparisons_1180_b1
comparisons,eval,comparisons_164_b0_5088,comparisons_164_b0,comparisons_164_b1
comparisons,eval,comparisons_1902_b0_5089,comparisons_1902_b0,comparisons_1902_b1
comparisons,eval,comparisons_1197_b0_5090,comparisons_1197_b0,comparisons_1197_b1
comparisons,eval,comparisons_1472_b0_5091,comparisons_1472_b0,comparisons_1472_b1
comparisons,eval,comparisons_838_b0_5092,comparisons_838_b0,comparisons_838_b1
comparisons,eval,comparisons_1790_b0_5093,comparisons_1790_b0,comparisons_1790_b1
comparisons,eval,comparisons_922_b0_5094,comparisons_922_b0,comparisons_922_b1
comparisons,eval,comparisons_1974_b0_5095,comparisons_1974_b0,comparisons_1974_b1
comparisons,eval,comparisons_1664_b0_5096,comparisons_1664_b0,comparisons_1664_b1
comparisons,eval,comparisons_1871_b0_5097,comparisons_1871_b0,comparisons_1871_b1
comparisons,eval,comparisons_956_b0_5098,comparisons_956_b0,comparisons_956_b1
comparisons,eval,comparisons_278_b0_5099,comparisons_278_b0,comparisons_278_b1
comparisons,eval,comparisons_854_b0_5100,comparisons_854_b0,comparisons_854_b1
comparisons,eval,comparisons_1835_b0_5101,comparisons_1835_b0,comparisons_1835_b1
comparisons,eval,comparisons_596_b0_5102,comparisons_596_b0,comparisons_596_b1
comparisons,eval,comparisons_520_b0_5103,comparisons_520_b0,comparisons_520_b1
comparisons,eval,comparisons_1964_b0_5104,comparisons_1964_b0,comparisons_1964_b1
comparisons,eval,comparisons_844_b0_5105,comparisons_844_b0,comparisons_844_b1
comparisons,eval,comparisons_436_b0_5106,comparisons_436_b0,comparisons_436_b1
comparisons,eval,comparisons_1252_b0_5107,comparisons_1252_b0,comparisons_1252_b1
comparisons,eval,comparisons_1793_b0_5108,comparisons_1793_b0,comparisons_1793_b1
comparisons,eval,comparisons_475_b0_5109,comparisons_475_b0,comparisons_475_b1
comparisons,eval,comparisons_1970_b0_5110,comparisons_1970_b0,comparisons_1970_b1
comparisons,eval,comparisons_1817_b0_5111,comparisons_1817_b0,comparisons_1817_b1
comparisons,eval,comparisons_1954_b0_5112,comparisons_1954_b0,comparisons_1954_b1
comparisons,eval,comparisons_1518_b0_5113,comparisons_1518_b0,comparisons_1518_b1
comparisons,eval,comparisons_1131_b0_5114,comparisons_1131_b0,comparisons_1131_b1
comparisons,eval,comparisons_642_b0_5115,comparisons_642_b0,comparisons_642_b1
comparisons,eval,comparisons_1114_b0_5116,comparisons_1114_b0,comparisons_1114_b1
comparisons,eval,comparisons_1511_b0_5117,comparisons_1511_b0,comparisons_1511_b1
comparisons,eval,comparisons_1823_b0_5118,comparisons_1823_b0,comparisons_1823_b1
comparisons,eval,comparisons_225_b0_5119,comparisons_225_b0,comparisons_225_b1
comparisons,eval,comparisons_1920_b0_5120,comparisons_1920_b0,comparisons_1920_b1
comparisons,eval,comparisons_264_b0_5121,comparisons_264_b0,comparisons_264_b1
comparisons,eval,comparisons_708_b0_5122,comparisons_708_b0,comparisons_708_b1
comparisons,eval,comparisons_130_b0_5123,comparisons_130_b0,comparisons_130_b1
comparisons,eval,comparisons_1557_b0_5124,comparisons_1557_b0,comparisons_1557_b1
comparisons,eval,comparisons_1305_b0_5125,comparisons_1305_b0,comparisons_1305_b1
comparisons,eval,comparisons_1926_b0_5126,comparisons_1926_b0,comparisons_1926_b1
comparisons,eval,comparisons_576_b0_5127,comparisons_576_b0,comparisons_576_b1
comparisons,eval,comparisons_149_b0_5128,comparisons_149_b0,comparisons_149_b1
comparisons,eval,comparisons_1362_b0_5129,comparisons_1362_b0,comparisons_1362_b1
comparisons,eval,comparisons_469_b0_5130,comparisons_469_b0,comparisons_469_b1
comparisons,eval,comparisons_1322_b0_5131,comparisons_1322_b0,comparisons_1322_b1
comparisons,eval,comparisons_1891_b0_5132,comparisons_1891_b0,comparisons_1891_b1
comparisons,eval,comparisons_1087_b0_5133,comparisons_1087_b0,comparisons_1087_b1
comparisons,eval,comparisons_261_b0_5134,comparisons_261_b0,comparisons_261_b1
comparisons,eval,comparisons_1228_b0_5135,comparisons_1228_b0,comparisons_1228_b1
comparisons,eval,comparisons_580_b0_5136,comparisons_580_b0,comparisons_580_b1
comparisons,eval,comparisons_1390_b0_5137,comparisons_1390_b0,comparisons_1390_b1
comparisons,eval,comparisons_1447_b0_5138,comparisons_1447_b0,comparisons_1447_b1
comparisons,eval,comparisons_1543_b0_5139,comparisons_1543_b0,comparisons_1543_b1
comparisons,eval,comparisons_913_b0_5140,comparisons_913_b0,comparisons_913_b1
comparisons,eval,comparisons_1241_b0_5141,comparisons_1241_b0,comparisons_1241_b1
comparisons,eval,comparisons_1774_b0_5142,comparisons_1774_b0,comparisons_1774_b1
comparisons,eval,comparisons_485_b0_5143,comparisons_485_b0,comparisons_485_b1
comparisons,eval,comparisons_1492_b0_5144,comparisons_1492_b0,comparisons_1492_b1
comparisons,eval,comparisons_1941_b0_5145,comparisons_1941_b0,comparisons_1941_b1
comparisons,eval,comparisons_864_b0_5146,comparisons_864_b0,comparisons_864_b1
comparisons,eval,comparisons_1878_b0_5147,comparisons_1878_b0,comparisons_1878_b1
comparisons,eval,comparisons_1200_b0_5148,comparisons_1200_b0,comparisons_1200_b1
comparisons,eval,comparisons_1965_b0_5149,comparisons_1965_b0,comparisons_1965_b1
comparisons,eval,comparisons_448_b0_5150,comparisons_448_b0,comparisons_448_b1
comparisons,eval,comparisons_601_b0_5151,comparisons_601_b0,comparisons_601_b1
comparisons,eval,comparisons_421_b0_5152,comparisons_421_b0,comparisons_421_b1
comparisons,eval,comparisons_1460_b0_5153,comparisons_1460_b0,comparisons_1460_b1
comparisons,eval,comparisons_1675_b0_5154,comparisons_1675_b0,comparisons_1675_b1
comparisons,eval,comparisons_258_b0_5155,comparisons_258_b0,comparisons_258_b1
comparisons,eval,comparisons_1792_b0_5156,comparisons_1792_b0,comparisons_1792_b1
comparisons,eval,comparisons_1406_b0_5157,comparisons_1406_b0,comparisons_1406_b1
comparisons,eval,comparisons_36_b0_5158,comparisons_36_b0,comparisons_36_b1
comparisons,eval,comparisons_1972_b0_5159,comparisons_1972_b0,comparisons_1972_b1
comparisons,eval,comparisons_1656_b0_5160,comparisons_1656_b0,comparisons_1656_b1
comparisons,eval,comparisons_1130_b0_5161,comparisons_1130_b0,comparisons_1130_b1
comparisons,eval,comparisons_220_b0_5162,comparisons_220_b0,comparisons_220_b1
comparisons,eval,comparisons_749_b0_5163,comparisons_749_b0,comparisons_749_b1
comparisons,eval,comparisons_725_b0_5164,comparisons_725_b0,comparisons_725_b1
comparisons,eval,comparisons_1047_b0_5165,comparisons_1047_b0,comparisons_1047_b1
comparisons,eval,comparisons_980_b0_5166,comparisons_980_b0,comparisons_980_b1
comparisons,eval,comparisons_1379_b0_5167,comparisons_1379_b0,comparisons_1379_b1
comparisons,eval,comparisons_1479_b0_5168,comparisons_1479_b0,comparisons_1479_b1
comparisons,eval,comparisons_600_b0_5169,comparisons_600_b0,comparisons_600_b1
comparisons,eval,comparisons_1658_b0_5170,comparisons_1658_b0,comparisons_1658_b1
comparisons,eval,comparisons_32_b0_5171,comparisons_32_b0,comparisons_32_b1
comparisons,eval,comparisons_1283_b0_5172,comparisons_1283_b0,comparisons_1283_b1
comparisons,eval,comparisons_237_b0_5173,comparisons_237_b0,comparisons_237_b1
comparisons,eval,comparisons_758_b0_5174,comparisons_758_b0,comparisons_758_b1
comparisons,eval,comparisons_684_b0_5175,comparisons_684_b0,comparisons_684_b1
comparisons,eval,comparisons_594_b0_5176,comparisons_594_b0,comparisons_594_b1
comparisons,eval,comparisons_426_b0_5177,comparisons_426_b0,comparisons_426_b1
comparisons,eval,comparisons_1247_b0_5178,comparisons_1247_b0,comparisons_1247_b1
comparisons,eval,comparisons_1070_b0_5179,comparisons_1070_b0,comparisons_1070_b1
comparisons,eval,comparisons_26_b0_5180,comparisons_26_b0,comparisons_26_b1
comparisons,eval,comparisons_1848_b0_5181,comparisons_1848_b0,comparisons_1848_b1
comparisons,eval,comparisons_555_b0_5182,comparisons_555_b0,comparisons_555_b1
comparisons,eval,comparisons_1605_b0_5183,comparisons_1605_b0,comparisons_1605_b1
comparisons,eval,comparisons_1698_b0_5184,comparisons_1698_b0,comparisons_1698_b1
comparisons,eval,comparisons_599_b0_5185,comparisons_599_b0,comparisons_599_b1
comparisons,eval,comparisons_531_b0_5186,comparisons_531_b0,comparisons_531_b1
comparisons,eval,comparisons_1275_b0_5187,comparisons_1275_b0,comparisons_1275_b1
comparisons,eval,comparisons_47_b0_5188,comparisons_47_b0,comparisons_47_b1
comparisons,eval,comparisons_1382_b0_5189,comparisons_1382_b0,comparisons_1382_b1
comparisons,eval,comparisons_1427_b0_5190,comparisons_1427_b0,comparisons_1427_b1
comparisons,eval,comparisons_883_b0_5191,comparisons_883_b0,comparisons_883_b1
comparisons,eval,comparisons_85_b0_5192,comparisons_85_b0,comparisons_85_b1
comparisons,eval,comparisons_727_b0_5193,comparisons_727_b0,comparisons_727_b1
comparisons,eval,comparisons_603_b0_5194,comparisons_603_b0,comparisons_603_b1
comparisons,eval,comparisons_1223_b0_5195,comparisons_1223_b0,comparisons_1223_b1
comparisons,eval,comparisons_809_b0_5196,comparisons_809_b0,comparisons_809_b1
comparisons,eval,comparisons_199_b0_5197,comparisons_199_b0,comparisons_199_b1
comparisons,eval,comparisons_1118_b0_5198,comparisons_1118_b0,comparisons_1118_b1
comparisons,eval,comparisons_69_b0_5199,comparisons_69_b0,comparisons_69_b1
comparisons,eval,comparisons_402_b0_5200,comparisons_402_b0,comparisons_402_b1
comparisons,eval,comparisons_1125_b0_5201,comparisons_1125_b0,comparisons_1125_b1
comparisons,eval,comparisons_19_b0_5202,comparisons_19_b0,comparisons_19_b1
comparisons,eval,comparisons_54_b0_5203,comparisons_54_b0,comparisons_54_b1
comparisons,eval,comparisons_1042_b0_5204,comparisons_1042_b0,comparisons_1042_b1
comparisons,eval,comparisons_56_b0_5205,comparisons_56_b0,comparisons_56_b1
comparisons,eval,comparisons_15_b0_5206,comparisons_15_b0,comparisons_15_b1
comparisons,eval,comparisons_561_b0_5207,comparisons_561_b0,comparisons_561_b1
comparisons,eval,comparisons_1098_b0_5208,comparisons_1098_b0,comparisons_1098_b1
comparisons,eval,comparisons_1365_b0_5209,comparisons_1365_b0,comparisons_1365_b1
comparisons,eval,comparisons_629_b0_5210,comparisons_629_b0,comparisons_629_b1
comparisons,eval,comparisons_1139_b0_5211,comparisons_1139_b0,comparisons_1139_b1
comparisons,eval,comparisons_89_b0_5212,comparisons_89_b0,comparisons_89_b1
comparisons,eval,comparisons_583_b0_5213,comparisons_583_b0,comparisons_583_b1
comparisons,eval,comparisons_339_b0_5214,comparisons_339_b0,comparisons_339_b1
comparisons,eval,comparisons_945_b0_5215,comparisons_945_b0,comparisons_945_b1
comparisons,eval,comparisons_1335_b0_5216,comparisons_1335_b0,comparisons_1335_b1
comparisons,eval,comparisons_575_b0_5217,comparisons_575_b0,comparisons_575_b1
comparisons,eval,comparisons_624_b0_5218,comparisons_624_b0,comparisons_624_b1
comparisons,eval,comparisons_1856_b0_5219,comparisons_1856_b0,comparisons_1856_b1
comparisons,eval,comparisons_407_b0_5220,comparisons_407_b0,comparisons_407_b1
comparisons,eval,comparisons_1870_b0_5221,comparisons_1870_b0,comparisons_1870_b1
comparisons,eval,comparisons_74_b0_5222,comparisons_74_b0,comparisons_74_b1
comparisons,eval,comparisons_491_b0_5223,comparisons_491_b0,comparisons_491_b1
comparisons,eval,comparisons_1963_b0_5224,comparisons_1963_b0,comparisons_1963_b1
comparisons,eval,comparisons_514_b0_5225,comparisons_514_b0,comparisons_514_b1
comparisons,eval,comparisons_1591_b0_5226,comparisons_1591_b0,comparisons_1591_b1
comparisons,eval,comparisons_1417_b0_5227,comparisons_1417_b0,comparisons_1417_b1
comparisons,eval,comparisons_505_b0_5228,comparisons_505_b0,comparisons_505_b1
comparisons,eval,comparisons_1501_b0_5229,comparisons_1501_b0,comparisons_1501_b1
comparisons,eval,comparisons_1554_b0_5230,comparisons_1554_b0,comparisons_1554_b1
comparisons,eval,comparisons_359_b0_5231,comparisons_359_b0,comparisons_359_b1
comparisons,eval,comparisons_435_b0_5232,comparisons_435_b0,comparisons_435_b1
comparisons,eval,comparisons_189_b0_5233,comparisons_189_b0,comparisons_189_b1
comparisons,eval,comparisons_410_b0_5234,comparisons_410_b0,comparisons_410_b1
comparisons,eval,comparisons_832_b0_5235,comparisons_832_b0,comparisons_832_b1
comparisons,eval,comparisons_763_b0_5236,comparisons_763_b0,comparisons_763_b1
comparisons,eval,comparisons_1264_b0_5237,comparisons_1264_b0,comparisons_1264_b1
comparisons,eval,comparisons_364_b0_5238,comparisons_364_b0,comparisons_364_b1
comparisons,eval,comparisons_1689_b0_5239,comparisons_1689_b0,comparisons_1689_b1
comparisons,eval,comparisons_1842_b0_5240,comparisons_1842_b0,comparisons_1842_b1
comparisons,eval,comparisons_1596_b0_5241,comparisons_1596_b0,comparisons_1596_b1
comparisons,eval,comparisons_812_b0_5242,comparisons_812_b0,comparisons_812_b1
comparisons,eval,comparisons_1198_b0_5243,comparisons_1198_b0,comparisons_1198_b1
comparisons,eval,comparisons_345_b0_5244,comparisons_345_b0,comparisons_345_b1
comparisons,eval,comparisons_482_b0_5245,comparisons_482_b0,comparisons_482_b1
comparisons,eval,comparisons_622_b0_5246,comparisons_622_b0,comparisons_622_b1
comparisons,eval,comparisons_1609_b0_5247,comparisons_1609_b0,comparisons_1609_b1
comparisons,eval,comparisons_48_b0_5248,comparisons_48_b0,comparisons_48_b1
comparisons,eval,comparisons_804_b0_5249,comparisons_804_b0,comparisons_804_b1
comparisons,eval,comparisons_97_b0_5250,comparisons_97_b0,comparisons_97_b1
comparisons,eval,comparisons_1377_b0_5251,comparisons_1377_b0,comparisons_1377_b1
comparisons,eval,comparisons_1522_b0_5252,comparisons_1522_b0,comparisons_1522_b1
comparisons,eval,comparisons_126_b0_5253,comparisons_126_b0,comparisons_126_b1
comparisons,eval,comparisons_792_b0_5254,comparisons_792_b0,comparisons_792_b1
comparisons,eval,comparisons_468_b0_5255,comparisons_468_b0,comparisons_468_b1
comparisons,eval,comparisons_1349_b0_5256,comparisons_1349_b0,comparisons_1349_b1
comparisons,eval,comparisons_1919_b0_5257,comparisons_1919_b0,comparisons_1919_b1
comparisons,eval,comparisons_21_b0_5258,comparisons_21_b0,comparisons_21_b1
comparisons,eval,comparisons_994_b0_5259,comparisons_994_b0,comparisons_994_b1
comparisons,eval,comparisons_136_b0_5260,comparisons_136_b0,comparisons_136_b1
comparisons,eval,comparisons_67_b0_5261,comparisons_67_b0,comparisons_67_b1
comparisons,eval,comparisons_337_b0_5262,comparisons_337_b0,comparisons_337_b1
comparisons,eval,comparisons_608_b0_5263,comparisons_608_b0,comparisons_608_b1
comparisons,eval,comparisons_1508_b0_5264,comparisons_1508_b0,comparisons_1508_b1
comparisons,eval,comparisons_589_b0_5265,comparisons_589_b0,comparisons_589_b1
comparisons,eval,comparisons_694_b0_5266,comparisons_694_b0,comparisons_694_b1
comparisons,eval,comparisons_1414_b0_5267,comparisons_1414_b0,comparisons_1414_b1
comparisons,eval,comparisons_1553_b0_5268,comparisons_1553_b0,comparisons_1553_b1
comparisons,eval,comparisons_947_b0_5269,comparisons_947_b0,comparisons_947_b1
comparisons,eval,comparisons_1339_b0_5270,comparisons_1339_b0,comparisons_1339_b1
comparisons,eval,comparisons_1512_b0_5271,comparisons_1512_b0,comparisons_1512_b1
comparisons,eval,comparisons_688_b0_5272,comparisons_688_b0,comparisons_688_b1
comparisons,eval,comparisons_1535_b0_5273,comparisons_1535_b0,comparisons_1535_b1
comparisons,eval,comparisons_462_b0_5274,comparisons_462_b0,comparisons_462_b1
comparisons,eval,comparisons_1967_b0_5275,comparisons_1967_b0,comparisons_1967_b1
comparisons,eval,comparisons_539_b0_5276,comparisons_539_b0,comparisons_539_b1
comparisons,eval,comparisons_1619_b0_5277,comparisons_1619_b0,comparisons_1619_b1
comparisons,eval,comparisons_948_b0_5278,comparisons_948_b0,comparisons_948_b1
comparisons,eval,comparisons_1026_b0_5279,comparisons_1026_b0,comparisons_1026_b1
comparisons,eval,comparisons_387_b0_5280,comparisons_387_b0,comparisons_387_b1
comparisons,eval,comparisons_25_b0_5281,comparisons_25_b0,comparisons_25_b1
comparisons,eval,comparisons_1587_b0_5282,comparisons_1587_b0,comparisons_1587_b1
comparisons,eval,comparisons_1413_b0_5283,comparisons_1413_b0,comparisons_1413_b1
comparisons,eval,comparisons_1876_b0_5284,comparisons_1876_b0,comparisons_1876_b1
comparisons,eval,comparisons_791_b0_5285,comparisons_791_b0,comparisons_791_b1
comparisons,eval,comparisons_643_b0_5286,comparisons_643_b0,comparisons_643_b1
comparisons,eval,comparisons_244_b0_5287,comparisons_244_b0,comparisons_244_b1
comparisons,eval,comparisons_1723_b0_5288,comparisons_1723_b0,comparisons_1723_b1
comparisons,eval,comparisons_1566_b0_5289,comparisons_1566_b0,comparisons_1566_b1
comparisons,eval,comparisons_1686_b0_5290,comparisons_1686_b0,comparisons_1686_b1
comparisons,eval,comparisons_564_b0_5291,comparisons_564_b0,comparisons_564_b1
comparisons,eval,comparisons_195_b0_5292,comparisons_195_b0,comparisons_195_b1
comparisons,eval,comparisons_1816_b0_5293,comparisons_1816_b0,comparisons_1816_b1
comparisons,eval,comparisons_17_b0_5294,comparisons_17_b0,comparisons_17_b1
comparisons,eval,comparisons_527_b0_5295,comparisons_527_b0,comparisons_527_b1
comparisons,eval,comparisons_192_b0_5296,comparisons_192_b0,comparisons_192_b1
comparisons,eval,comparisons_1671_b0_5297,comparisons_1671_b0,comparisons_1671_b1
comparisons,eval,comparisons_124_b0_5298,comparisons_124_b0,comparisons_124_b1
comparisons,eval,comparisons_120_b0_5299,comparisons_120_b0,comparisons_120_b1
comparisons,eval,comparisons_1907_b0_5300,comparisons_1907_b0,comparisons_1907_b1
comparisons,eval,comparisons_1702_b0_5301,comparisons_1702_b0,comparisons_1702_b1
comparisons,eval,comparisons_253_b0_5302,comparisons_253_b0,comparisons_253_b1
comparisons,eval,comparisons_1480_b0_5303,comparisons_1480_b0,comparisons_1480_b1
comparisons,eval,comparisons_269_b0_5304,comparisons_269_b0,comparisons_269_b1
comparisons,eval,comparisons_1728_b0_5305,comparisons_1728_b0,comparisons_1728_b1
comparisons,eval,comparisons_1623_b0_5306,comparisons_1623_b0,comparisons_1623_b1
comparisons,eval,comparisons_1484_b0_5307,comparisons_1484_b0,comparisons_1484_b1
comparisons,eval,comparisons_892_b0_5308,comparisons_892_b0,comparisons_892_b1
comparisons,eval,comparisons_111_b0_5309,comparisons_111_b0,comparisons_111_b1
comparisons,eval,comparisons_155_b0_5310,comparisons_155_b0,comparisons_155_b1
comparisons,eval,comparisons_363_b0_5311,comparisons_363_b0,comparisons_363_b1
comparisons,eval,comparisons_858_b0_5312,comparisons_858_b0,comparisons_858_b1
comparisons,eval,comparisons_1951_b0_5313,comparisons_1951_b0,comparisons_1951_b1
comparisons,eval,comparisons_1444_b0_5314,comparisons_1444_b0,comparisons_1444_b1
comparisons,eval,comparisons_859_b0_5315,comparisons_859_b0,comparisons_859_b1
comparisons,eval,comparisons_160_b0_5316,comparisons_160_b0,comparisons_160_b1
comparisons,eval,comparisons_615_b0_5317,comparisons_615_b0,comparisons_615_b1
comparisons,eval,comparisons_606_b0_5318,comparisons_606_b0,comparisons_606_b1
comparisons,eval,comparisons_1095_b0_5319,comparisons_1095_b0,comparisons_1095_b1
comparisons,eval,comparisons_941_b0_5320,comparisons_941_b0,comparisons_941_b1
comparisons,eval,comparisons_1188_b0_5321,comparisons_1188_b0,comparisons_1188_b1
comparisons,eval,comparisons_168_b0_5322,comparisons_168_b0,comparisons_168_b1
comparisons,eval,comparisons_1410_b0_5323,comparisons_1410_b0,comparisons_1410_b1
comparisons,eval,comparisons_1934_b0_5324,comparisons_1934_b0,comparisons_1934_b1
comparisons,eval,comparisons_108_b0_5325,comparisons_108_b0,comparisons_108_b1
comparisons,eval,comparisons_37_b0_5326,comparisons_37_b0,comparisons_37_b1
comparisons,eval,comparisons_884_b0_5327,comparisons_884_b0,comparisons_884_b1
comparisons,eval,comparisons_449_b0_5328,comparisons_449_b0,comparisons_449_b1
comparisons,eval,comparisons_1012_b0_5329,comparisons_1012_b0,comparisons_1012_b1
comparisons,eval,comparisons_813_b0_5330,comparisons_813_b0,comparisons_813_b1
comparisons,eval,comparisons_460_b0_5331,comparisons_460_b0,comparisons_460_b1
comparisons,eval,comparisons_1798_b0_5332,comparisons_1798_b0,comparisons_1798_b1
comparisons,eval,comparisons_165_b0_5333,comparisons_165_b0,comparisons_165_b1
comparisons,eval,comparisons_1865_b0_5334,comparisons_1865_b0,comparisons_1865_b1
comparisons,eval,comparisons_1222_b0_5335,comparisons_1222_b0,comparisons_1222_b1
comparisons,eval,comparisons_767_b0_5336,comparisons_767_b0,comparisons_767_b1
comparisons,eval,comparisons_31_b0_5337,comparisons_31_b0,comparisons_31_b1
comparisons,eval,comparisons_1236_b0_5338,comparisons_1236_b0,comparisons_1236_b1
comparisons,eval,comparisons_1582_b0_5339,comparisons_1582_b0,comparisons_1582_b1
comparisons,eval,comparisons_194_b0_5340,comparisons_194_b0,comparisons_194_b1
comparisons,eval,comparisons_944_b0_5341,comparisons_944_b0,comparisons_944_b1
comparisons,eval,comparisons_1225_b0_5342,comparisons_1225_b0,comparisons_1225_b1
comparisons,eval,comparisons_406_b0_5343,comparisons_406_b0,comparisons_406_b1
comparisons,eval,comparisons_1911_b0_5344,comparisons_1911_b0,comparisons_1911_b1
comparisons,eval,comparisons_1175_b0_5345,comparisons_1175_b0,comparisons_1175_b1
comparisons,eval,comparisons_1935_b0_5346,comparisons_1935_b0,comparisons_1935_b1
comparisons,eval,comparisons_715_b0_5347,comparisons_715_b0,comparisons_715_b1
comparisons,eval,comparisons_1331_b0_5348,comparisons_1331_b0,comparisons_1331_b1
comparisons,eval,comparisons_200_b0_5349,comparisons_200_b0,comparisons_200_b1
comparisons,eval,comparisons_5_b0_5350,comparisons_5_b0,comparisons_5_b1
comparisons,eval,comparisons_949_b0_5351,comparisons_949_b0,comparisons_949_b1
comparisons,eval,comparisons_848_b0_5352,comparisons_848_b0,comparisons_848_b1
comparisons,eval,comparisons_84_b0_5353,comparisons_84_b0,comparisons_84_b1
comparisons,eval,comparisons_440_b0_5354,comparisons_440_b0,comparisons_440_b1
comparisons,eval,comparisons_158_b0_5355,comparisons_158_b0,comparisons_158_b1
comparisons,eval,comparisons_1669_b0_5356,comparisons_1669_b0,comparisons_1669_b1
comparisons,eval,comparisons_1503_b0_5357,comparisons_1503_b0,comparisons_1503_b1
comparisons,eval,comparisons_1734_b0_5358,comparisons_1734_b0,comparisons_1734_b1
comparisons,eval,comparisons_64_b0_5359,comparisons_64_b0,comparisons_64_b1
comparisons,eval,comparisons_1612_b0_5360,comparisons_1612_b0,comparisons_1612_b1
comparisons,eval,comparisons_1463_b0_5361,comparisons_1463_b0,comparisons_1463_b1
comparisons,eval,comparisons_1895_b0_5362,comparisons_1895_b0,comparisons_1895_b1
comparisons,eval,comparisons_530_b0_5363,comparisons_530_b0,comparisons_530_b1
comparisons,eval,comparisons_998_b0_5364,comparisons_998_b0,comparisons_998_b1
comparisons,eval,comparisons_1148_b0_5365,comparisons_1148_b0,comparisons_1148_b1
comparisons,eval,comparisons_789_b0_5366,comparisons_789_b0,comparisons_789_b1
comparisons,eval,comparisons_550_b0_5367,comparisons_550_b0,comparisons_550_b1
comparisons,eval,comparisons_586_b0_5368,comparisons_586_b0,comparisons_586_b1
comparisons,eval,comparisons_1308_b0_5369,comparisons_1308_b0,comparisons_1308_b1
comparisons,eval,comparisons_991_b0_5370,comparisons_991_b0,comparisons_991_b1
comparisons,eval,comparisons_1759_b0_5371,comparisons_1759_b0,comparisons_1759_b1
comparisons,eval,comparisons_1652_b0_5372,comparisons_1652_b0,comparisons_1652_b1
comparisons,eval,comparisons_646_b0_5373,comparisons_646_b0,comparisons_646_b1
comparisons,eval,comparisons_1457_b0_5374,comparisons_1457_b0,comparisons_1457_b1
comparisons,eval,comparisons_1846_b0_5375,comparisons_1846_b0,comparisons_1846_b1
comparisons,eval,comparisons_1546_b0_5376,comparisons_1546_b0,comparisons_1546_b1
comparisons,eval,comparisons_1952_b0_5377,comparisons_1952_b0,comparisons_1952_b1
comparisons,eval,comparisons_648_b0_5378,comparisons_648_b0,comparisons_648_b1
comparisons,eval,comparisons_1838_b0_5379,comparisons_1838_b0,comparisons_1838_b1
comparisons,eval,comparisons_40_b0_5380,comparisons_40_b0,comparisons_40_b1
comparisons,eval,comparisons_100_b0_5381,comparisons_100_b0,comparisons_100_b1
comparisons,eval,comparisons_186_b0_5382,comparisons_186_b0,comparisons_186_b1
comparisons,eval,comparisons_1124_b0_5383,comparisons_1124_b0,comparisons_1124_b1
comparisons,eval,comparisons_966_b0_5384,comparisons_966_b0,comparisons_966_b1
comparisons,eval,comparisons_1229_b0_5385,comparisons_1229_b0,comparisons_1229_b1
comparisons,eval,comparisons_1044_b0_5386,comparisons_1044_b0,comparisons_1044_b1
comparisons,eval,comparisons_728_b0_5387,comparisons_728_b0,comparisons_728_b1
comparisons,eval,comparisons_663_b0_5388,comparisons_663_b0,comparisons_663_b1
comparisons,eval,comparisons_1253_b0_5389,comparisons_1253_b0,comparisons_1253_b1
comparisons,eval,comparisons_1337_b0_5390,comparisons_1337_b0,comparisons_1337_b1
comparisons,eval,comparisons_1836_b0_5391,comparisons_1836_b0,comparisons_1836_b1
comparisons,eval,comparisons_1592_b0_5392,comparisons_1592_b0,comparisons_1592_b1
comparisons,eval,comparisons_274_b0_5393,comparisons_274_b0,comparisons_274_b1
comparisons,eval,comparisons_325_b0_5394,comparisons_325_b0,comparisons_325_b1
comparisons,eval,comparisons_323_b0_5395,comparisons_323_b0,comparisons_323_b1
comparisons,eval,comparisons_1030_b0_5396,comparisons_1030_b0,comparisons_1030_b1
comparisons,eval,comparisons_974_b0_5397,comparisons_974_b0,comparisons_974_b1
comparisons,eval,comparisons_418_b0_5398,comparisons_418_b0,comparisons_418_b1
comparisons,eval,comparisons_329_b0_5399,comparisons_329_b0,comparisons_329_b1
comparisons,eval,comparisons_319_b0_5400,comparisons_319_b0,comparisons_319_b1
comparisons,eval,comparisons_1232_b0_5401,comparisons_1232_b0,comparisons_1232_b1
comparisons,eval,comparisons_1696_b0_5402,comparisons_1696_b0,comparisons_1696_b1
comparisons,eval,comparisons_208_b0_5403,comparisons_208_b0,comparisons_208_b1
comparisons,eval,comparisons_1435_b0_5404,comparisons_1435_b0,comparisons_1435_b1
comparisons,eval,comparisons_282_b0_5405,comparisons_282_b0,comparisons_282_b1
comparisons,eval,comparisons_1561_b0_5406,comparisons_1561_b0,comparisons_1561_b1
comparisons,eval,comparisons_644_b0_5407,comparisons_644_b0,comparisons_644_b1
comparisons,eval,comparisons_1475_b0_5408,comparisons_1475_b0,comparisons_1475_b1
comparisons,eval,comparisons_595_b0_5409,comparisons_595_b0,comparisons_595_b1
comparisons,eval,comparisons_673_b0_5410,comparisons_673_b0,comparisons_673_b1
comparisons,eval,comparisons_280_b0_5411,comparisons_280_b0,comparisons_280_b1
comparisons,eval,comparisons_427_b0_5412,comparisons_427_b0,comparisons_427_b1
comparisons,eval,comparisons_1779_b0_5413,comparisons_1779_b0,comparisons_1779_b1
comparisons,eval,comparisons_1464_b0_5414,comparisons_1464_b0,comparisons_1464_b1
comparisons,eval,comparisons_1267_b0_5415,comparisons_1267_b0,comparisons_1267_b1
comparisons,eval,comparisons_1808_b0_5416,comparisons_1808_b0,comparisons_1808_b1
comparisons,eval,comparisons_8_b0_5417,comparisons_8_b0,comparisons_8_b1
comparisons,eval,comparisons_268_b0_5418,comparisons_268_b0,comparisons_268_b1
comparisons,eval,comparisons_1788_b0_5419,comparisons_1788_b0,comparisons_1788_b1
comparisons,eval,comparisons_1839_b0_5420,comparisons_1839_b0,comparisons_1839_b1
comparisons,eval,comparisons_481_b0_5421,comparisons_481_b0,comparisons_481_b1
comparisons,eval,comparisons_762_b0_5422,comparisons_762_b0,comparisons_762_b1
comparisons,eval,comparisons_1943_b0_5423,comparisons_1943_b0,comparisons_1943_b1
comparisons,eval,comparisons_1394_b0_5424,comparisons_1394_b0,comparisons_1394_b1
comparisons,eval,comparisons_1004_b0_5425,comparisons_1004_b0,comparisons_1004_b1
comparisons,eval,comparisons_294_b0_5426,comparisons_294_b0,comparisons_294_b1
comparisons,eval,comparisons_1953_b0_5427,comparisons_1953_b0,comparisons_1953_b1
comparisons,eval,comparisons_1700_b0_5428,comparisons_1700_b0,comparisons_1700_b1
comparisons,eval,comparisons_423_b0_5429,comparisons_423_b0,comparisons_423_b1
comparisons,eval,comparisons_327_b0_5430,comparisons_327_b0,comparisons_327_b1
comparisons,eval,comparisons_705_b0_5431,comparisons_705_b0,comparisons_705_b1
comparisons,eval,comparisons_342_b0_5432,comparisons_342_b0,comparisons_342_b1
comparisons,eval,comparisons_1218_b0_5433,comparisons_1218_b0,comparisons_1218_b1
comparisons,eval,comparisons_717_b0_5434,comparisons_717_b0,comparisons_717_b1
comparisons,eval,comparisons_340_b0_5435,comparisons_340_b0,comparisons_340_b1
comparisons,eval,comparisons_141_b0_5436,comparisons_141_b0,comparisons_141_b1
comparisons,eval,comparisons_957_b0_5437,comparisons_957_b0,comparisons_957_b1
comparisons,eval,comparisons_1117_b0_5438,comparisons_1117_b0,comparisons_1117_b1
comparisons,eval,comparisons_1054_b0_5439,comparisons_1054_b0,comparisons_1054_b1
comparisons,eval,comparisons_899_b0_5440,comparisons_899_b0,comparisons_899_b1
comparisons,eval,comparisons_42_b0_5441,comparisons_42_b0,comparisons_42_b1
comparisons,eval,comparisons_880_b0_5442,comparisons_880_b0,comparisons_880_b1
comparisons,eval,comparisons_577_b0_5443,comparisons_577_b0,comparisons_577_b1
comparisons,eval,comparisons_870_b0_5444,comparisons_870_b0,comparisons_870_b1
comparisons,eval,comparisons_1709_b0_5445,comparisons_1709_b0,comparisons_1709_b1
comparisons,eval,comparisons_1093_b0_5446,comparisons_1093_b0,comparisons_1093_b1
comparisons,eval,comparisons_106_b0_5447,comparisons_106_b0,comparisons_106_b1
comparisons,eval,comparisons_1841_b0_5448,comparisons_1841_b0,comparisons_1841_b1
comparisons,eval,comparisons_1562_b0_5449,comparisons_1562_b0,comparisons_1562_b1
comparisons,eval,comparisons_332_b0_5450,comparisons_332_b0,comparisons_332_b1
comparisons,eval,comparisons_582_b0_5451,comparisons_582_b0,comparisons_582_b1
comparisons,eval,comparisons_23_b0_5452,comparisons_23_b0,comparisons_23_b1
comparisons,eval,comparisons_1182_b0_5453,comparisons_1182_b0,comparisons_1182_b1
comparisons,eval,comparisons_686_b0_5454,comparisons_686_b0,comparisons_686_b1
comparisons,eval,comparisons_1455_b0_5455,comparisons_1455_b0,comparisons_1455_b1
comparisons,eval,comparisons_1887_b0_5456,comparisons_1887_b0,comparisons_1887_b1
comparisons,eval,comparisons_480_b0_5457,comparisons_480_b0,comparisons_480_b1
comparisons,eval,comparisons_24_b0_5458,comparisons_24_b0,comparisons_24_b1
comparisons,eval,comparisons_479_b0_5459,comparisons_479_b0,comparisons_479_b1
comparisons,eval,comparisons_299_b0_5460,comparisons_299_b0,comparisons_299_b1
comparisons,eval,comparisons_1094_b0_5461,comparisons_1094_b0,comparisons_1094_b1
comparisons,eval,comparisons_523_b0_5462,comparisons_523_b0,comparisons_523_b1
comparisons,eval,comparisons_649_b0_5463,comparisons_649_b0,comparisons_649_b1
comparisons,eval,comparisons_628_b0_5464,comparisons_628_b0,comparisons_628_b1
comparisons,eval,comparisons_1908_b0_5465,comparisons_1908_b0,comparisons_1908_b1
comparisons,eval,comparisons_1668_b0_5466,comparisons_1668_b0,comparisons_1668_b1
comparisons,eval,comparisons_1119_b0_5467,comparisons_1119_b0,comparisons_1119_b1
comparisons,eval,comparisons_1375_b0_5468,comparisons_1375_b0,comparisons_1375_b1
comparisons,eval,comparisons_805_b0_5469,comparisons_805_b0,comparisons_805_b1
comparisons,eval,comparisons_893_b0_5470,comparisons_893_b0,comparisons_893_b1
comparisons,eval,comparisons_103_b0_5471,comparisons_103_b0,comparisons_103_b1
comparisons,eval,comparisons_1446_b0_5472,comparisons_1446_b0,comparisons_1446_b1
comparisons,eval,comparisons_373_b0_5473,comparisons_373_b0,comparisons_373_b1
comparisons,eval,comparisons_1579_b0_5474,comparisons_1579_b0,comparisons_1579_b1
comparisons,eval,comparisons_231_b0_5475,comparisons_231_b0,comparisons_231_b1
comparisons,eval,comparisons_850_b0_5476,comparisons_850_b0,comparisons_850_b1
comparisons,eval,comparisons_919_b0_5477,comparisons_919_b0,comparisons_919_b1
comparisons,eval,comparisons_516_b0_5478,comparisons_516_b0,comparisons_516_b1
comparisons,eval,comparisons_1052_b0_5479,comparisons_1052_b0,comparisons_1052_b1
comparisons,eval,comparisons_324_b0_5480,comparisons_324_b0,comparisons_324_b1
comparisons,eval,comparisons_415_b0_5481,comparisons_415_b0,comparisons_415_b1
comparisons,eval,comparisons_658_b0_5482,comparisons_658_b0,comparisons_658_b1
comparisons,eval,comparisons_729_b0_5483,comparisons_729_b0,comparisons_729_b1
comparisons,eval,comparisons_793_b0_5484,comparisons_793_b0,comparisons_793_b1
comparisons,eval,comparisons_1327_b0_5485,comparisons_1327_b0,comparisons_1327_b1
comparisons,eval,comparisons_618_b0_5486,comparisons_618_b0,comparisons_618_b1
comparisons,eval,comparisons_142_b0_5487,comparisons_142_b0,comparisons_142_b1
comparisons,eval,comparisons_1706_b0_5488,comparisons_1706_b0,comparisons_1706_b1
comparisons,eval,comparisons_92_b0_5489,comparisons_92_b0,comparisons_92_b1
comparisons,eval,comparisons_926_b0_5490,comparisons_926_b0,comparisons_926_b1
comparisons,eval,comparisons_1581_b0_5491,comparisons_1581_b0,comparisons_1581_b1
comparisons,eval,comparisons_255_b0_5492,comparisons_255_b0,comparisons_255_b1
comparisons,eval,comparisons_1006_b0_5493,comparisons_1006_b0,comparisons_1006_b1
comparisons,eval,comparisons_713_b0_5494,comparisons_713_b0,comparisons_713_b1
comparisons,eval,comparisons_1415_b0_5495,comparisons_1415_b0,comparisons_1415_b1
comparisons,eval,comparisons_1368_b0_5496,comparisons_1368_b0,comparisons_1368_b1
comparisons,eval,comparisons_877_b0_5497,comparisons_877_b0,comparisons_877_b1
comparisons,eval,comparisons_1731_b0_5498,comparisons_1731_b0,comparisons_1731_b1
comparisons,eval,comparisons_1101_b0_5499,comparisons_1101_b0,comparisons_1101_b1
sp_en_trans,train,sp_en_trans_164_b0_5500,sp_en_trans_164_b0,sp_en_trans_164_b1
sp_en_trans,train,sp_en_trans_261_b0_5501,sp_en_trans_261_b0,sp_en_trans_261_b1
sp_en_trans,train,sp_en_trans_109_b0_5502,sp_en_trans_109_b0,sp_en_trans_109_b1
sp_en_trans,train,sp_en_trans_269_b0_5503,sp_en_trans_269_b0,sp_en_trans_269_b1
sp_en_trans,train,sp_en_trans_18_b0_5504,sp_en_trans_18_b0,sp_en_trans_18_b1
sp_en_trans,train,sp_en_trans_39_b0_5505,sp_en_trans_39_b0,sp_en_trans_39_b1
sp_en_trans,train,sp_en_trans_347_b0_5506,sp_en_trans_347_b0,sp_en_trans_347_b1
sp_en_trans,train,sp_en_trans_266_b0_5507,sp_en_trans_266_b0,sp_en_trans_266_b1
sp_en_trans,train,sp_en_trans_232_b0_5508,sp_en_trans_232_b0,sp_en_trans_232_b1
sp_en_trans,train,sp_en_trans_244_b0_5509,sp_en_trans_244_b0,sp_en_trans_244_b1
sp_en_trans,train,sp_en_trans_126_b0_5510,sp_en_trans_126_b0,sp_en_trans_126_b1
sp_en_trans,train,sp_en_trans_202_b0_5511,sp_en_trans_202_b0,sp_en_trans_202_b1
sp_en_trans,train,sp_en_trans_181_b0_5512,sp_en_trans_181_b0,sp_en_trans_181_b1
sp_en_trans,train,sp_en_trans_93_b0_5513,sp_en_trans_93_b0,sp_en_trans_93_b1
sp_en_trans,train,sp_en_trans_233_b0_5514,sp_en_trans_233_b0,sp_en_trans_233_b1
sp_en_trans,train,sp_en_trans_84_b0_5515,sp_en_trans_84_b0,sp_en_trans_84_b1
sp_en_trans,train,sp_en_trans_311_b0_5516,sp_en_trans_311_b0,sp_en_trans_311_b1
sp_en_trans,train,sp_en_trans_63_b0_5517,sp_en_trans_63_b0,sp_en_trans_63_b1
sp_en_trans,train,sp_en_trans_98_b0_5518,sp_en_trans_98_b0,sp_en_trans_98_b1
sp_en_trans,train,sp_en_trans_324_b0_5519,sp_en_trans_324_b0,sp_en_trans_324_b1
sp_en_trans,train,sp_en_trans_344_b0_5520,sp_en_trans_344_b0,sp_en_trans_344_b1
sp_en_trans,train,sp_en_trans_144_b0_5521,sp_en_trans_144_b0,sp_en_trans_144_b1
sp_en_trans,train,sp_en_trans_308_b0_5522,sp_en_trans_308_b0,sp_en_trans_308_b1
sp_en_trans,train,sp_en_trans_54_b0_5523,sp_en_trans_54_b0,sp_en_trans_54_b1
sp_en_trans,train,sp_en_trans_123_b0_5524,sp_en_trans_123_b0,sp_en_trans_123_b1
sp_en_trans,train,sp_en_trans_36_b0_5525,sp_en_trans_36_b0,sp_en_trans_36_b1
sp_en_trans,train,sp_en_trans_206_b0_5526,sp_en_trans_206_b0,sp_en_trans_206_b1
sp_en_trans,train,sp_en_trans_55_b0_5527,sp_en_trans_55_b0,sp_en_trans_55_b1
sp_en_trans,train,sp_en_trans_38_b0_5528,sp_en_trans_38_b0,sp_en_trans_38_b1
sp_en_trans,train,sp_en_trans_247_b0_5529,sp_en_trans_247_b0,sp_en_trans_247_b1
sp_en_trans,train,sp_en_trans_222_b0_5530,sp_en_trans_222_b0,sp_en_trans_222_b1
sp_en_trans,train,sp_en_trans_119_b0_5531,sp_en_trans_119_b0,sp_en_trans_119_b1
sp_en_trans,train,sp_en_trans_162_b0_5532,sp_en_trans_162_b0,sp_en_trans_162_b1
sp_en_trans,train,sp_en_trans_339_b0_5533,sp_en_trans_339_b0,sp_en_trans_339_b1
sp_en_trans,train,sp_en_trans_331_b0_5534,sp_en_trans_331_b0,sp_en_trans_331_b1
sp_en_trans,train,sp_en_trans_198_b0_5535,sp_en_trans_198_b0,sp_en_trans_198_b1
sp_en_trans,train,sp_en_trans_195_b0_5536,sp_en_trans_195_b0,sp_en_trans_195_b1
sp_en_trans,train,sp_en_trans_150_b0_5537,sp_en_trans_150_b0,sp_en_trans_150_b1
sp_en_trans,train,sp_en_trans_230_b0_5538,sp_en_trans_230_b0,sp_en_trans_230_b1
sp_en_trans,train,sp_en_trans_5_b0_5539,sp_en_trans_5_b0,sp_en_trans_5_b1
sp_en_trans,train,sp_en_trans_248_b0_5540,sp_en_trans_248_b0,sp_en_trans_248_b1
sp_en_trans,train,sp_en_trans_319_b0_5541,sp_en_trans_319_b0,sp_en_trans_319_b1
sp_en_trans,train,sp_en_trans_264_b0_5542,sp_en_trans_264_b0,sp_en_trans_264_b1
sp_en_trans,train,sp_en_trans_196_b0_5543,sp_en_trans_196_b0,sp_en_trans_196_b1
sp_en_trans,train,sp_en_trans_71_b0_5544,sp_en_trans_71_b0,sp_en_trans_71_b1
sp_en_trans,train,sp_en_trans_199_b0_5545,sp_en_trans_199_b0,sp_en_trans_199_b1
sp_en_trans,train,sp_en_trans_31_b0_5546,sp_en_trans_31_b0,sp_en_trans_31_b1
sp_en_trans,train,sp_en_trans_44_b0_5547,sp_en_trans_44_b0,sp_en_trans_44_b1
sp_en_trans,train,sp_en_trans_0_b0_5548,sp_en_trans_0_b0,sp_en_trans_0_b1
sp_en_trans,train,sp_en_trans_128_b0_5549,sp_en_trans_128_b0,sp_en_trans_128_b1
sp_en_trans,train,sp_en_trans_145_b0_5550,sp_en_trans_145_b0,sp_en_trans_145_b1
sp_en_trans,train,sp_en_trans_291_b0_5551,sp_en_trans_291_b0,sp_en_trans_291_b1
sp_en_trans,train,sp_en_trans_75_b0_5552,sp_en_trans_75_b0,sp_en_trans_75_b1
sp_en_trans,train,sp_en_trans_257_b0_5553,sp_en_trans_257_b0,sp_en_trans_257_b1
sp_en_trans,train,sp_en_trans_253_b0_5554,sp_en_trans_253_b0,sp_en_trans_253_b1
sp_en_trans,train,sp_en_trans_281_b0_5555,sp_en_trans_281_b0,sp_en_trans_281_b1
sp_en_trans,train,sp_en_trans_92_b0_5556,sp_en_trans_92_b0,sp_en_trans_92_b1
sp_en_trans,train,sp_en_trans_70_b0_5557,sp_en_trans_70_b0,sp_en_trans_70_b1
sp_en_trans,train,sp_en_trans_166_b0_5558,sp_en_trans_166_b0,sp_en_trans_166_b1
sp_en_trans,train,sp_en_trans_320_b0_5559,sp_en_trans_320_b0,sp_en_trans_320_b1
sp_en_trans,train,sp_en_trans_338_b0_5560,sp_en_trans_338_b0,sp_en_trans_338_b1
sp_en_trans,train,sp_en_trans_212_b0_5561,sp_en_trans_212_b0,sp_en_trans_212_b1
sp_en_trans,train,sp_en_trans_133_b0_5562,sp_en_trans_133_b0,sp_en_trans_133_b1
sp_en_trans,train,sp_en_trans_214_b0_5563,sp_en_trans_214_b0,sp_en_trans_214_b1
sp_en_trans,train,sp_en_trans_272_b0_5564,sp_en_trans_272_b0,sp_en_trans_272_b1
sp_en_trans,train,sp_en_trans_205_b0_5565,sp_en_trans_205_b0,sp_en_trans_205_b1
sp_en_trans,train,sp_en_trans_114_b0_5566,sp_en_trans_114_b0,sp_en_trans_114_b1
sp_en_trans,train,sp_en_trans_345_b0_5567,sp_en_trans_345_b0,sp_en_trans_345_b1
sp_en_trans,train,sp_en_trans_279_b0_5568,sp_en_trans_279_b0,sp_en_trans_279_b1
sp_en_trans,train,sp_en_trans_274_b0_5569,sp_en_trans_274_b0,sp_en_trans_274_b1
sp_en_trans,train,sp_en_trans_328_b0_5570,sp_en_trans_328_b0,sp_en_trans_328_b1
sp_en_trans,train,sp_en_trans_106_b0_5571,sp_en_trans_106_b0,sp_en_trans_106_b1
sp_en_trans,train,sp_en_trans_117_b0_5572,sp_en_trans_117_b0,sp_en_trans_117_b1
sp_en_trans,train,sp_en_trans_251_b0_5573,sp_en_trans_251_b0,sp_en_trans_251_b1
sp_en_trans,train,sp_en_trans_45_b0_5574,sp_en_trans_45_b0,sp_en_trans_45_b1
sp_en_trans,train,sp_en_trans_343_b0_5575,sp_en_trans_343_b0,sp_en_trans_343_b1
sp_en_trans,train,sp_en_trans_200_b0_5576,sp_en_trans_200_b0,sp_en_trans_200_b1
sp_en_trans,train,sp_en_trans_47_b0_5577,sp_en_trans_47_b0,sp_en_trans_47_b1
sp_en_trans,train,sp_en_trans_182_b0_5578,sp_en_trans_182_b0,sp_en_trans_182_b1
sp_en_trans,train,sp_en_trans_10_b0_5579,sp_en_trans_10_b0,sp_en_trans_10_b1
sp_en_trans,train,sp_en_trans_140_b0_5580,sp_en_trans_140_b0,sp_en_trans_140_b1
sp_en_trans,train,sp_en_trans_348_b0_5581,sp_en_trans_348_b0,sp_en_trans_348_b1
sp_en_trans,train,sp_en_trans_83_b0_5582,sp_en_trans_83_b0,sp_en_trans_83_b1
sp_en_trans,train,sp_en_trans_141_b0_5583,sp_en_trans_141_b0,sp_en_trans_141_b1
sp_en_trans,train,sp_en_trans_41_b0_5584,sp_en_trans_41_b0,sp_en_trans_41_b1
sp_en_trans,train,sp_en_trans_235_b0_5585,sp_en_trans_235_b0,sp_en_trans_235_b1
sp_en_trans,train,sp_en_trans_33_b0_5586,sp_en_trans_33_b0,sp_en_trans_33_b1
sp_en_trans,train,sp_en_trans_236_b0_5587,sp_en_trans_236_b0,sp_en_trans_236_b1
sp_en_trans,train,sp_en_trans_155_b0_5588,sp_en_trans_155_b0,sp_en_trans_155_b1
sp_en_trans,train,sp_en_trans_220_b0_5589,sp_en_trans_220_b0,sp_en_trans_220_b1
sp_en_trans,train,sp_en_trans_305_b0_5590,sp_en_trans_305_b0,sp_en_trans_305_b1
sp_en_trans,train,sp_en_trans_2_b0_5591,sp_en_trans_2_b0,sp_en_trans_2_b1
sp_en_trans,train,sp_en_trans_352_b0_5592,sp_en_trans_352_b0,sp_en_trans_352_b1
sp_en_trans,train,sp_en_trans_330_b0_5593,sp_en_trans_330_b0,sp_en_trans_330_b1
sp_en_trans,train,sp_en_trans_17_b0_5594,sp_en_trans_17_b0,sp_en_trans_17_b1
sp_en_trans,train,sp_en_trans_327_b0_5595,sp_en_trans_327_b0,sp_en_trans_327_b1
sp_en_trans,train,sp_en_trans_153_b0_5596,sp_en_trans_153_b0,sp_en_trans_153_b1
sp_en_trans,train,sp_en_trans_111_b0_5597,sp_en_trans_111_b0,sp_en_trans_111_b1
sp_en_trans,train,sp_en_trans_208_b0_5598,sp_en_trans_208_b0,sp_en_trans_208_b1
sp_en_trans,train,sp_en_trans_107_b0_5599,sp_en_trans_107_b0,sp_en_trans_107_b1
sp_en_trans,train,sp_en_trans_310_b0_5600,sp_en_trans_310_b0,sp_en_trans_310_b1
sp_en_trans,train,sp_en_trans_277_b0_5601,sp_en_trans_277_b0,sp_en_trans_277_b1
sp_en_trans,train,sp_en_trans_148_b0_5602,sp_en_trans_148_b0,sp_en_trans_148_b1
sp_en_trans,train,sp_en_trans_256_b0_5603,sp_en_trans_256_b0,sp_en_trans_256_b1
sp_en_trans,train,sp_en_trans_204_b0_5604,sp_en_trans_204_b0,sp_en_trans_204_b1
sp_en_trans,train,sp_en_trans_285_b0_5605,sp_en_trans_285_b0,sp_en_trans_285_b1
sp_en_trans,train,sp_en_trans_318_b0_5606,sp_en_trans_318_b0,sp_en_trans_318_b1
sp_en_trans,train,sp_en_trans_124_b0_5607,sp_en_trans_124_b0,sp_en_trans_124_b1
sp_en_trans,train,sp_en_trans_42_b0_5608,sp_en_trans_42_b0,sp_en_trans_42_b1
sp_en_trans,train,sp_en_trans_160_b0_5609,sp_en_trans_160_b0,sp_en_trans_160_b1
sp_en_trans,train,sp_en_trans_158_b0_5610,sp_en_trans_158_b0,sp_en_trans_158_b1
sp_en_trans,train,sp_en_trans_12_b0_5611,sp_en_trans_12_b0,sp_en_trans_12_b1
sp_en_trans,train,sp_en_trans_90_b0_5612,sp_en_trans_90_b0,sp_en_trans_90_b1
sp_en_trans,train,sp_en_trans_116_b0_5613,sp_en_trans_116_b0,sp_en_trans_116_b1
sp_en_trans,train,sp_en_trans_216_b0_5614,sp_en_trans_216_b0,sp_en_trans_216_b1
sp_en_trans,train,sp_en_trans_64_b0_5615,sp_en_trans_64_b0,sp_en_trans_64_b1
sp_en_trans,train,sp_en_trans_26_b0_5616,sp_en_trans_26_b0,sp_en_trans_26_b1
sp_en_trans,train,sp_en_trans_88_b0_5617,sp_en_trans_88_b0,sp_en_trans_88_b1
sp_en_trans,train,sp_en_trans_322_b0_5618,sp_en_trans_322_b0,sp_en_trans_322_b1
sp_en_trans,train,sp_en_trans_221_b0_5619,sp_en_trans_221_b0,sp_en_trans_221_b1
sp_en_trans,train,sp_en_trans_229_b0_5620,sp_en_trans_229_b0,sp_en_trans_229_b1
sp_en_trans,train,sp_en_trans_295_b0_5621,sp_en_trans_295_b0,sp_en_trans_295_b1
sp_en_trans,train,sp_en_trans_190_b0_5622,sp_en_trans_190_b0,sp_en_trans_190_b1
sp_en_trans,train,sp_en_trans_25_b0_5623,sp_en_trans_25_b0,sp_en_trans_25_b1
sp_en_trans,train,sp_en_trans_159_b0_5624,sp_en_trans_159_b0,sp_en_trans_159_b1
sp_en_trans,train,sp_en_trans_8_b0_5625,sp_en_trans_8_b0,sp_en_trans_8_b1
sp_en_trans,train,sp_en_trans_121_b0_5626,sp_en_trans_121_b0,sp_en_trans_121_b1
sp_en_trans,train,sp_en_trans_341_b0_5627,sp_en_trans_341_b0,sp_en_trans_341_b1
sp_en_trans,train,sp_en_trans_68_b0_5628,sp_en_trans_68_b0,sp_en_trans_68_b1
sp_en_trans,train,sp_en_trans_337_b0_5629,sp_en_trans_337_b0,sp_en_trans_337_b1
sp_en_trans,train,sp_en_trans_74_b0_5630,sp_en_trans_74_b0,sp_en_trans_74_b1
sp_en_trans,train,sp_en_trans_283_b0_5631,sp_en_trans_283_b0,sp_en_trans_283_b1
sp_en_trans,train,sp_en_trans_197_b0_5632,sp_en_trans_197_b0,sp_en_trans_197_b1
sp_en_trans,train,sp_en_trans_243_b0_5633,sp_en_trans_243_b0,sp_en_trans_243_b1
sp_en_trans,train,sp_en_trans_267_b0_5634,sp_en_trans_267_b0,sp_en_trans_267_b1
sp_en_trans,train,sp_en_trans_271_b0_5635,sp_en_trans_271_b0,sp_en_trans_271_b1
sp_en_trans,train,sp_en_trans_65_b0_5636,sp_en_trans_65_b0,sp_en_trans_65_b1
sp_en_trans,train,sp_en_trans_254_b0_5637,sp_en_trans_254_b0,sp_en_trans_254_b1
sp_en_trans,train,sp_en_trans_189_b0_5638,sp_en_trans_189_b0,sp_en_trans_189_b1
sp_en_trans,train,sp_en_trans_43_b0_5639,sp_en_trans_43_b0,sp_en_trans_43_b1
sp_en_trans,train,sp_en_trans_147_b0_5640,sp_en_trans_147_b0,sp_en_trans_147_b1
sp_en_trans,train,sp_en_trans_201_b0_5641,sp_en_trans_201_b0,sp_en_trans_201_b1
sp_en_trans,train,sp_en_trans_6_b0_5642,sp_en_trans_6_b0,sp_en_trans_6_b1
sp_en_trans,train,sp_en_trans_94_b0_5643,sp_en_trans_94_b0,sp_en_trans_94_b1
sp_en_trans,train,sp_en_trans_250_b0_5644,sp_en_trans_250_b0,sp_en_trans_250_b1
sp_en_trans,train,sp_en_trans_61_b0_5645,sp_en_trans_61_b0,sp_en_trans_61_b1
sp_en_trans,train,sp_en_trans_234_b0_5646,sp_en_trans_234_b0,sp_en_trans_234_b1
sp_en_trans,train,sp_en_trans_103_b0_5647,sp_en_trans_103_b0,sp_en_trans_103_b1
sp_en_trans,train,sp_en_trans_296_b0_5648,sp_en_trans_296_b0,sp_en_trans_296_b1
sp_en_trans,train,sp_en_trans_219_b0_5649,sp_en_trans_219_b0,sp_en_trans_219_b1
sp_en_trans,train,sp_en_trans_258_b0_5650,sp_en_trans_258_b0,sp_en_trans_258_b1
sp_en_trans,train,sp_en_trans_213_b0_5651,sp_en_trans_213_b0,sp_en_trans_213_b1
sp_en_trans,train,sp_en_trans_13_b0_5652,sp_en_trans_13_b0,sp_en_trans_13_b1
sp_en_trans,train,sp_en_trans_97_b0_5653,sp_en_trans_97_b0,sp_en_trans_97_b1
sp_en_trans,train,sp_en_trans_167_b0_5654,sp_en_trans_167_b0,sp_en_trans_167_b1
sp_en_trans,train,sp_en_trans_132_b0_5655,sp_en_trans_132_b0,sp_en_trans_132_b1
sp_en_trans,train,sp_en_trans_203_b0_5656,sp_en_trans_203_b0,sp_en_trans_203_b1
sp_en_trans,train,sp_en_trans_118_b0_5657,sp_en_trans_118_b0,sp_en_trans_118_b1
sp_en_trans,train,sp_en_trans_130_b0_5658,sp_en_trans_130_b0,sp_en_trans_130_b1
sp_en_trans,train,sp_en_trans_161_b0_5659,sp_en_trans_161_b0,sp_en_trans_161_b1
sp_en_trans,train,sp_en_trans_72_b0_5660,sp_en_trans_72_b0,sp_en_trans_72_b1
sp_en_trans,train,sp_en_trans_186_b0_5661,sp_en_trans_186_b0,sp_en_trans_186_b1
sp_en_trans,train,sp_en_trans_225_b0_5662,sp_en_trans_225_b0,sp_en_trans_225_b1
sp_en_trans,train,sp_en_trans_342_b0_5663,sp_en_trans_342_b0,sp_en_trans_342_b1
sp_en_trans,train,sp_en_trans_294_b0_5664,sp_en_trans_294_b0,sp_en_trans_294_b1
sp_en_trans,train,sp_en_trans_37_b0_5665,sp_en_trans_37_b0,sp_en_trans_37_b1
sp_en_trans,train,sp_en_trans_28_b0_5666,sp_en_trans_28_b0,sp_en_trans_28_b1
sp_en_trans,train,sp_en_trans_149_b0_5667,sp_en_trans_149_b0,sp_en_trans_149_b1
sp_en_trans,train,sp_en_trans_226_b0_5668,sp_en_trans_226_b0,sp_en_trans_226_b1
sp_en_trans,train,sp_en_trans_223_b0_5669,sp_en_trans_223_b0,sp_en_trans_223_b1
sp_en_trans,train,sp_en_trans_299_b0_5670,sp_en_trans_299_b0,sp_en_trans_299_b1
sp_en_trans,train,sp_en_trans_173_b0_5671,sp_en_trans_173_b0,sp_en_trans_173_b1
sp_en_trans,train,sp_en_trans_99_b0_5672,sp_en_trans_99_b0,sp_en_trans_99_b1
sp_en_trans,train,sp_en_trans_4_b0_5673,sp_en_trans_4_b0,sp_en_trans_4_b1
sp_en_trans,train,sp_en_trans_52_b0_5674,sp_en_trans_52_b0,sp_en_trans_52_b1
sp_en_trans,train,sp_en_trans_259_b0_5675,sp_en_trans_259_b0,sp_en_trans_259_b1
sp_en_trans,train,sp_en_trans_48_b0_5676,sp_en_trans_48_b0,sp_en_trans_48_b1
sp_en_trans,eval,sp_en_trans_46_b0_5677,sp_en_trans_46_b0,sp_en_trans_46_b1
sp_en_trans,eval,sp_en_trans_91_b0_5678,sp_en_trans_91_b0,sp_en_trans_91_b1
sp_en_trans,eval,sp_en_trans_168_b0_5679,sp_en_trans_168_b0,sp_en_trans_168_b1
sp_en_trans,eval,sp_en_trans_346_b0_5680,sp_en_trans_346_b0,sp_en_trans_346_b1
sp_en_trans,eval,sp_en_trans_321_b0_5681,sp_en_trans_321_b0,sp_en_trans_321_b1
sp_en_trans,eval,sp_en_trans_60_b0_5682,sp_en_trans_60_b0,sp_en_trans_60_b1
sp_en_trans,eval,sp_en_trans_209_b0_5683,sp_en_trans_209_b0,sp_en_trans_209_b1
sp_en_trans,eval,sp_en_trans_151_b0_5684,sp_en_trans_151_b0,sp_en_trans_151_b1
sp_en_trans,eval,sp_en_trans_262_b0_5685,sp_en_trans_262_b0,sp_en_trans_262_b1
sp_en_trans,eval,sp_en_trans_313_b0_5686,sp_en_trans_313_b0,sp_en_trans_313_b1
sp_en_trans,eval,sp_en_trans_273_b0_5687,sp_en_trans_273_b0,sp_en_trans_273_b1
sp_en_trans,eval,sp_en_trans_174_b0_5688,sp_en_trans_174_b0,sp_en_trans_174_b1
sp_en_trans,eval,sp_en_trans_102_b0_5689,sp_en_trans_102_b0,sp_en_trans_102_b1
sp_en_trans,eval,sp_en_trans_185_b0_5690,sp_en_trans_185_b0,sp_en_trans_185_b1
sp_en_trans,eval,sp_en_trans_290_b0_5691,sp_en_trans_290_b0,sp_en_trans_290_b1
sp_en_trans,eval,sp_en_trans_82_b0_5692,sp_en_trans_82_b0,sp_en_trans_82_b1
sp_en_trans,eval,sp_en_trans_249_b0_5693,sp_en_trans_249_b0,sp_en_trans_249_b1
sp_en_trans,eval,sp_en_trans_50_b0_5694,sp_en_trans_50_b0,sp_en_trans_50_b1
sp_en_trans,eval,sp_en_trans_138_b0_5695,sp_en_trans_138_b0,sp_en_trans_138_b1
sp_en_trans,eval,sp_en_trans_323_b0_5696,sp_en_trans_323_b0,sp_en_trans_323_b1
sp_en_trans,eval,sp_en_trans_292_b0_5697,sp_en_trans_292_b0,sp_en_trans_292_b1
sp_en_trans,eval,sp_en_trans_246_b0_5698,sp_en_trans_246_b0,sp_en_trans_246_b1
sp_en_trans,eval,sp_en_trans_179_b0_5699,sp_en_trans_179_b0,sp_en_trans_179_b1
sp_en_trans,eval,sp_en_trans_35_b0_5700,sp_en_trans_35_b0,sp_en_trans_35_b1
sp_en_trans,eval,sp_en_trans_122_b0_5701,sp_en_trans_122_b0,sp_en_trans_122_b1
sp_en_trans,eval,sp_en_trans_27_b0_5702,sp_en_trans_27_b0,sp_en_trans_27_b1
sp_en_trans,eval,sp_en_trans_152_b0_5703,sp_en_trans_152_b0,sp_en_trans_152_b1
sp_en_trans,eval,sp_en_trans_309_b0_5704,sp_en_trans_309_b0,sp_en_trans_309_b1
sp_en_trans,eval,sp_en_trans_14_b0_5705,sp_en_trans_14_b0,sp_en_trans_14_b1
sp_en_trans,eval,sp_en_trans_23_b0_5706,sp_en_trans_23_b0,sp_en_trans_23_b1
sp_en_trans,eval,sp_en_trans_334_b0_5707,sp_en_trans_334_b0,sp_en_trans_334_b1
sp_en_trans,eval,sp_en_trans_139_b0_5708,sp_en_trans_139_b0,sp_en_trans_139_b1
sp_en_trans,eval,sp_en_trans_15_b0_5709,sp_en_trans_15_b0,sp_en_trans_15_b1
sp_en_trans,eval,sp_en_trans_89_b0_5710,sp_en_trans_89_b0,sp_en_trans_89_b1
sp_en_trans,eval,sp_en_trans_242_b0_5711,sp_en_trans_242_b0,sp_en_trans_242_b1
sp_en_trans,eval,sp_en_trans_80_b0_5712,sp_en_trans_80_b0,sp_en_trans_80_b1
sp_en_trans,eval,sp_en_trans_170_b0_5713,sp_en_trans_170_b0,sp_en_trans_170_b1
sp_en_trans,eval,sp_en_trans_142_b0_5714,sp_en_trans_142_b0,sp_en_trans_142_b1
sp_en_trans,eval,sp_en_trans_19_b0_5715,sp_en_trans_19_b0,sp_en_trans_19_b1
sp_en_trans,eval,sp_en_trans_137_b0_5716,sp_en_trans_137_b0,sp_en_trans_137_b1
sp_en_trans,eval,sp_en_trans_349_b0_5717,sp_en_trans_349_b0,sp_en_trans_349_b1
sp_en_trans,eval,sp_en_trans_53_b0_5718,sp_en_trans_53_b0,sp_en_trans_53_b1
sp_en_trans,eval,sp_en_trans_286_b0_5719,sp_en_trans_286_b0,sp_en_trans_286_b1
sp_en_trans,eval,sp_en_trans_100_b0_5720,sp_en_trans_100_b0,sp_en_trans_100_b1
sp_en_trans,eval,sp_en_trans_178_b0_5721,sp_en_trans_178_b0,sp_en_trans_178_b1
sp_en_trans,eval,sp_en_trans_96_b0_5722,sp_en_trans_96_b0,sp_en_trans_96_b1
sp_en_trans,eval,sp_en_trans_353_b0_5723,sp_en_trans_353_b0,sp_en_trans_353_b1
sp_en_trans,eval,sp_en_trans_67_b0_5724,sp_en_trans_67_b0,sp_en_trans_67_b1
sp_en_trans,eval,sp_en_trans_32_b0_5725,sp_en_trans_32_b0,sp_en_trans_32_b1
sp_en_trans,eval,sp_en_trans_9_b0_5726,sp_en_trans_9_b0,sp_en_trans_9_b1
sp_en_trans,eval,sp_en_trans_87_b0_5727,sp_en_trans_87_b0,sp_en_trans_87_b1
sp_en_trans,eval,sp_en_trans_303_b0_5728,sp_en_trans_303_b0,sp_en_trans_303_b1
sp_en_trans,eval,sp_en_trans_218_b0_5729,sp_en_trans_218_b0,sp_en_trans_218_b1
sp_en_trans,eval,sp_en_trans_227_b0_5730,sp_en_trans_227_b0,sp_en_trans_227_b1
sp_en_trans,eval,sp_en_trans_252_b0_5731,sp_en_trans_252_b0,sp_en_trans_252_b1
sp_en_trans,eval,sp_en_trans_215_b0_5732,sp_en_trans_215_b0,sp_en_trans_215_b1
sp_en_trans,eval,sp_en_trans_284_b0_5733,sp_en_trans_284_b0,sp_en_trans_284_b1
sp_en_trans,eval,sp_en_trans_336_b0_5734,sp_en_trans_336_b0,sp_en_trans_336_b1
sp_en_trans,eval,sp_en_trans_306_b0_5735,sp_en_trans_306_b0,sp_en_trans_306_b1
sp_en_trans,eval,sp_en_trans_131_b0_5736,sp_en_trans_131_b0,sp_en_trans_131_b1
sp_en_trans,eval,sp_en_trans_157_b0_5737,sp_en_trans_157_b0,sp_en_trans_157_b1
sp_en_trans,eval,sp_en_trans_16_b0_5738,sp_en_trans_16_b0,sp_en_trans_16_b1
sp_en_trans,eval,sp_en_trans_278_b0_5739,sp_en_trans_278_b0,sp_en_trans_278_b1
sp_en_trans,eval,sp_en_trans_105_b0_5740,sp_en_trans_105_b0,sp_en_trans_105_b1
sp_en_trans,eval,sp_en_trans_171_b0_5741,sp_en_trans_171_b0,sp_en_trans_171_b1
sp_en_trans,eval,sp_en_trans_255_b0_5742,sp_en_trans_255_b0,sp_en_trans_255_b1
sp_en_trans,eval,sp_en_trans_136_b0_5743,sp_en_trans_136_b0,sp_en_trans_136_b1
sp_en_trans,eval,sp_en_trans_85_b0_5744,sp_en_trans_85_b0,sp_en_trans_85_b1
sp_en_trans,eval,sp_en_trans_192_b0_5745,sp_en_trans_192_b0,sp_en_trans_192_b1
sp_en_trans,eval,sp_en_trans_77_b0_5746,sp_en_trans_77_b0,sp_en_trans_77_b1
sp_en_trans,eval,sp_en_trans_110_b0_5747,sp_en_trans_110_b0,sp_en_trans_110_b1
sp_en_trans,eval,sp_en_trans_210_b0_5748,sp_en_trans_210_b0,sp_en_trans_210_b1
sp_en_trans,eval,sp_en_trans_113_b0_5749,sp_en_trans_113_b0,sp_en_trans_113_b1
sp_en_trans,eval,sp_en_trans_30_b0_5750,sp_en_trans_30_b0,sp_en_trans_30_b1
sp_en_trans,eval,sp_en_trans_1_b0_5751,sp_en_trans_1_b0,sp_en_trans_1_b1
sp_en_trans,eval,sp_en_trans_194_b0_5752,sp_en_trans_194_b0,sp_en_trans_194_b1
sp_en_trans,eval,sp_en_trans_129_b0_5753,sp_en_trans_129_b0,sp_en_trans_129_b1
sp_en_trans,eval,sp_en_trans_350_b0_5754,sp_en_trans_350_b0,sp_en_trans_350_b1
sp_en_trans,eval,sp_en_trans_172_b0_5755,sp_en_trans_172_b0,sp_en_trans_172_b1
sp_en_trans,eval,sp_en_trans_325_b0_5756,sp_en_trans_325_b0,sp_en_trans_325_b1
sp_en_trans,eval,sp_en_trans_177_b0_5757,sp_en_trans_177_b0,sp_en_trans_177_b1
sp_en_trans,eval,sp_en_trans_316_b0_5758,sp_en_trans_316_b0,sp_en_trans_316_b1
sp_en_trans,eval,sp_en_trans_112_b0_5759,sp_en_trans_112_b0,sp_en_trans_112_b1
sp_en_trans,eval,sp_en_trans_11_b0_5760,sp_en_trans_11_b0,sp_en_trans_11_b1
sp_en_trans,eval,sp_en_trans_265_b0_5761,sp_en_trans_265_b0,sp_en_trans_265_b1
sp_en_trans,eval,sp_en_trans_231_b0_5762,sp_en_trans_231_b0,sp_en_trans_231_b1
sp_en_trans,eval,sp_en_trans_165_b0_5763,sp_en_trans_165_b0,sp_en_trans_165_b1
sp_en_trans,eval,sp_en_trans_180_b0_5764,sp_en_trans_180_b0,sp_en_trans_180_b1
sp_en_trans,eval,sp_en_trans_51_b0_5765,sp_en_trans_51_b0,sp_en_trans_51_b1
sp_en_trans,eval,sp_en_trans_297_b0_5766,sp_en_trans_297_b0,sp_en_trans_297_b1
sp_en_trans,eval,sp_en_trans_135_b0_5767,sp_en_trans_135_b0,sp_en_trans_135_b1
sp_en_trans,eval,sp_en_trans_276_b0_5768,sp_en_trans_276_b0,sp_en_trans_276_b1
sp_en_trans,eval,sp_en_trans_20_b0_5769,sp_en_trans_20_b0,sp_en_trans_20_b1
sp_en_trans,eval,sp_en_trans_228_b0_5770,sp_en_trans_228_b0,sp_en_trans_228_b1
sp_en_trans,eval,sp_en_trans_238_b0_5771,sp_en_trans_238_b0,sp_en_trans_238_b1
sp_en_trans,eval,sp_en_trans_34_b0_5772,sp_en_trans_34_b0,sp_en_trans_34_b1
sp_en_trans,eval,sp_en_trans_224_b0_5773,sp_en_trans_224_b0,sp_en_trans_224_b1
sp_en_trans,eval,sp_en_trans_57_b0_5774,sp_en_trans_57_b0,sp_en_trans_57_b1
sp_en_trans,eval,sp_en_trans_154_b0_5775,sp_en_trans_154_b0,sp_en_trans_154_b1
sp_en_trans,eval,sp_en_trans_40_b0_5776,sp_en_trans_40_b0,sp_en_trans_40_b1
sp_en_trans,eval,sp_en_trans_335_b0_5777,sp_en_trans_335_b0,sp_en_trans_335_b1
sp_en_trans,eval,sp_en_trans_175_b0_5778,sp_en_trans_175_b0,sp_en_trans_175_b1
sp_en_trans,eval,sp_en_trans_211_b0_5779,sp_en_trans_211_b0,sp_en_trans_211_b1
sp_en_trans,eval,sp_en_trans_22_b0_5780,sp_en_trans_22_b0,sp_en_trans_22_b1
sp_en_trans,eval,sp_en_trans_275_b0_5781,sp_en_trans_275_b0,sp_en_trans_275_b1
sp_en_trans,eval,sp_en_trans_351_b0_5782,sp_en_trans_351_b0,sp_en_trans_351_b1
sp_en_trans,eval,sp_en_trans_134_b0_5783,sp_en_trans_134_b0,sp_en_trans_134_b1
sp_en_trans,eval,sp_en_trans_304_b0_5784,sp_en_trans_304_b0,sp_en_trans_304_b1
sp_en_trans,eval,sp_en_trans_108_b0_5785,sp_en_trans_108_b0,sp_en_trans_108_b1
sp_en_trans,eval,sp_en_trans_260_b0_5786,sp_en_trans_260_b0,sp_en_trans_260_b1
sp_en_trans,eval,sp_en_trans_217_b0_5787,sp_en_trans_217_b0,sp_en_trans_217_b1
sp_en_trans,eval,sp_en_trans_81_b0_5788,sp_en_trans_81_b0,sp_en_trans_81_b1
sp_en_trans,eval,sp_en_trans_79_b0_5789,sp_en_trans_79_b0,sp_en_trans_79_b1
sp_en_trans,eval,sp_en_trans_183_b0_5790,sp_en_trans_183_b0,sp_en_trans_183_b1
sp_en_trans,eval,sp_en_trans_293_b0_5791,sp_en_trans_293_b0,sp_en_trans_293_b1
sp_en_trans,eval,sp_en_trans_239_b0_5792,sp_en_trans_239_b0,sp_en_trans_239_b1
sp_en_trans,eval,sp_en_trans_298_b0_5793,sp_en_trans_298_b0,sp_en_trans_298_b1
sp_en_trans,eval,sp_en_trans_3_b0_5794,sp_en_trans_3_b0,sp_en_trans_3_b1
sp_en_trans,eval,sp_en_trans_300_b0_5795,sp_en_trans_300_b0,sp_en_trans_300_b1
sp_en_trans,eval,sp_en_trans_326_b0_5796,sp_en_trans_326_b0,sp_en_trans_326_b1
sp_en_trans,eval,sp_en_trans_143_b0_5797,sp_en_trans_143_b0,sp_en_trans_143_b1
sp_en_trans,eval,sp_en_trans_312_b0_5798,sp_en_trans_312_b0,sp_en_trans_312_b1
sp_en_trans,eval,sp_en_trans_66_b0_5799,sp_en_trans_66_b0,sp_en_trans_66_b1
sp_en_trans,eval,sp_en_trans_163_b0_5800,sp_en_trans_163_b0,sp_en_trans_163_b1
sp_en_trans,eval,sp_en_trans_76_b0_5801,sp_en_trans_76_b0,sp_en_trans_76_b1
sp_en_trans,eval,sp_en_trans_237_b0_5802,sp_en_trans_237_b0,sp_en_trans_237_b1
sp_en_trans,eval,sp_en_trans_156_b0_5803,sp_en_trans_156_b0,sp_en_trans_156_b1
sp_en_trans,eval,sp_en_trans_146_b0_5804,sp_en_trans_146_b0,sp_en_trans_146_b1
sp_en_trans,eval,sp_en_trans_193_b0_5805,sp_en_trans_193_b0,sp_en_trans_193_b1
sp_en_trans,eval,sp_en_trans_280_b0_5806,sp_en_trans_280_b0,sp_en_trans_280_b1
sp_en_trans,eval,sp_en_trans_245_b0_5807,sp_en_trans_245_b0,sp_en_trans_245_b1
sp_en_trans,eval,sp_en_trans_24_b0_5808,sp_en_trans_24_b0,sp_en_trans_24_b1
sp_en_trans,eval,sp_en_trans_329_b0_5809,sp_en_trans_329_b0,sp_en_trans_329_b1
sp_en_trans,eval,sp_en_trans_59_b0_5810,sp_en_trans_59_b0,sp_en_trans_59_b1
sp_en_trans,eval,sp_en_trans_21_b0_5811,sp_en_trans_21_b0,sp_en_trans_21_b1
sp_en_trans,eval,sp_en_trans_188_b0_5812,sp_en_trans_188_b0,sp_en_trans_188_b1
sp_en_trans,eval,sp_en_trans_62_b0_5813,sp_en_trans_62_b0,sp_en_trans_62_b1
sp_en_trans,eval,sp_en_trans_301_b0_5814,sp_en_trans_301_b0,sp_en_trans_301_b1
sp_en_trans,eval,sp_en_trans_86_b0_5815,sp_en_trans_86_b0,sp_en_trans_86_b1
sp_en_trans,eval,sp_en_trans_125_b0_5816,sp_en_trans_125_b0,sp_en_trans_125_b1
sp_en_trans,eval,sp_en_trans_282_b0_5817,sp_en_trans_282_b0,sp_en_trans_282_b1
sp_en_trans,eval,sp_en_trans_307_b0_5818,sp_en_trans_307_b0,sp_en_trans_307_b1
sp_en_trans,eval,sp_en_trans_101_b0_5819,sp_en_trans_101_b0,sp_en_trans_101_b1
sp_en_trans,eval,sp_en_trans_240_b0_5820,sp_en_trans_240_b0,sp_en_trans_240_b1
sp_en_trans,eval,sp_en_trans_49_b0_5821,sp_en_trans_49_b0,sp_en_trans_49_b1
sp_en_trans,eval,sp_en_trans_58_b0_5822,sp_en_trans_58_b0,sp_en_trans_58_b1
sp_en_trans,eval,sp_en_trans_187_b0_5823,sp_en_trans_187_b0,sp_en_trans_187_b1
sp_en_trans,eval,sp_en_trans_169_b0_5824,sp_en_trans_169_b0,sp_en_trans_169_b1
sp_en_trans,eval,sp_en_trans_340_b0_5825,sp_en_trans_340_b0,sp_en_trans_340_b1
sp_en_trans,eval,sp_en_trans_317_b0_5826,sp_en_trans_317_b0,sp_en_trans_317_b1
sp_en_trans,eval,sp_en_trans_268_b0_5827,sp_en_trans_268_b0,sp_en_trans_268_b1
sp_en_trans,eval,sp_en_trans_207_b0_5828,sp_en_trans_207_b0,sp_en_trans_207_b1
sp_en_trans,eval,sp_en_trans_241_b0_5829,sp_en_trans_241_b0,sp_en_trans_241_b1
sp_en_trans,eval,sp_en_trans_288_b0_5830,sp_en_trans_288_b0,sp_en_trans_288_b1
sp_en_trans,eval,sp_en_trans_56_b0_5831,sp_en_trans_56_b0,sp_en_trans_56_b1
sp_en_trans,eval,sp_en_trans_302_b0_5832,sp_en_trans_302_b0,sp_en_trans_302_b1
sp_en_trans,eval,sp_en_trans_314_b0_5833,sp_en_trans_314_b0,sp_en_trans_314_b1
sp_en_trans,eval,sp_en_trans_270_b0_5834,sp_en_trans_270_b0,sp_en_trans_270_b1
sp_en_trans,eval,sp_en_trans_73_b0_5835,sp_en_trans_73_b0,sp_en_trans_73_b1
sp_en_trans,eval,sp_en_trans_263_b0_5836,sp_en_trans_263_b0,sp_en_trans_263_b1
sp_en_trans,eval,sp_en_trans_115_b0_5837,sp_en_trans_115_b0,sp_en_trans_115_b1
sp_en_trans,eval,sp_en_trans_287_b0_5838,sp_en_trans_287_b0,sp_en_trans_287_b1
sp_en_trans,eval,sp_en_trans_191_b0_5839,sp_en_trans_191_b0,sp_en_trans_191_b1
sp_en_trans,eval,sp_en_trans_104_b0_5840,sp_en_trans_104_b0,sp_en_trans_104_b1
sp_en_trans,eval,sp_en_trans_176_b0_5841,sp_en_trans_176_b0,sp_en_trans_176_b1
sp_en_trans,eval,sp_en_trans_333_b0_5842,sp_en_trans_333_b0,sp_en_trans_333_b1
sp_en_trans,eval,sp_en_trans_332_b0_5843,sp_en_trans_332_b0,sp_en_trans_332_b1
sp_en_trans,eval,sp_en_trans_7_b0_5844,sp_en_trans_7_b0,sp_en_trans_7_b1
sp_en_trans,eval,sp_en_trans_69_b0_5845,sp_en_trans_69_b0,sp_en_trans_69_b1
sp_en_trans,eval,sp_en_trans_127_b0_5846,sp_en_trans_127_b0,sp_en_trans_127_b1
sp_en_trans,eval,sp_en_trans_78_b0_5847,sp_en_trans_78_b0,sp_en_trans_78_b1
sp_en_trans,eval,sp_en_trans_120_b0_5848,sp_en_trans_120_b0,sp_en_trans_120_b1
sp_en_trans,eval,sp_en_trans_315_b0_5849,sp_en_trans_315_b0,sp_en_trans_315_b1
sp_en_trans,eval,sp_en_trans_29_b0_5850,sp_en_trans_29_b0,sp_en_trans_29_b1
sp_en_trans,eval,sp_en_trans_184_b0_5851,sp_en_trans_184_b0,sp_en_trans_184_b1
sp_en_trans,eval,sp_en_trans_289_b0_5852,sp_en_trans_289_b0,sp_en_trans_289_b1
sp_en_trans,eval,sp_en_trans_95_b0_5853,sp_en_trans_95_b0,sp_en_trans_95_b1
cities,train,cities_400_f_b0_3500,cities_400_f_b0,cities_400_f_b1
cities,train,cities_592_t_b0_3501,cities_592_t_b0,cities_592_t_b1
cities,train,cities_731_f_b0_3502,cities_731_f_b0,cities_731_f_b1
cities,train,cities_698_t_b0_3503,cities_698_t_b0,cities_698_t_b1
cities,train,cities_104_f_b0_3504,cities_104_f_b0,cities_104_f_b1
cities,train,cities_22_t_b0_3505,cities_22_t_b0,cities_22_t_b1
cities,train,cities_680_f_b0_3506,cities_680_f_b0,cities_680_f_b1
cities,train,cities_559_f_b0_3507,cities_559_f_b0,cities_559_f_b1
cities,train,cities_619_f_b0_3508,cities_619_f_b0,cities_619_f_b1
cities,train,cities_106_t_b0_3509,cities_106_t_b0,cities_106_t_b1
cities,train,cities_59_t_b0_3510,cities_59_t_b0,cities_59_t_b1
cities,train,cities_139_f_b0_3511,cities_139_f_b0,cities_139_f_b1
cities,train,cities_443_f_b0_3512,cities_443_f_b0,cities_443_f_b1
cities,train,cities_360_f_b0_3513,cities_360_f_b0,cities_360_f_b1
cities,train,cities_403_f_b0_3514,cities_403_f_b0,cities_403_f_b1
cities,train,cities_309_t_b0_3515,cities_309_t_b0,cities_309_t_b1
cities,train,cities_727_t_b0_3516,cities_727_t_b0,cities_727_t_b1
cities,train,cities_142_t_b0_3517,cities_142_t_b0,cities_142_t_b1
cities,train,cities_516_t_b0_3518,cities_516_t_b0,cities_516_t_b1
cities,train,cities_521_t_b0_3519,cities_521_t_b0,cities_521_t_b1
cities,train,cities_571_f_b0_3520,cities_571_f_b0,cities_571_f_b1
cities,train,cities_318_f_b0_3521,cities_318_f_b0,cities_318_f_b1
cities,train,cities_402_t_b0_3522,cities_402_t_b0,cities_402_t_b1
cities,train,cities_264_f_b0_3523,cities_264_f_b0,cities_264_f_b1
cities,train,cities_725_f_b0_3524,cities_725_f_b0,cities_725_f_b1
cities,train,cities_742_t_b0_3525,cities_742_t_b0,cities_742_t_b1
cities,train,cities_367_t_b0_3526,cities_367_t_b0,cities_367_t_b1
cities,train,cities_165_t_b0_3527,cities_165_t_b0,cities_165_t_b1
cities,train,cities_605_f_b0_3528,cities_605_f_b0,cities_605_f_b1
cities,train,cities_10_t_b0_3529,cities_10_t_b0,cities_10_t_b1
cities,train,cities_680_t_b0_3530,cities_680_t_b0,cities_680_t_b1
cities,train,cities_679_f_b0_3531,cities_679_f_b0,cities_679_f_b1
cities,train,cities_360_t_b0_3532,cities_360_t_b0,cities_360_t_b1
cities,train,cities_343_t_b0_3533,cities_343_t_b0,cities_343_t_b1
cities,train,cities_741_t_b0_3534,cities_741_t_b0,cities_741_t_b1
cities,train,cities_264_t_b0_3535,cities_264_t_b0,cities_264_t_b1
cities,train,cities_574_f_b0_3536,cities_574_f_b0,cities_574_f_b1
cities,train,cities_616_f_b0_3537,cities_616_f_b0,cities_616_f_b1
cities,train,cities_702_f_b0_3538,cities_702_f_b0,cities_702_f_b1
cities,train,cities_668_f_b0_3539,cities_668_f_b0,cities_668_f_b1
cities,train,cities_449_t_b0_3540,cities_449_t_b0,cities_449_t_b1
cities,train,cities_465_t_b0_3541,cities_465_t_b0,cities_465_t_b1
cities,train,cities_49_t_b0_3542,cities_49_t_b0,cities_49_t_b1
cities,train,cities_210_t_b0_3543,cities_210_t_b0,cities_210_t_b1
cities,train,cities_728_t_b0_3544,cities_728_t_b0,cities_728_t_b1
cities,train,cities_293_t_b0_3545,cities_293_t_b0,cities_293_t_b1
cities,train,cities_381_t_b0_3546,cities_381_t_b0,cities_381_t_b1
cities,train,cities_690_f_b0_3547,cities_690_f_b0,cities_690_f_b1
cities,train,cities_6_t_b0_3548,cities_6_t_b0,cities_6_t_b1
cities,train,cities_307_f_b0_3549,cities_307_f_b0,cities_307_f_b1
cities,train,cities_502_t_b0_3550,cities_502_t_b0,cities_502_t_b1
cities,train,cities_364_f_b0_3551,cities_364_f_b0,cities_364_f_b1
cities,train,cities_684_f_b0_3552,cities_684_f_b0,cities_684_f_b1
cities,train,cities_470_f_b0_3553,cities_470_f_b0,cities_470_f_b1
cities,train,cities_282_t_b0_3554,cities_282_t_b0,cities_282_t_b1
cities,train,cities_558_t_b0_3555,cities_558_t_b0,cities_558_t_b1
cities,train,cities_275_t_b0_3556,cities_275_t_b0,cities_275_t_b1
cities,train,cities_30_t_b0_3557,cities_30_t_b0,cities_30_t_b1
cities,train,cities_243_t_b0_3558,cities_243_t_b0,cities_243_t_b1
cities,train,cities_637_t_b0_3559,cities_637_t_b0,cities_637_t_b1
cities,train,cities_726_f_b0_3560,cities_726_f_b0,cities_726_f_b1
cities,train,cities_178_t_b0_3561,cities_178_t_b0,cities_178_t_b1
cities,train,cities_317_t_b0_3562,cities_317_t_b0,cities_317_t_b1
cities,train,cities_584_t_b0_3563,cities_584_t_b0,cities_584_t_b1
cities,train,cities_361_t_b0_3564,cities_361_t_b0,cities_361_t_b1
cities,train,cities_327_t_b0_3565,cities_327_t_b0,cities_327_t_b1
cities,train,cities_54_f_b0_3566,cities_54_f_b0,cities_54_f_b1
cities,train,cities_213_t_b0_3567,cities_213_t_b0,cities_213_t_b1
cities,train,cities_298_t_b0_3568,cities_298_t_b0,cities_298_t_b1
cities,train,cities_507_f_b0_3569,cities_507_f_b0,cities_507_f_b1
cities,train,cities_736_f_b0_3570,cities_736_f_b0,cities_736_f_b1
cities,train,cities_721_t_b0_3571,cities_721_t_b0,cities_721_t_b1
cities,train,cities_399_t_b0_3572,cities_399_t_b0,cities_399_t_b1
cities,train,cities_677_t_b0_3573,cities_677_t_b0,cities_677_t_b1
cities,train,cities_694_f_b0_3574,cities_694_f_b0,cities_694_f_b1
cities,train,cities_121_t_b0_3575,cities_121_t_b0,cities_121_t_b1
cities,train,cities_643_f_b0_3576,cities_643_f_b0,cities_643_f_b1
cities,train,cities_182_f_b0_3577,cities_182_f_b0,cities_182_f_b1
cities,train,cities_573_t_b0_3578,cities_573_t_b0,cities_573_t_b1
cities,train,cities_224_t_b0_3579,cities_224_t_b0,cities_224_t_b1
cities,train,cities_50_f_b0_3580,cities_50_f_b0,cities_50_f_b1
cities,train,cities_237_f_b0_3581,cities_237_f_b0,cities_237_f_b1
cities,train,cities_563_f_b0_3582,cities_563_f_b0,cities_563_f_b1
cities,train,cities_132_f_b0_3583,cities_132_f_b0,cities_132_f_b1
cities,train,cities_695_f_b0_3584,cities_695_f_b0,cities_695_f_b1
cities,train,cities_539_f_b0_3585,cities_539_f_b0,cities_539_f_b1
cities,train,cities_398_f_b0_3586,cities_398_f_b0,cities_398_f_b1
cities,train,cities_326_t_b0_3587,cities_326_t_b0,cities_326_t_b1
cities,train,cities_103_t_b0_3588,cities_103_t_b0,cities_103_t_b1
cities,train,cities_662_t_b0_3589,cities_662_t_b0,cities_662_t_b1
cities,train,cities_317_f_b0_3590,cities_317_f_b0,cities_317_f_b1
cities,train,cities_83_t_b0_3591,cities_83_t_b0,cities_83_t_b1
cities,train,cities_223_t_b0_3592,cities_223_t_b0,cities_223_t_b1
cities,train,cities_113_t_b0_3593,cities_113_t_b0,cities_113_t_b1
cities,train,cities_493_t_b0_3594,cities_493_t_b0,cities_493_t_b1
cities,train,cities_593_f_b0_3595,cities_593_f_b0,cities_593_f_b1
cities,train,cities_745_f_b0_3596,cities_745_f_b0,cities_745_f_b1
cities,train,cities_472_t_b0_3597,cities_472_t_b0,cities_472_t_b1
cities,train,cities_672_f_b0_3598,cities_672_f_b0,cities_672_f_b1
cities,train,cities_514_t_b0_3599,cities_514_t_b0,cities_514_t_b1
cities,train,cities_438_t_b0_3600,cities_438_t_b0,cities_438_t_b1
cities,train,cities_141_f_b0_3601,cities_141_f_b0,cities_141_f_b1
cities,train,cities_75_t_b0_3602,cities_75_t_b0,cities_75_t_b1
cities,train,cities_729_t_b0_3603,cities_729_t_b0,cities_729_t_b1
cities,train,cities_211_t_b0_3604,cities_211_t_b0,cities_211_t_b1
cities,train,cities_402_f_b0_3605,cities_402_f_b0,cities_402_f_b1
cities,train,cities_482_t_b0_3606,cities_482_t_b0,cities_482_t_b1
cities,train,cities_494_t_b0_3607,cities_494_t_b0,cities_494_t_b1
cities,train,cities_136_f_b0_3608,cities_136_f_b0,cities_136_f_b1
cities,train,cities_414_t_b0_3609,cities_414_t_b0,cities_414_t_b1
cities,train,cities_209_f_b0_3610,cities_209_f_b0,cities_209_f_b1
cities,train,cities_279_t_b0_3611,cities_279_t_b0,cities_279_t_b1
cities,train,cities_705_t_b0_3612,cities_705_t_b0,cities_705_t_b1
cities,train,cities_578_f_b0_3613,cities_578_f_b0,cities_578_f_b1
cities,train,cities_659_f_b0_3614,cities_659_f_b0,cities_659_f_b1
cities,train,cities_430_f_b0_3615,cities_430_f_b0,cities_430_f_b1
cities,train,cities_681_f_b0_3616,cities_681_f_b0,cities_681_f_b1
cities,train,cities_575_f_b0_3617,cities_575_f_b0,cities_575_f_b1
cities,train,cities_541_t_b0_3618,cities_541_t_b0,cities_541_t_b1
cities,train,cities_344_t_b0_3619,cities_344_t_b0,cities_344_t_b1
cities,train,cities_697_f_b0_3620,cities_697_f_b0,cities_697_f_b1
cities,train,cities_596_f_b0_3621,cities_596_f_b0,cities_596_f_b1
cities,train,cities_258_f_b0_3622,cities_258_f_b0,cities_258_f_b1
cities,train,cities_535_t_b0_3623,cities_535_t_b0,cities_535_t_b1
cities,train,cities_404_f_b0_3624,cities_404_f_b0,cities_404_f_b1
cities,train,cities_344_f_b0_3625,cities_344_f_b0,cities_344_f_b1
cities,train,cities_437_t_b0_3626,cities_437_t_b0,cities_437_t_b1
cities,train,cities_311_t_b0_3627,cities_311_t_b0,cities_311_t_b1
cities,train,cities_490_f_b0_3628,cities_490_f_b0,cities_490_f_b1
cities,train,cities_135_t_b0_3629,cities_135_t_b0,cities_135_t_b1
cities,train,cities_420_f_b0_3630,cities_420_f_b0,cities_420_f_b1
cities,train,cities_235_f_b0_3631,cities_235_f_b0,cities_235_f_b1
cities,train,cities_369_f_b0_3632,cities_369_f_b0,cities_369_f_b1
cities,train,cities_85_t_b0_3633,cities_85_t_b0,cities_85_t_b1
cities,train,cities_259_f_b0_3634,cities_259_f_b0,cities_259_f_b1
cities,train,cities_281_t_b0_3635,cities_281_t_b0,cities_281_t_b1
cities,train,cities_720_t_b0_3636,cities_720_t_b0,cities_720_t_b1
cities,train,cities_320_t_b0_3637,cities_320_t_b0,cities_320_t_b1
cities,train,cities_697_t_b0_3638,cities_697_t_b0,cities_697_t_b1
cities,train,cities_658_f_b0_3639,cities_658_f_b0,cities_658_f_b1
cities,train,cities_272_f_b0_3640,cities_272_f_b0,cities_272_f_b1
cities,train,cities_664_t_b0_3641,cities_664_t_b0,cities_664_t_b1
cities,train,cities_227_t_b0_3642,cities_227_t_b0,cities_227_t_b1
cities,train,cities_613_t_b0_3643,cities_613_t_b0,cities_613_t_b1
cities,train,cities_67_f_b0_3644,cities_67_f_b0,cities_67_f_b1
cities,train,cities_497_t_b0_3645,cities_497_t_b0,cities_497_t_b1
cities,train,cities_513_f_b0_3646,cities_513_f_b0,cities_513_f_b1
cities,train,cities_26_f_b0_3647,cities_26_f_b0,cities_26_f_b1
cities,train,cities_352_f_b0_3648,cities_352_f_b0,cities_352_f_b1
cities,train,cities_592_f_b0_3649,cities_592_f_b0,cities_592_f_b1
cities,train,cities_354_t_b0_3650,cities_354_t_b0,cities_354_t_b1
cities,train,cities_292_t_b0_3651,cities_292_t_b0,cities_292_t_b1
cities,train,cities_184_f_b0_3652,cities_184_f_b0,cities_184_f_b1
cities,train,cities_608_t_b0_3653,cities_608_t_b0,cities_608_t_b1
cities,train,cities_79_f_b0_3654,cities_79_f_b0,cities_79_f_b1
cities,train,cities_73_f_b0_3655,cities_73_f_b0,cities_73_f_b1
cities,train,cities_468_f_b0_3656,cities_468_f_b0,cities_468_f_b1
cities,train,cities_476_f_b0_3657,cities_476_f_b0,cities_476_f_b1
cities,train,cities_501_f_b0_3658,cities_501_f_b0,cities_501_f_b1
cities,train,cities_595_f_b0_3659,cities_595_f_b0,cities_595_f_b1
cities,train,cities_609_f_b0_3660,cities_609_f_b0,cities_609_f_b1
cities,train,cities_736_t_b0_3661,cities_736_t_b0,cities_736_t_b1
cities,train,cities_708_f_b0_3662,cities_708_f_b0,cities_708_f_b1
cities,train,cities_35_t_b0_3663,cities_35_t_b0,cities_35_t_b1
cities,train,cities_329_t_b0_3664,cities_329_t_b0,cities_329_t_b1
cities,train,cities_572_t_b0_3665,cities_572_t_b0,cities_572_t_b1
cities,train,cities_634_t_b0_3666,cities_634_t_b0,cities_634_t_b1
cities,train,cities_225_t_b0_3667,cities_225_t_b0,cities_225_t_b1
cities,train,cities_132_t_b0_3668,cities_132_t_b0,cities_132_t_b1
cities,train,cities_686_t_b0_3669,cities_686_t_b0,cities_686_t_b1
cities,train,cities_518_t_b0_3670,cities_518_t_b0,cities_518_t_b1
cities,train,cities_260_t_b0_3671,cities_260_t_b0,cities_260_t_b1
cities,train,cities_519_f_b0_3672,cities_519_f_b0,cities_519_f_b1
cities,train,cities_364_t_b0_3673,cities_364_t_b0,cities_364_t_b1
cities,train,cities_481_f_b0_3674,cities_481_f_b0,cities_481_f_b1
cities,train,cities_36_t_b0_3675,cities_36_t_b0,cities_36_t_b1
cities,train,cities_82_t_b0_3676,cities_82_t_b0,cities_82_t_b1
cities,train,cities_594_t_b0_3677,cities_594_t_b0,cities_594_t_b1
cities,train,cities_318_t_b0_3678,cities_318_t_b0,cities_318_t_b1
cities,train,cities_507_t_b0_3679,cities_507_t_b0,cities_507_t_b1
cities,train,cities_238_t_b0_3680,cities_238_t_b0,cities_238_t_b1
cities,train,cities_193_t_b0_3681,cities_193_t_b0,cities_193_t_b1
cities,train,cities_257_t_b0_3682,cities_257_t_b0,cities_257_t_b1
cities,train,cities_598_f_b0_3683,cities_598_f_b0,cities_598_f_b1
cities,train,cities_86_f_b0_3684,cities_86_f_b0,cities_86_f_b1
cities,train,cities_488_f_b0_3685,cities_488_f_b0,cities_488_f_b1
cities,train,cities_314_f_b0_3686,cities_314_f_b0,cities_314_f_b1
cities,train,cities_99_t_b0_3687,cities_99_t_b0,cities_99_t_b1
cities,train,cities_533_t_b0_3688,cities_533_t_b0,cities_533_t_b1
cities,train,cities_527_t_b0_3689,cities_527_t_b0,cities_527_t_b1
cities,train,cities_221_f_b0_3690,cities_221_f_b0,cities_221_f_b1
cities,train,cities_732_t_b0_3691,cities_732_t_b0,cities_732_t_b1
cities,train,cities_49_f_b0_3692,cities_49_f_b0,cities_49_f_b1
cities,train,cities_544_t_b0_3693,cities_544_t_b0,cities_544_t_b1
cities,train,cities_747_f_b0_3694,cities_747_f_b0,cities_747_f_b1
cities,train,cities_299_f_b0_3695,cities_299_f_b0,cities_299_f_b1
cities,train,cities_406_f_b0_3696,cities_406_f_b0,cities_406_f_b1
cities,train,cities_556_f_b0_3697,cities_556_f_b0,cities_556_f_b1
cities,train,cities_345_f_b0_3698,cities_345_f_b0,cities_345_f_b1
cities,train,cities_673_f_b0_3699,cities_673_f_b0,cities_673_f_b1
cities,train,cities_447_f_b0_3700,cities_447_f_b0,cities_447_f_b1
cities,train,cities_307_t_b0_3701,cities_307_t_b0,cities_307_t_b1
cities,train,cities_247_f_b0_3702,cities_247_f_b0,cities_247_f_b1
cities,train,cities_349_t_b0_3703,cities_349_t_b0,cities_349_t_b1
cities,train,cities_425_t_b0_3704,cities_425_t_b0,cities_425_t_b1
cities,train,cities_679_t_b0_3705,cities_679_t_b0,cities_679_t_b1
cities,train,cities_226_t_b0_3706,cities_226_t_b0,cities_226_t_b1
cities,train,cities_297_f_b0_3707,cities_297_f_b0,cities_297_f_b1
cities,train,cities_490_t_b0_3708,cities_490_t_b0,cities_490_t_b1
cities,train,cities_355_f_b0_3709,cities_355_f_b0,cities_355_f_b1
cities,train,cities_710_f_b0_3710,cities_710_f_b0,cities_710_f_b1
cities,train,cities_242_f_b0_3711,cities_242_f_b0,cities_242_f_b1
cities,train,cities_144_f_b0_3712,cities_144_f_b0,cities_144_f_b1
cities,train,cities_214_f_b0_3713,cities_214_f_b0,cities_214_f_b1
cities,train,cities_578_t_b0_3714,cities_578_t_b0,cities_578_t_b1
cities,train,cities_198_f_b0_3715,cities_198_f_b0,cities_198_f_b1
cities,train,cities_708_t_b0_3716,cities_708_t_b0,cities_708_t_b1
cities,train,cities_303_t_b0_3717,cities_303_t_b0,cities_303_t_b1
cities,train,cities_363_t_b0_3718,cities_363_t_b0,cities_363_t_b1
cities,train,cities_231_t_b0_3719,cities_231_t_b0,cities_231_t_b1
cities,train,cities_446_t_b0_3720,cities_446_t_b0,cities_446_t_b1
cities,train,cities_368_f_b0_3721,cities_368_f_b0,cities_368_f_b1
cities,train,cities_689_f_b0_3722,cities_689_f_b0,cities_689_f_b1
cities,train,cities_456_t_b0_3723,cities_456_t_b0,cities_456_t_b1
cities,train,cities_210_f_b0_3724,cities_210_f_b0,cities_210_f_b1
cities,train,cities_712_t_b0_3725,cities_712_t_b0,cities_712_t_b1
cities,train,cities_174_t_b0_3726,cities_174_t_b0,cities_174_t_b1
cities,train,cities_202_f_b0_3727,cities_202_f_b0,cities_202_f_b1
cities,train,cities_65_t_b0_3728,cities_65_t_b0,cities_65_t_b1
cities,train,cities_622_f_b0_3729,cities_622_f_b0,cities_622_f_b1
cities,train,cities_450_f_b0_3730,cities_450_f_b0,cities_450_f_b1
cities,train,cities_91_f_b0_3731,cities_91_f_b0,cities_91_f_b1
cities,train,cities_217_f_b0_3732,cities_217_f_b0,cities_217_f_b1
cities,train,cities_459_f_b0_3733,cities_459_f_b0,cities_459_f_b1
cities,train,cities_661_t_b0_3734,cities_661_t_b0,cities_661_t_b1
cities,train,cities_538_t_b0_3735,cities_538_t_b0,cities_538_t_b1
cities,train,cities_74_f_b0_3736,cities_74_f_b0,cities_74_f_b1
cities,train,cities_744_t_b0_3737,cities_744_t_b0,cities_744_t_b1
cities,train,cities_327_f_b0_3738,cities_327_f_b0,cities_327_f_b1
cities,train,cities_45_t_b0_3739,cities_45_t_b0,cities_45_t_b1
cities,train,cities_106_f_b0_3740,cities_106_f_b0,cities_106_f_b1
cities,train,cities_262_t_b0_3741,cities_262_t_b0,cities_262_t_b1
cities,train,cities_429_t_b0_3742,cities_429_t_b0,cities_429_t_b1
cities,train,cities_685_t_b0_3743,cities_685_t_b0,cities_685_t_b1
cities,train,cities_701_f_b0_3744,cities_701_f_b0,cities_701_f_b1
cities,train,cities_585_f_b0_3745,cities_585_f_b0,cities_585_f_b1
cities,train,cities_319_t_b0_3746,cities_319_t_b0,cities_319_t_b1
cities,train,cities_725_t_b0_3747,cities_725_t_b0,cities_725_t_b1
cities,train,cities_34_t_b0_3748,cities_34_t_b0,cities_34_t_b1
cities,train,cities_182_t_b0_3749,cities_182_t_b0,cities_182_t_b1
cities,train,cities_357_f_b0_3750,cities_357_f_b0,cities_357_f_b1
cities,train,cities_478_t_b0_3751,cities_478_t_b0,cities_478_t_b1
cities,train,cities_442_t_b0_3752,cities_442_t_b0,cities_442_t_b1
cities,train,cities_611_t_b0_3753,cities_611_t_b0,cities_611_t_b1
cities,train,cities_467_t_b0_3754,cities_467_t_b0,cities_467_t_b1
cities,train,cities_634_f_b0_3755,cities_634_f_b0,cities_634_f_b1
cities,train,cities_111_f_b0_3756,cities_111_f_b0,cities_111_f_b1
cities,train,cities_453_t_b0_3757,cities_453_t_b0,cities_453_t_b1
cities,train,cities_68_f_b0_3758,cities_68_f_b0,cities_68_f_b1
cities,train,cities_501_t_b0_3759,cities_501_t_b0,cities_501_t_b1
cities,train,cities_672_t_b0_3760,cities_672_t_b0,cities_672_t_b1
cities,train,cities_383_f_b0_3761,cities_383_f_b0,cities_383_f_b1
cities,train,cities_739_f_b0_3762,cities_739_f_b0,cities_739_f_b1
cities,train,cities_235_t_b0_3763,cities_235_t_b0,cities_235_t_b1
cities,train,cities_711_t_b0_3764,cities_711_t_b0,cities_711_t_b1
cities,train,cities_686_f_b0_3765,cities_686_f_b0,cities_686_f_b1
cities,train,cities_424_t_b0_3766,cities_424_t_b0,cities_424_t_b1
cities,train,cities_129_t_b0_3767,cities_129_t_b0,cities_129_t_b1
cities,train,cities_473_f_b0_3768,cities_473_f_b0,cities_473_f_b1
cities,train,cities_434_t_b0_3769,cities_434_t_b0,cities_434_t_b1
cities,train,cities_18_t_b0_3770,cities_18_t_b0,cities_18_t_b1
cities,train,cities_723_t_b0_3771,cities_723_t_b0,cities_723_t_b1
cities,train,cities_335_f_b0_3772,cities_335_f_b0,cities_335_f_b1
cities,train,cities_722_t_b0_3773,cities_722_t_b0,cities_722_t_b1
cities,train,cities_525_t_b0_3774,cities_525_t_b0,cities_525_t_b1
cities,train,cities_741_f_b0_3775,cities_741_f_b0,cities_741_f_b1
cities,train,cities_125_f_b0_3776,cities_125_f_b0,cities_125_f_b1
cities,train,cities_523_f_b0_3777,cities_523_f_b0,cities_523_f_b1
cities,train,cities_627_f_b0_3778,cities_627_f_b0,cities_627_f_b1
cities,train,cities_583_t_b0_3779,cities_583_t_b0,cities_583_t_b1
cities,train,cities_734_f_b0_3780,cities_734_f_b0,cities_734_f_b1
cities,train,cities_118_f_b0_3781,cities_118_f_b0,cities_118_f_b1
cities,train,cities_180_t_b0_3782,cities_180_t_b0,cities_180_t_b1
cities,train,cities_142_f_b0_3783,cities_142_f_b0,cities_142_f_b1
cities,train,cities_688_f_b0_3784,cities_688_f_b0,cities_688_f_b1
cities,train,cities_146_t_b0_3785,cities_146_t_b0,cities_146_t_b1
cities,train,cities_569_f_b0_3786,cities_569_f_b0,cities_569_f_b1
cities,train,cities_13_t_b0_3787,cities_13_t_b0,cities_13_t_b1
cities,train,cities_495_f_b0_3788,cities_495_f_b0,cities_495_f_b1
cities,train,cities_607_t_b0_3789,cities_607_t_b0,cities_607_t_b1
cities,train,cities_687_f_b0_3790,cities_687_f_b0,cities_687_f_b1
cities,train,cities_191_t_b0_3791,cities_191_t_b0,cities_191_t_b1
cities,train,cities_218_t_b0_3792,cities_218_t_b0,cities_218_t_b1
cities,train,cities_582_f_b0_3793,cities_582_f_b0,cities_582_f_b1
cities,train,cities_601_f_b0_3794,cities_601_f_b0,cities_601_f_b1
cities,train,cities_710_t_b0_3795,cities_710_t_b0,cities_710_t_b1
cities,train,cities_509_t_b0_3796,cities_509_t_b0,cities_509_t_b1
cities,train,cities_526_t_b0_3797,cities_526_t_b0,cities_526_t_b1
cities,train,cities_498_t_b0_3798,cities_498_t_b0,cities_498_t_b1
cities,train,cities_562_t_b0_3799,cities_562_t_b0,cities_562_t_b1
cities,train,cities_599_t_b0_3800,cities_599_t_b0,cities_599_t_b1
cities,train,cities_515_t_b0_3801,cities_515_t_b0,cities_515_t_b1
cities,train,cities_45_f_b0_3802,cities_45_f_b0,cities_45_f_b1
cities,train,cities_505_f_b0_3803,cities_505_f_b0,cities_505_f_b1
cities,train,cities_208_t_b0_3804,cities_208_t_b0,cities_208_t_b1
cities,train,cities_99_f_b0_3805,cities_99_f_b0,cities_99_f_b1
cities,train,cities_201_t_b0_3806,cities_201_t_b0,cities_201_t_b1
cities,train,cities_34_f_b0_3807,cities_34_f_b0,cities_34_f_b1
cities,train,cities_230_t_b0_3808,cities_230_t_b0,cities_230_t_b1
cities,train,cities_491_f_b0_3809,cities_491_f_b0,cities_491_f_b1
cities,train,cities_167_f_b0_3810,cities_167_f_b0,cities_167_f_b1
cities,train,cities_306_t_b0_3811,cities_306_t_b0,cities_306_t_b1
cities,train,cities_28_t_b0_3812,cities_28_t_b0,cities_28_t_b1
cities,train,cities_619_t_b0_3813,cities_619_t_b0,cities_619_t_b1
cities,train,cities_219_t_b0_3814,cities_219_t_b0,cities_219_t_b1
cities,train,cities_200_t_b0_3815,cities_200_t_b0,cities_200_t_b1
cities,train,cities_110_t_b0_3816,cities_110_t_b0,cities_110_t_b1
cities,train,cities_24_f_b0_3817,cities_24_f_b0,cities_24_f_b1
cities,train,cities_642_t_b0_3818,cities_642_t_b0,cities_642_t_b1
cities,train,cities_58_f_b0_3819,cities_58_f_b0,cities_58_f_b1
cities,train,cities_391_t_b0_3820,cities_391_t_b0,cities_391_t_b1
cities,train,cities_391_f_b0_3821,cities_391_f_b0,cities_391_f_b1
cities,train,cities_733_f_b0_3822,cities_733_f_b0,cities_733_f_b1
cities,train,cities_321_t_b0_3823,cities_321_t_b0,cities_321_t_b1
cities,train,cities_745_t_b0_3824,cities_745_t_b0,cities_745_t_b1
cities,train,cities_512_f_b0_3825,cities_512_f_b0,cities_512_f_b1
cities,train,cities_190_f_b0_3826,cities_190_f_b0,cities_190_f_b1
cities,train,cities_467_f_b0_3827,cities_467_f_b0,cities_467_f_b1
cities,train,cities_675_t_b0_3828,cities_675_t_b0,cities_675_t_b1
cities,train,cities_707_f_b0_3829,cities_707_f_b0,cities_707_f_b1
cities,train,cities_238_f_b0_3830,cities_238_f_b0,cities_238_f_b1
cities,train,cities_593_t_b0_3831,cities_593_t_b0,cities_593_t_b1
cities,train,cities_1_t_b0_3832,cities_1_t_b0,cities_1_t_b1
cities,train,cities_362_t_b0_3833,cities_362_t_b0,cities_362_t_b1
cities,train,cities_312_t_b0_3834,cities_312_t_b0,cities_312_t_b1
cities,train,cities_27_t_b0_3835,cities_27_t_b0,cities_27_t_b1
cities,train,cities_295_f_b0_3836,cities_295_f_b0,cities_295_f_b1
cities,train,cities_232_t_b0_3837,cities_232_t_b0,cities_232_t_b1
cities,train,cities_626_t_b0_3838,cities_626_t_b0,cities_626_t_b1
cities,train,cities_183_t_b0_3839,cities_183_t_b0,cities_183_t_b1
cities,train,cities_228_f_b0_3840,cities_228_f_b0,cities_228_f_b1
cities,train,cities_23_f_b0_3841,cities_23_f_b0,cities_23_f_b1
cities,train,cities_204_f_b0_3842,cities_204_f_b0,cities_204_f_b1
cities,train,cities_377_f_b0_3843,cities_377_f_b0,cities_377_f_b1
cities,train,cities_479_f_b0_3844,cities_479_f_b0,cities_479_f_b1
cities,train,cities_172_f_b0_3845,cities_172_f_b0,cities_172_f_b1
cities,train,cities_265_f_b0_3846,cities_265_f_b0,cities_265_f_b1
cities,train,cities_627_t_b0_3847,cities_627_t_b0,cities_627_t_b1
cities,train,cities_571_t_b0_3848,cities_571_t_b0,cities_571_t_b1
cities,train,cities_24_t_b0_3849,cities_24_t_b0,cities_24_t_b1
cities,train,cities_286_t_b0_3850,cities_286_t_b0,cities_286_t_b1
cities,train,cities_48_f_b0_3851,cities_48_f_b0,cities_48_f_b1
cities,train,cities_122_f_b0_3852,cities_122_f_b0,cities_122_f_b1
cities,train,cities_524_f_b0_3853,cities_524_f_b0,cities_524_f_b1
cities,train,cities_269_f_b0_3854,cities_269_f_b0,cities_269_f_b1
cities,train,cities_63_t_b0_3855,cities_63_t_b0,cities_63_t_b1
cities,train,cities_234_t_b0_3856,cities_234_t_b0,cities_234_t_b1
cities,train,cities_418_f_b0_3857,cities_418_f_b0,cities_418_f_b1
cities,train,cities_148_f_b0_3858,cities_148_f_b0,cities_148_f_b1
cities,train,cities_476_t_b0_3859,cities_476_t_b0,cities_476_t_b1
cities,train,cities_10_f_b0_3860,cities_10_f_b0,cities_10_f_b1
cities,train,cities_295_t_b0_3861,cities_295_t_b0,cities_295_t_b1
cities,train,cities_100_f_b0_3862,cities_100_f_b0,cities_100_f_b1
cities,train,cities_332_f_b0_3863,cities_332_f_b0,cities_332_f_b1
cities,train,cities_33_f_b0_3864,cities_33_f_b0,cities_33_f_b1
cities,train,cities_168_f_b0_3865,cities_168_f_b0,cities_168_f_b1
cities,train,cities_530_f_b0_3866,cities_530_f_b0,cities_530_f_b1
cities,train,cities_241_t_b0_3867,cities_241_t_b0,cities_241_t_b1
cities,train,cities_38_f_b0_3868,cities_38_f_b0,cities_38_f_b1
cities,train,cities_91_t_b0_3869,cities_91_t_b0,cities_91_t_b1
cities,train,cities_257_f_b0_3870,cities_257_f_b0,cities_257_f_b1
cities,train,cities_596_t_b0_3871,cities_596_t_b0,cities_596_t_b1
cities,train,cities_222_t_b0_3872,cities_222_t_b0,cities_222_t_b1
cities,train,cities_192_f_b0_3873,cities_192_f_b0,cities_192_f_b1
cities,train,cities_740_t_b0_3874,cities_740_t_b0,cities_740_t_b1
cities,train,cities_216_f_b0_3875,cities_216_f_b0,cities_216_f_b1
cities,train,cities_449_f_b0_3876,cities_449_f_b0,cities_449_f_b1
cities,train,cities_246_f_b0_3877,cities_246_f_b0,cities_246_f_b1
cities,train,cities_309_f_b0_3878,cities_309_f_b0,cities_309_f_b1
cities,train,cities_382_f_b0_3879,cities_382_f_b0,cities_382_f_b1
cities,train,cities_336_t_b0_3880,cities_336_t_b0,cities_336_t_b1
cities,train,cities_239_t_b0_3881,cities_239_t_b0,cities_239_t_b1
cities,train,cities_12_f_b0_3882,cities_12_f_b0,cities_12_f_b1
cities,train,cities_304_t_b0_3883,cities_304_t_b0,cities_304_t_b1
cities,train,cities_356_f_b0_3884,cities_356_f_b0,cities_356_f_b1
cities,train,cities_553_f_b0_3885,cities_553_f_b0,cities_553_f_b1
cities,train,cities_377_t_b0_3886,cities_377_t_b0,cities_377_t_b1
cities,train,cities_324_t_b0_3887,cities_324_t_b0,cities_324_t_b1
cities,train,cities_65_f_b0_3888,cities_65_f_b0,cities_65_f_b1
cities,train,cities_122_t_b0_3889,cities_122_t_b0,cities_122_t_b1
cities,train,cities_704_t_b0_3890,cities_704_t_b0,cities_704_t_b1
cities,train,cities_90_t_b0_3891,cities_90_t_b0,cities_90_t_b1
cities,train,cities_458_f_b0_3892,cities_458_f_b0,cities_458_f_b1
cities,train,cities_256_f_b0_3893,cities_256_f_b0,cities_256_f_b1
cities,train,cities_117_t_b0_3894,cities_117_t_b0,cities_117_t_b1
cities,train,cities_663_t_b0_3895,cities_663_t_b0,cities_663_t_b1
cities,train,cities_97_f_b0_3896,cities_97_f_b0,cities_97_f_b1
cities,train,cities_684_t_b0_3897,cities_684_t_b0,cities_684_t_b1
cities,train,cities_696_t_b0_3898,cities_696_t_b0,cities_696_t_b1
cities,train,cities_8_f_b0_3899,cities_8_f_b0,cities_8_f_b1
cities,train,cities_383_t_b0_3900,cities_383_t_b0,cities_383_t_b1
cities,train,cities_393_f_b0_3901,cities_393_f_b0,cities_393_f_b1
cities,train,cities_717_t_b0_3902,cities_717_t_b0,cities_717_t_b1
cities,train,cities_503_t_b0_3903,cities_503_t_b0,cities_503_t_b1
cities,train,cities_632_t_b0_3904,cities_632_t_b0,cities_632_t_b1
cities,train,cities_62_t_b0_3905,cities_62_t_b0,cities_62_t_b1
cities,train,cities_60_t_b0_3906,cities_60_t_b0,cities_60_t_b1
cities,train,cities_581_t_b0_3907,cities_581_t_b0,cities_581_t_b1
cities,train,cities_126_f_b0_3908,cities_126_f_b0,cities_126_f_b1
cities,train,cities_643_t_b0_3909,cities_643_t_b0,cities_643_t_b1
cities,train,cities_134_f_b0_3910,cities_134_f_b0,cities_134_f_b1
cities,train,cities_720_f_b0_3911,cities_720_f_b0,cities_720_f_b1
cities,train,cities_606_f_b0_3912,cities_606_f_b0,cities_606_f_b1
cities,train,cities_301_f_b0_3913,cities_301_f_b0,cities_301_f_b1
cities,train,cities_305_f_b0_3914,cities_305_f_b0,cities_305_f_b1
cities,train,cities_338_t_b0_3915,cities_338_t_b0,cities_338_t_b1
cities,train,cities_55_f_b0_3916,cities_55_f_b0,cities_55_f_b1
cities,train,cities_514_f_b0_3917,cities_514_f_b0,cities_514_f_b1
cities,train,cities_248_f_b0_3918,cities_248_f_b0,cities_248_f_b1
cities,train,cities_576_t_b0_3919,cities_576_t_b0,cities_576_t_b1
cities,train,cities_630_t_b0_3920,cities_630_t_b0,cities_630_t_b1
cities,train,cities_177_t_b0_3921,cities_177_t_b0,cities_177_t_b1
cities,train,cities_629_f_b0_3922,cities_629_f_b0,cities_629_f_b1
cities,train,cities_721_f_b0_3923,cities_721_f_b0,cities_721_f_b1
cities,train,cities_80_t_b0_3924,cities_80_t_b0,cities_80_t_b1
cities,train,cities_175_t_b0_3925,cities_175_t_b0,cities_175_t_b1
cities,train,cities_322_t_b0_3926,cities_322_t_b0,cities_322_t_b1
cities,train,cities_696_f_b0_3927,cities_696_f_b0,cities_696_f_b1
cities,train,cities_337_t_b0_3928,cities_337_t_b0,cities_337_t_b1
cities,train,cities_358_f_b0_3929,cities_358_f_b0,cities_358_f_b1
cities,train,cities_396_t_b0_3930,cities_396_t_b0,cities_396_t_b1
cities,train,cities_84_t_b0_3931,cities_84_t_b0,cities_84_t_b1
cities,train,cities_410_t_b0_3932,cities_410_t_b0,cities_410_t_b1
cities,train,cities_730_t_b0_3933,cities_730_t_b0,cities_730_t_b1
cities,train,cities_54_t_b0_3934,cities_54_t_b0,cities_54_t_b1
cities,train,cities_18_f_b0_3935,cities_18_f_b0,cities_18_f_b1
cities,train,cities_333_f_b0_3936,cities_333_f_b0,cities_333_f_b1
cities,train,cities_291_t_b0_3937,cities_291_t_b0,cities_291_t_b1
cities,train,cities_727_f_b0_3938,cities_727_f_b0,cities_727_f_b1
cities,train,cities_484_t_b0_3939,cities_484_t_b0,cities_484_t_b1
cities,train,cities_397_t_b0_3940,cities_397_t_b0,cities_397_t_b1
cities,train,cities_437_f_b0_3941,cities_437_f_b0,cities_437_f_b1
cities,train,cities_57_t_b0_3942,cities_57_t_b0,cities_57_t_b1
cities,train,cities_285_t_b0_3943,cities_285_t_b0,cities_285_t_b1
cities,train,cities_15_f_b0_3944,cities_15_f_b0,cities_15_f_b1
cities,train,cities_280_f_b0_3945,cities_280_f_b0,cities_280_f_b1
cities,train,cities_72_t_b0_3946,cities_72_t_b0,cities_72_t_b1
cities,train,cities_97_t_b0_3947,cities_97_t_b0,cities_97_t_b1
cities,train,cities_274_t_b0_3948,cities_274_t_b0,cities_274_t_b1
cities,train,cities_462_f_b0_3949,cities_462_f_b0,cities_462_f_b1
cities,train,cities_421_f_b0_3950,cities_421_f_b0,cities_421_f_b1
cities,train,cities_591_t_b0_3951,cities_591_t_b0,cities_591_t_b1
cities,train,cities_414_f_b0_3952,cities_414_f_b0,cities_414_f_b1
cities,train,cities_388_t_b0_3953,cities_388_t_b0,cities_388_t_b1
cities,train,cities_118_t_b0_3954,cities_118_t_b0,cities_118_t_b1
cities,train,cities_101_f_b0_3955,cities_101_f_b0,cities_101_f_b1
cities,train,cities_499_t_b0_3956,cities_499_t_b0,cities_499_t_b1
cities,train,cities_100_t_b0_3957,cities_100_t_b0,cities_100_t_b1
cities,train,cities_2_f_b0_3958,cities_2_f_b0,cities_2_f_b1
cities,train,cities_168_t_b0_3959,cities_168_t_b0,cities_168_t_b1
cities,train,cities_42_t_b0_3960,cities_42_t_b0,cities_42_t_b1
cities,train,cities_220_t_b0_3961,cities_220_t_b0,cities_220_t_b1
cities,train,cities_79_t_b0_3962,cities_79_t_b0,cities_79_t_b1
cities,train,cities_140_f_b0_3963,cities_140_f_b0,cities_140_f_b1
cities,train,cities_94_f_b0_3964,cities_94_f_b0,cities_94_f_b1
cities,train,cities_562_f_b0_3965,cities_562_f_b0,cities_562_f_b1
cities,train,cities_32_t_b0_3966,cities_32_t_b0,cities_32_t_b1
cities,train,cities_237_t_b0_3967,cities_237_t_b0,cities_237_t_b1
cities,train,cities_321_f_b0_3968,cities_321_f_b0,cities_321_f_b1
cities,train,cities_632_f_b0_3969,cities_632_f_b0,cities_632_f_b1
cities,train,cities_14_t_b0_3970,cities_14_t_b0,cities_14_t_b1
cities,train,cities_454_f_b0_3971,cities_454_f_b0,cities_454_f_b1
cities,train,cities_469_f_b0_3972,cities_469_f_b0,cities_469_f_b1
cities,train,cities_323_t_b0_3973,cities_323_t_b0,cities_323_t_b1
cities,train,cities_305_t_b0_3974,cities_305_t_b0,cities_305_t_b1
cities,train,cities_19_t_b0_3975,cities_19_t_b0,cities_19_t_b1
cities,train,cities_540_t_b0_3976,cities_540_t_b0,cities_540_t_b1
cities,train,cities_37_t_b0_3977,cities_37_t_b0,cities_37_t_b1
cities,train,cities_245_f_b0_3978,cities_245_f_b0,cities_245_f_b1
cities,train,cities_529_f_b0_3979,cities_529_f_b0,cities_529_f_b1
cities,train,cities_310_t_b0_3980,cities_310_t_b0,cities_310_t_b1
cities,train,cities_660_t_b0_3981,cities_660_t_b0,cities_660_t_b1
cities,train,cities_572_f_b0_3982,cities_572_f_b0,cities_572_f_b1
cities,train,cities_342_t_b0_3983,cities_342_t_b0,cities_342_t_b1
cities,train,cities_547_f_b0_3984,cities_547_f_b0,cities_547_f_b1
cities,train,cities_250_t_b0_3985,cities_250_t_b0,cities_250_t_b1
cities,train,cities_387_t_b0_3986,cities_387_t_b0,cities_387_t_b1
cities,train,cities_611_f_b0_3987,cities_611_f_b0,cities_611_f_b1
cities,train,cities_249_t_b0_3988,cities_249_t_b0,cities_249_t_b1
cities,train,cities_628_f_b0_3989,cities_628_f_b0,cities_628_f_b1
cities,train,cities_474_f_b0_3990,cities_474_f_b0,cities_474_f_b1
cities,train,cities_534_f_b0_3991,cities_534_f_b0,cities_534_f_b1
cities,train,cities_20_t_b0_3992,cities_20_t_b0,cities_20_t_b1
cities,train,cities_300_t_b0_3993,cities_300_t_b0,cities_300_t_b1
cities,train,cities_93_t_b0_3994,cities_93_t_b0,cities_93_t_b1
cities,train,cities_416_t_b0_3995,cities_416_t_b0,cities_416_t_b1
cities,train,cities_277_f_b0_3996,cities_277_f_b0,cities_277_f_b1
cities,train,cities_181_f_b0_3997,cities_181_f_b0,cities_181_f_b1
cities,train,cities_312_f_b0_3998,cities_312_f_b0,cities_312_f_b1
cities,train,cities_707_t_b0_3999,cities_707_t_b0,cities_707_t_b1
cities,eval,cities_553_t_b0_4000,cities_553_t_b0,cities_553_t_b1
cities,eval,cities_641_f_b0_4001,cities_641_f_b0,cities_641_f_b1
cities,eval,cities_374_f_b0_4002,cities_374_f_b0,cities_374_f_b1
cities,eval,cities_524_t_b0_4003,cities_524_t_b0,cities_524_t_b1
cities,eval,cities_677_f_b0_4004,cities_677_f_b0,cities_677_f_b1
cities,eval,cities_590_f_b0_4005,cities_590_f_b0,cities_590_f_b1
cities,eval,cities_452_t_b0_4006,cities_452_t_b0,cities_452_t_b1
cities,eval,cities_597_f_b0_4007,cities_597_f_b0,cities_597_f_b1
cities,eval,cities_137_t_b0_4008,cities_137_t_b0,cities_137_t_b1
cities,eval,cities_162_f_b0_4009,cities_162_f_b0,cities_162_f_b1
cities,eval,cities_161_f_b0_4010,cities_161_f_b0,cities_161_f_b1
cities,eval,cities_298_f_b0_4011,cities_298_f_b0,cities_298_f_b1
cities,eval,cities_567_t_b0_4012,cities_567_t_b0,cities_567_t_b1
cities,eval,cities_209_t_b0_4013,cities_209_t_b0,cities_209_t_b1
cities,eval,cities_164_f_b0_4014,cities_164_f_b0,cities_164_f_b1
cities,eval,cities_159_f_b0_4015,cities_159_f_b0,cities_159_f_b1
cities,eval,cities_427_t_b0_4016,cities_427_t_b0,cities_427_t_b1
cities,eval,cities_104_t_b0_4017,cities_104_t_b0,cities_104_t_b1
cities,eval,cities_636_t_b0_4018,cities_636_t_b0,cities_636_t_b1
cities,eval,cities_141_t_b0_4019,cities_141_t_b0,cities_141_t_b1
cities,eval,cities_300_f_b0_4020,cities_300_f_b0,cities_300_f_b1
cities,eval,cities_140_t_b0_4021,cities_140_t_b0,cities_140_t_b1
cities,eval,cities_213_f_b0_4022,cities_213_f_b0,cities_213_f_b1
cities,eval,cities_674_t_b0_4023,cities_674_t_b0,cities_674_t_b1
cities,eval,cities_428_f_b0_4024,cities_428_f_b0,cities_428_f_b1
cities,eval,cities_451_f_b0_4025,cities_451_f_b0,cities_451_f_b1
cities,eval,cities_4_t_b0_4026,cities_4_t_b0,cities_4_t_b1
cities,eval,cities_134_t_b0_4027,cities_134_t_b0,cities_134_t_b1
cities,eval,cities_676_f_b0_4028,cities_676_f_b0,cities_676_f_b1
cities,eval,cities_448_f_b0_4029,cities_448_f_b0,cities_448_f_b1
cities,eval,cities_294_f_b0_4030,cities_294_f_b0,cities_294_f_b1
cities,eval,cities_528_f_b0_4031,cities_528_f_b0,cities_528_f_b1
cities,eval,cities_147_t_b0_4032,cities_147_t_b0,cities_147_t_b1
cities,eval,cities_642_f_b0_4033,cities_642_f_b0,cities_642_f_b1
cities,eval,cities_211_f_b0_4034,cities_211_f_b0,cities_211_f_b1
cities,eval,cities_444_t_b0_4035,cities_444_t_b0,cities_444_t_b1
cities,eval,cities_171_t_b0_4036,cities_171_t_b0,cities_171_t_b1
cities,eval,cities_170_t_b0_4037,cities_170_t_b0,cities_170_t_b1
cities,eval,cities_737_t_b0_4038,cities_737_t_b0,cities_737_t_b1
cities,eval,cities_737_f_b0_4039,cities_737_f_b0,cities_737_f_b1
cities,eval,cities_351_t_b0_4040,cities_351_t_b0,cities_351_t_b1
cities,eval,cities_313_f_b0_4041,cities_313_f_b0,cities_313_f_b1
cities,eval,cities_21_t_b0_4042,cities_21_t_b0,cities_21_t_b1
cities,eval,cities_645_t_b0_4043,cities_645_t_b0,cities_645_t_b1
cities,eval,cities_53_t_b0_4044,cities_53_t_b0,cities_53_t_b1
cities,eval,cities_433_t_b0_4045,cities_433_t_b0,cities_433_t_b1
cities,eval,cities_166_t_b0_4046,cities_166_t_b0,cities_166_t_b1
cities,eval,cities_11_f_b0_4047,cities_11_f_b0,cities_11_f_b1
cities,eval,cities_575_t_b0_4048,cities_575_t_b0,cities_575_t_b1
cities,eval,cities_240_t_b0_4049,cities_240_t_b0,cities_240_t_b1
cities,eval,cities_475_t_b0_4050,cities_475_t_b0,cities_475_t_b1
cities,eval,cities_396_f_b0_4051,cities_396_f_b0,cities_396_f_b1
cities,eval,cities_149_f_b0_4052,cities_149_f_b0,cities_149_f_b1
cities,eval,cities_336_f_b0_4053,cities_336_f_b0,cities_336_f_b1
cities,eval,cities_261_f_b0_4054,cities_261_f_b0,cities_261_f_b1
cities,eval,cities_665_t_b0_4055,cities_665_t_b0,cities_665_t_b1
cities,eval,cities_453_f_b0_4056,cities_453_f_b0,cities_453_f_b1
cities,eval,cities_646_f_b0_4057,cities_646_f_b0,cities_646_f_b1
cities,eval,cities_549_t_b0_4058,cities_549_t_b0,cities_549_t_b1
cities,eval,cities_186_f_b0_4059,cities_186_f_b0,cities_186_f_b1
cities,eval,cities_599_f_b0_4060,cities_599_f_b0,cities_599_f_b1
cities,eval,cities_115_f_b0_4061,cities_115_f_b0,cities_115_f_b1
cities,eval,cities_258_t_b0_4062,cities_258_t_b0,cities_258_t_b1
cities,eval,cities_439_t_b0_4063,cities_439_t_b0,cities_439_t_b1
cities,eval,cities_207_f_b0_4064,cities_207_f_b0,cities_207_f_b1
cities,eval,cities_538_f_b0_4065,cities_538_f_b0,cities_538_f_b1
cities,eval,cities_71_t_b0_4066,cities_71_t_b0,cities_71_t_b1
cities,eval,cities_587_t_b0_4067,cities_587_t_b0,cities_587_t_b1
cities,eval,cities_46_t_b0_4068,cities_46_t_b0,cities_46_t_b1
cities,eval,cities_600_f_b0_4069,cities_600_f_b0,cities_600_f_b1
cities,eval,cities_415_t_b0_4070,cities_415_t_b0,cities_415_t_b1
cities,eval,cities_589_f_b0_4071,cities_589_f_b0,cities_589_f_b1
cities,eval,cities_610_t_b0_4072,cities_610_t_b0,cities_610_t_b1
cities,eval,cities_655_t_b0_4073,cities_655_t_b0,cities_655_t_b1
cities,eval,cities_423_f_b0_4074,cities_423_f_b0,cities_423_f_b1
cities,eval,cities_187_f_b0_4075,cities_187_f_b0,cities_187_f_b1
cities,eval,cities_253_t_b0_4076,cities_253_t_b0,cities_253_t_b1
cities,eval,cities_487_t_b0_4077,cities_487_t_b0,cities_487_t_b1
cities,eval,cities_489_t_b0_4078,cities_489_t_b0,cities_489_t_b1
cities,eval,cities_296_f_b0_4079,cities_296_f_b0,cities_296_f_b1
cities,eval,cities_371_t_b0_4080,cities_371_t_b0,cities_371_t_b1
cities,eval,cities_574_t_b0_4081,cities_574_t_b0,cities_574_t_b1
cities,eval,cities_399_f_b0_4082,cities_399_f_b0,cities_399_f_b1
cities,eval,cities_119_t_b0_4083,cities_119_t_b0,cities_119_t_b1
cities,eval,cities_552_t_b0_4084,cities_552_t_b0,cities_552_t_b1
cities,eval,cities_43_f_b0_4085,cities_43_f_b0,cities_43_f_b1
cities,eval,cities_738_t_b0_4086,cities_738_t_b0,cities_738_t_b1
cities,eval,cities_525_f_b0_4087,cities_525_f_b0,cities_525_f_b1
cities,eval,cities_735_f_b0_4088,cities_735_f_b0,cities_735_f_b1
cities,eval,cities_419_t_b0_4089,cities_419_t_b0,cities_419_t_b1
cities,eval,cities_179_t_b0_4090,cities_179_t_b0,cities_179_t_b1
cities,eval,cities_395_f_b0_4091,cities_395_f_b0,cities_395_f_b1
cities,eval,cities_674_f_b0_4092,cities_674_f_b0,cities_674_f_b1
cities,eval,cities_372_t_b0_4093,cities_372_t_b0,cities_372_t_b1
cities,eval,cities_659_t_b0_4094,cities_659_t_b0,cities_659_t_b1
cities,eval,cities_613_f_b0_4095,cities_613_f_b0,cities_613_f_b1
cities,eval,cities_703_f_b0_4096,cities_703_f_b0,cities_703_f_b1
cities,eval,cities_682_t_b0_4097,cities_682_t_b0,cities_682_t_b1
cities,eval,cities_96_f_b0_4098,cities_96_f_b0,cities_96_f_b1
cities,eval,cities_218_f_b0_4099,cities_218_f_b0,cities_218_f_b1
cities,eval,cities_50_t_b0_4100,cities_50_t_b0,cities_50_t_b1
cities,eval,cities_320_f_b0_4101,cities_320_f_b0,cities_320_f_b1
cities,eval,cities_48_t_b0_4102,cities_48_t_b0,cities_48_t_b1
cities,eval,cities_276_t_b0_4103,cities_276_t_b0,cities_276_t_b1
cities,eval,cities_542_f_b0_4104,cities_542_f_b0,cities_542_f_b1
cities,eval,cities_740_f_b0_4105,cities_740_f_b0,cities_740_f_b1
cities,eval,cities_46_f_b0_4106,cities_46_f_b0,cities_46_f_b1
cities,eval,cities_111_t_b0_4107,cities_111_t_b0,cities_111_t_b1
cities,eval,cities_152_t_b0_4108,cities_152_t_b0,cities_152_t_b1
cities,eval,cities_40_f_b0_4109,cities_40_f_b0,cities_40_f_b1
cities,eval,cities_138_f_b0_4110,cities_138_f_b0,cities_138_f_b1
cities,eval,cities_81_t_b0_4111,cities_81_t_b0,cities_81_t_b1
cities,eval,cities_594_f_b0_4112,cities_594_f_b0,cities_594_f_b1
cities,eval,cities_94_t_b0_4113,cities_94_t_b0,cities_94_t_b1
cities,eval,cities_564_f_b0_4114,cities_564_f_b0,cities_564_f_b1
cities,eval,cities_160_f_b0_4115,cities_160_f_b0,cities_160_f_b1
cities,eval,cities_328_f_b0_4116,cities_328_f_b0,cities_328_f_b1
cities,eval,cities_435_t_b0_4117,cities_435_t_b0,cities_435_t_b1
cities,eval,cities_23_t_b0_4118,cities_23_t_b0,cities_23_t_b1
cities,eval,cities_500_t_b0_4119,cities_500_t_b0,cities_500_t_b1
cities,eval,cities_666_f_b0_4120,cities_666_f_b0,cities_666_f_b1
cities,eval,cities_551_f_b0_4121,cities_551_f_b0,cities_551_f_b1
cities,eval,cities_384_f_b0_4122,cities_384_f_b0,cities_384_f_b1
cities,eval,cities_543_f_b0_4123,cities_543_f_b0,cities_543_f_b1
cities,eval,cities_216_t_b0_4124,cities_216_t_b0,cities_216_t_b1
cities,eval,cities_456_f_b0_4125,cities_456_f_b0,cities_456_f_b1
cities,eval,cities_52_f_b0_4126,cities_52_f_b0,cities_52_f_b1
cities,eval,cities_198_t_b0_4127,cities_198_t_b0,cities_198_t_b1
cities,eval,cities_278_f_b0_4128,cities_278_f_b0,cities_278_f_b1
cities,eval,cities_176_t_b0_4129,cities_176_t_b0,cities_176_t_b1
cities,eval,cities_612_t_b0_4130,cities_612_t_b0,cities_612_t_b1
cities,eval,cities_656_t_b0_4131,cities_656_t_b0,cities_656_t_b1
cities,eval,cities_667_f_b0_4132,cities_667_f_b0,cities_667_f_b1
cities,eval,cities_27_f_b0_4133,cities_27_f_b0,cities_27_f_b1
cities,eval,cities_559_t_b0_4134,cities_559_t_b0,cities_559_t_b1
cities,eval,cities_699_f_b0_4135,cities_699_f_b0,cities_699_f_b1
cities,eval,cities_558_f_b0_4136,cities_558_f_b0,cities_558_f_b1
cities,eval,cities_537_f_b0_4137,cities_537_f_b0,cities_537_f_b1
cities,eval,cities_623_t_b0_4138,cities_623_t_b0,cities_623_t_b1
cities,eval,cities_494_f_b0_4139,cities_494_f_b0,cities_494_f_b1
cities,eval,cities_291_f_b0_4140,cities_291_f_b0,cities_291_f_b1
cities,eval,cities_324_f_b0_4141,cities_324_f_b0,cities_324_f_b1
cities,eval,cities_635_f_b0_4142,cities_635_f_b0,cities_635_f_b1
cities,eval,cities_692_t_b0_4143,cities_692_t_b0,cities_692_t_b1
cities,eval,cities_314_t_b0_4144,cities_314_t_b0,cities_314_t_b1
cities,eval,cities_518_f_b0_4145,cities_518_f_b0,cities_518_f_b1
cities,eval,cities_380_f_b0_4146,cities_380_f_b0,cities_380_f_b1
cities,eval,cities_239_f_b0_4147,cities_239_f_b0,cities_239_f_b1
cities,eval,cities_197_f_b0_4148,cities_197_f_b0,cities_197_f_b1
cities,eval,cities_110_f_b0_4149,cities_110_f_b0,cities_110_f_b1
cities,eval,cities_194_f_b0_4150,cities_194_f_b0,cities_194_f_b1
cities,eval,cities_657_t_b0_4151,cities_657_t_b0,cities_657_t_b1
cities,eval,cities_614_t_b0_4152,cities_614_t_b0,cities_614_t_b1
cities,eval,cities_195_f_b0_4153,cities_195_f_b0,cities_195_f_b1
cities,eval,cities_478_f_b0_4154,cities_478_f_b0,cities_478_f_b1
cities,eval,cities_706_t_b0_4155,cities_706_t_b0,cities_706_t_b1
cities,eval,cities_105_t_b0_4156,cities_105_t_b0,cities_105_t_b1
cities,eval,cities_703_t_b0_4157,cities_703_t_b0,cities_703_t_b1
cities,eval,cities_316_f_b0_4158,cities_316_f_b0,cities_316_f_b1
cities,eval,cities_665_f_b0_4159,cities_665_f_b0,cities_665_f_b1
cities,eval,cities_393_t_b0_4160,cities_393_t_b0,cities_393_t_b1
cities,eval,cities_714_f_b0_4161,cities_714_f_b0,cities_714_f_b1
cities,eval,cities_438_f_b0_4162,cities_438_f_b0,cities_438_f_b1
cities,eval,cities_527_f_b0_4163,cities_527_f_b0,cities_527_f_b1
cities,eval,cities_278_t_b0_4164,cities_278_t_b0,cities_278_t_b1
cities,eval,cities_252_f_b0_4165,cities_252_f_b0,cities_252_f_b1
cities,eval,cities_194_t_b0_4166,cities_194_t_b0,cities_194_t_b1
cities,eval,cities_329_f_b0_4167,cities_329_f_b0,cities_329_f_b1
cities,eval,cities_472_f_b0_4168,cities_472_f_b0,cities_472_f_b1
cities,eval,cities_156_f_b0_4169,cities_156_f_b0,cities_156_f_b1
cities,eval,cities_446_f_b0_4170,cities_446_f_b0,cities_446_f_b1
cities,eval,cities_212_f_b0_4171,cities_212_f_b0,cities_212_f_b1
cities,eval,cities_222_f_b0_4172,cities_222_f_b0,cities_222_f_b1
cities,eval,cities_172_t_b0_4173,cities_172_t_b0,cities_172_t_b1
cities,eval,cities_567_f_b0_4174,cities_567_f_b0,cities_567_f_b1
cities,eval,cities_88_f_b0_4175,cities_88_f_b0,cities_88_f_b1
cities,eval,cities_648_f_b0_4176,cities_648_f_b0,cities_648_f_b1
cities,eval,cities_556_t_b0_4177,cities_556_t_b0,cities_556_t_b1
cities,eval,cities_167_t_b0_4178,cities_167_t_b0,cities_167_t_b1
cities,eval,cities_623_f_b0_4179,cities_623_f_b0,cities_623_f_b1
cities,eval,cities_70_f_b0_4180,cities_70_f_b0,cities_70_f_b1
cities,eval,cities_498_f_b0_4181,cities_498_f_b0,cities_498_f_b1
cities,eval,cities_214_t_b0_4182,cities_214_t_b0,cities_214_t_b1
cities,eval,cities_481_t_b0_4183,cities_481_t_b0,cities_481_t_b1
cities,eval,cities_205_t_b0_4184,cities_205_t_b0,cities_205_t_b1
cities,eval,cities_669_f_b0_4185,cities_669_f_b0,cities_669_f_b1
cities,eval,cities_69_t_b0_4186,cities_69_t_b0,cities_69_t_b1
cities,eval,cities_638_t_b0_4187,cities_638_t_b0,cities_638_t_b1
cities,eval,cities_519_t_b0_4188,cities_519_t_b0,cities_519_t_b1
cities,eval,cities_290_t_b0_4189,cities_290_t_b0,cities_290_t_b1
cities,eval,cities_31_f_b0_4190,cities_31_f_b0,cities_31_f_b1
cities,eval,cities_429_f_b0_4191,cities_429_f_b0,cities_429_f_b1
cities,eval,cities_152_f_b0_4192,cities_152_f_b0,cities_152_f_b1
cities,eval,cities_510_f_b0_4193,cities_510_f_b0,cities_510_f_b1
cities,eval,cities_657_f_b0_4194,cities_657_f_b0,cities_657_f_b1
cities,eval,cities_271_f_b0_4195,cities_271_f_b0,cities_271_f_b1
cities,eval,cities_283_t_b0_4196,cities_283_t_b0,cities_283_t_b1
cities,eval,cities_330_t_b0_4197,cities_330_t_b0,cities_330_t_b1
cities,eval,cities_489_f_b0_4198,cities_489_f_b0,cities_489_f_b1
cities,eval,cities_483_t_b0_4199,cities_483_t_b0,cities_483_t_b1
cities,eval,cities_68_t_b0_4200,cities_68_t_b0,cities_68_t_b1
cities,eval,cities_157_t_b0_4201,cities_157_t_b0,cities_157_t_b1
cities,eval,cities_183_f_b0_4202,cities_183_f_b0,cities_183_f_b1
cities,eval,cities_552_f_b0_4203,cities_552_f_b0,cities_552_f_b1
cities,eval,cities_668_t_b0_4204,cities_668_t_b0,cities_668_t_b1
cities,eval,cities_234_f_b0_4205,cities_234_f_b0,cities_234_f_b1
cities,eval,cities_265_t_b0_4206,cities_265_t_b0,cities_265_t_b1
cities,eval,cities_464_f_b0_4207,cities_464_f_b0,cities_464_f_b1
cities,eval,cities_667_t_b0_4208,cities_667_t_b0,cities_667_t_b1
cities,eval,cities_554_t_b0_4209,cities_554_t_b0,cities_554_t_b1
cities,eval,cities_590_t_b0_4210,cities_590_t_b0,cities_590_t_b1
cities,eval,cities_224_f_b0_4211,cities_224_f_b0,cities_224_f_b1
cities,eval,cities_401_f_b0_4212,cities_401_f_b0,cities_401_f_b1
cities,eval,cities_347_t_b0_4213,cities_347_t_b0,cities_347_t_b1
cities,eval,cities_44_f_b0_4214,cities_44_f_b0,cities_44_f_b1
cities,eval,cities_163_t_b0_4215,cities_163_t_b0,cities_163_t_b1
cities,eval,cities_47_t_b0_4216,cities_47_t_b0,cities_47_t_b1
cities,eval,cities_251_t_b0_4217,cities_251_t_b0,cities_251_t_b1
cities,eval,cities_16_t_b0_4218,cities_16_t_b0,cities_16_t_b1
cities,eval,cities_6_f_b0_4219,cities_6_f_b0,cities_6_f_b1
cities,eval,cities_644_t_b0_4220,cities_644_t_b0,cities_644_t_b1
cities,eval,cities_83_f_b0_4221,cities_83_f_b0,cities_83_f_b1
cities,eval,cities_269_t_b0_4222,cities_269_t_b0,cities_269_t_b1
cities,eval,cities_504_f_b0_4223,cities_504_f_b0,cities_504_f_b1
cities,eval,cities_631_t_b0_4224,cities_631_t_b0,cities_631_t_b1
cities,eval,cities_9_f_b0_4225,cities_9_f_b0,cities_9_f_b1
cities,eval,cities_409_f_b0_4226,cities_409_f_b0,cities_409_f_b1
cities,eval,cities_332_t_b0_4227,cities_332_t_b0,cities_332_t_b1
cities,eval,cities_76_f_b0_4228,cities_76_f_b0,cities_76_f_b1
cities,eval,cities_731_t_b0_4229,cities_731_t_b0,cities_731_t_b1
cities,eval,cities_56_t_b0_4230,cities_56_t_b0,cities_56_t_b1
cities,eval,cities_284_f_b0_4231,cities_284_f_b0,cities_284_f_b1
cities,eval,cities_616_t_b0_4232,cities_616_t_b0,cities_616_t_b1
cities,eval,cities_223_f_b0_4233,cities_223_f_b0,cities_223_f_b1
cities,eval,cities_724_t_b0_4234,cities_724_t_b0,cities_724_t_b1
cities,eval,cities_621_t_b0_4235,cities_621_t_b0,cities_621_t_b1
cities,eval,cities_59_f_b0_4236,cities_59_f_b0,cities_59_f_b1
cities,eval,cities_404_t_b0_4237,cities_404_t_b0,cities_404_t_b1
cities,eval,cities_681_t_b0_4238,cities_681_t_b0,cities_681_t_b1
cities,eval,cities_123_t_b0_4239,cities_123_t_b0,cities_123_t_b1
cities,eval,cities_678_f_b0_4240,cities_678_f_b0,cities_678_f_b1
cities,eval,cities_60_f_b0_4241,cities_60_f_b0,cities_60_f_b1
cities,eval,cities_588_t_b0_4242,cities_588_t_b0,cities_588_t_b1
cities,eval,cities_463_t_b0_4243,cities_463_t_b0,cities_463_t_b1
cities,eval,cities_459_t_b0_4244,cities_459_t_b0,cities_459_t_b1
cities,eval,cities_600_t_b0_4245,cities_600_t_b0,cities_600_t_b1
cities,eval,cities_580_t_b0_4246,cities_580_t_b0,cities_580_t_b1
cities,eval,cities_353_f_b0_4247,cities_353_f_b0,cities_353_f_b1
cities,eval,cities_451_t_b0_4248,cities_451_t_b0,cities_451_t_b1
cities,eval,cities_436_t_b0_4249,cities_436_t_b0,cities_436_t_b1
cities,eval,cities_546_f_b0_4250,cities_546_f_b0,cities_546_f_b1
cities,eval,cities_485_t_b0_4251,cities_485_t_b0,cities_485_t_b1
cities,eval,cities_425_f_b0_4252,cities_425_f_b0,cities_425_f_b1
cities,eval,cities_719_f_b0_4253,cities_719_f_b0,cities_719_f_b1
cities,eval,cities_458_t_b0_4254,cities_458_t_b0,cities_458_t_b1
cities,eval,cities_90_f_b0_4255,cities_90_f_b0,cities_90_f_b1
cities,eval,cities_242_t_b0_4256,cities_242_t_b0,cities_242_t_b1
cities,eval,cities_229_f_b0_4257,cities_229_f_b0,cities_229_f_b1
cities,eval,cities_304_f_b0_4258,cities_304_f_b0,cities_304_f_b1
cities,eval,cities_51_f_b0_4259,cities_51_f_b0,cities_51_f_b1
cities,eval,cities_615_t_b0_4260,cities_615_t_b0,cities_615_t_b1
cities,eval,cities_649_t_b0_4261,cities_649_t_b0,cities_649_t_b1
cities,eval,cities_485_f_b0_4262,cities_485_f_b0,cities_485_f_b1
cities,eval,cities_173_t_b0_4263,cities_173_t_b0,cities_173_t_b1
cities,eval,cities_190_t_b0_4264,cities_190_t_b0,cities_190_t_b1
cities,eval,cities_515_f_b0_4265,cities_515_f_b0,cities_515_f_b1
cities,eval,cities_7_f_b0_4266,cities_7_f_b0,cities_7_f_b1
cities,eval,cities_247_t_b0_4267,cities_247_t_b0,cities_247_t_b1
cities,eval,cities_709_f_b0_4268,cities_709_f_b0,cities_709_f_b1
cities,eval,cities_395_t_b0_4269,cities_395_t_b0,cities_395_t_b1
cities,eval,cities_557_t_b0_4270,cities_557_t_b0,cities_557_t_b1
cities,eval,cities_159_t_b0_4271,cities_159_t_b0,cities_159_t_b1
cities,eval,cities_543_t_b0_4272,cities_543_t_b0,cities_543_t_b1
cities,eval,cities_640_f_b0_4273,cities_640_f_b0,cities_640_f_b1
cities,eval,cities_276_f_b0_4274,cities_276_f_b0,cities_276_f_b1
cities,eval,cities_506_f_b0_4275,cities_506_f_b0,cities_506_f_b1
cities,eval,cities_225_f_b0_4276,cities_225_f_b0,cities_225_f_b1
cities,eval,cities_199_t_b0_4277,cities_199_t_b0,cities_199_t_b1
cities,eval,cities_158_f_b0_4278,cities_158_f_b0,cities_158_f_b1
cities,eval,cities_311_f_b0_4279,cities_311_f_b0,cities_311_f_b1
cities,eval,cities_621_f_b0_4280,cities_621_f_b0,cities_621_f_b1
cities,eval,cities_179_f_b0_4281,cities_179_f_b0,cities_179_f_b1
cities,eval,cities_357_t_b0_4282,cities_357_t_b0,cities_357_t_b1
cities,eval,cities_582_t_b0_4283,cities_582_t_b0,cities_582_t_b1
cities,eval,cities_386_f_b0_4284,cities_386_f_b0,cities_386_f_b1
cities,eval,cities_302_f_b0_4285,cities_302_f_b0,cities_302_f_b1
cities,eval,cities_685_f_b0_4286,cities_685_f_b0,cities_685_f_b1
cities,eval,cities_506_t_b0_4287,cities_506_t_b0,cities_506_t_b1
cities,eval,cities_550_f_b0_4288,cities_550_f_b0,cities_550_f_b1
cities,eval,cities_445_t_b0_4289,cities_445_t_b0,cities_445_t_b1
cities,eval,cities_563_t_b0_4290,cities_563_t_b0,cities_563_t_b1
cities,eval,cities_22_f_b0_4291,cities_22_f_b0,cities_22_f_b1
cities,eval,cities_39_t_b0_4292,cities_39_t_b0,cities_39_t_b1
cities,eval,cities_584_f_b0_4293,cities_584_f_b0,cities_584_f_b1
cities,eval,cities_82_f_b0_4294,cities_82_f_b0,cities_82_f_b1
cities,eval,cities_367_f_b0_4295,cities_367_f_b0,cities_367_f_b1
cities,eval,cities_341_f_b0_4296,cities_341_f_b0,cities_341_f_b1
cities,eval,cities_233_f_b0_4297,cities_233_f_b0,cities_233_f_b1
cities,eval,cities_98_f_b0_4298,cities_98_f_b0,cities_98_f_b1
cities,eval,cities_746_f_b0_4299,cities_746_f_b0,cities_746_f_b1
cities,eval,cities_96_t_b0_4300,cities_96_t_b0,cities_96_t_b1
cities,eval,cities_480_t_b0_4301,cities_480_t_b0,cities_480_t_b1
cities,eval,cities_550_t_b0_4302,cities_550_t_b0,cities_550_t_b1
cities,eval,cities_280_t_b0_4303,cities_280_t_b0,cities_280_t_b1
cities,eval,cities_588_f_b0_4304,cities_588_f_b0,cities_588_f_b1
cities,eval,cities_165_f_b0_4305,cities_165_f_b0,cities_165_f_b1
cities,eval,cities_455_f_b0_4306,cities_455_f_b0,cities_455_f_b1
cities,eval,cities_385_f_b0_4307,cities_385_f_b0,cities_385_f_b1
cities,eval,cities_370_f_b0_4308,cities_370_f_b0,cities_370_f_b1
cities,eval,cities_555_t_b0_4309,cities_555_t_b0,cities_555_t_b1
cities,eval,cities_398_t_b0_4310,cities_398_t_b0,cities_398_t_b1
cities,eval,cities_580_f_b0_4311,cities_580_f_b0,cities_580_f_b1
cities,eval,cities_362_f_b0_4312,cities_362_f_b0,cities_362_f_b1
cities,eval,cities_148_t_b0_4313,cities_148_t_b0,cities_148_t_b1
cities,eval,cities_415_f_b0_4314,cities_415_f_b0,cities_415_f_b1
cities,eval,cities_440_t_b0_4315,cities_440_t_b0,cities_440_t_b1
cities,eval,cities_187_t_b0_4316,cities_187_t_b0,cities_187_t_b1
cities,eval,cities_441_f_b0_4317,cities_441_f_b0,cities_441_f_b1
cities,eval,cities_426_f_b0_4318,cities_426_f_b0,cities_426_f_b1
cities,eval,cities_355_t_b0_4319,cities_355_t_b0,cities_355_t_b1
cities,eval,cities_536_f_b0_4320,cities_536_f_b0,cities_536_f_b1
cities,eval,cities_568_t_b0_4321,cities_568_t_b0,cities_568_t_b1
cities,eval,cities_176_f_b0_4322,cities_176_f_b0,cities_176_f_b1
cities,eval,cities_733_t_b0_4323,cities_733_t_b0,cities_733_t_b1
cities,eval,cities_471_t_b0_4324,cities_471_t_b0,cities_471_t_b1
cities,eval,cities_651_t_b0_4325,cities_651_t_b0,cities_651_t_b1
cities,eval,cities_171_f_b0_4326,cities_171_f_b0,cities_171_f_b1
cities,eval,cities_389_f_b0_4327,cities_389_f_b0,cities_389_f_b1
cities,eval,cities_462_t_b0_4328,cities_462_t_b0,cities_462_t_b1
cities,eval,cities_92_f_b0_4329,cities_92_f_b0,cities_92_f_b1
cities,eval,cities_361_f_b0_4330,cities_361_f_b0,cities_361_f_b1
cities,eval,cities_61_t_b0_4331,cities_61_t_b0,cities_61_t_b1
cities,eval,cities_491_t_b0_4332,cities_491_t_b0,cities_491_t_b1
cities,eval,cities_287_f_b0_4333,cities_287_f_b0,cities_287_f_b1
cities,eval,cities_366_f_b0_4334,cities_366_f_b0,cities_366_f_b1
cities,eval,cities_108_t_b0_4335,cities_108_t_b0,cities_108_t_b1
cities,eval,cities_188_t_b0_4336,cities_188_t_b0,cities_188_t_b1
cities,eval,cities_256_t_b0_4337,cities_256_t_b0,cities_256_t_b1
cities,eval,cities_441_t_b0_4338,cities_441_t_b0,cities_441_t_b1
cities,eval,cities_432_t_b0_4339,cities_432_t_b0,cities_432_t_b1
cities,eval,cities_743_t_b0_4340,cities_743_t_b0,cities_743_t_b1
cities,eval,cities_401_t_b0_4341,cities_401_t_b0,cities_401_t_b1
cities,eval,cities_43_t_b0_4342,cities_43_t_b0,cities_43_t_b1
cities,eval,cities_666_t_b0_4343,cities_666_t_b0,cities_666_t_b1
cities,eval,cities_614_f_b0_4344,cities_614_f_b0,cities_614_f_b1
cities,eval,cities_70_t_b0_4345,cities_70_t_b0,cities_70_t_b1
cities,eval,cities_251_f_b0_4346,cities_251_f_b0,cities_251_f_b1
cities,eval,cities_338_f_b0_4347,cities_338_f_b0,cities_338_f_b1
cities,eval,cities_145_f_b0_4348,cities_145_f_b0,cities_145_f_b1
cities,eval,cities_17_f_b0_4349,cities_17_f_b0,cities_17_f_b1
cities,eval,cities_130_f_b0_4350,cities_130_f_b0,cities_130_f_b1
cities,eval,cities_461_t_b0_4351,cities_461_t_b0,cities_461_t_b1
cities,eval,cities_513_t_b0_4352,cities_513_t_b0,cities_513_t_b1
cities,eval,cities_145_t_b0_4353,cities_145_t_b0,cities_145_t_b1
cities,eval,cities_566_f_b0_4354,cities_566_f_b0,cities_566_f_b1
cities,eval,cities_394_f_b0_4355,cities_394_f_b0,cities_394_f_b1
cities,eval,cities_537_t_b0_4356,cities_537_t_b0,cities_537_t_b1
cities,eval,cities_407_f_b0_4357,cities_407_f_b0,cities_407_f_b1
cities,eval,cities_81_f_b0_4358,cities_81_f_b0,cities_81_f_b1
cities,eval,cities_297_t_b0_4359,cities_297_t_b0,cities_297_t_b1
cities,eval,cities_692_f_b0_4360,cities_692_f_b0,cities_692_f_b1
cities,eval,cities_631_f_b0_4361,cities_631_f_b0,cities_631_f_b1
cities,eval,cities_358_t_b0_4362,cities_358_t_b0,cities_358_t_b1
cities,eval,cities_117_f_b0_4363,cities_117_f_b0,cities_117_f_b1
cities,eval,cities_717_f_b0_4364,cities_717_f_b0,cities_717_f_b1
cities,eval,cities_185_f_b0_4365,cities_185_f_b0,cities_185_f_b1
cities,eval,cities_254_t_b0_4366,cities_254_t_b0,cities_254_t_b1
cities,eval,cities_381_f_b0_4367,cities_381_f_b0,cities_381_f_b1
cities,eval,cities_625_f_b0_4368,cities_625_f_b0,cities_625_f_b1
cities,eval,cities_61_f_b0_4369,cities_61_f_b0,cities_61_f_b1
cities,eval,cities_549_f_b0_4370,cities_549_f_b0,cities_549_f_b1
cities,eval,cities_208_f_b0_4371,cities_208_f_b0,cities_208_f_b1
cities,eval,cities_271_t_b0_4372,cities_271_t_b0,cities_271_t_b1
cities,eval,cities_42_f_b0_4373,cities_42_f_b0,cities_42_f_b1
cities,eval,cities_169_f_b0_4374,cities_169_f_b0,cities_169_f_b1
cities,eval,cities_413_f_b0_4375,cities_413_f_b0,cities_413_f_b1
cities,eval,cities_408_t_b0_4376,cities_408_t_b0,cities_408_t_b1
cities,eval,cities_200_f_b0_4377,cities_200_f_b0,cities_200_f_b1
cities,eval,cities_162_t_b0_4378,cities_162_t_b0,cities_162_t_b1
cities,eval,cities_531_f_b0_4379,cities_531_f_b0,cities_531_f_b1
cities,eval,cities_418_t_b0_4380,cities_418_t_b0,cities_418_t_b1
cities,eval,cities_432_f_b0_4381,cities_432_f_b0,cities_432_f_b1
cities,eval,cities_313_t_b0_4382,cities_313_t_b0,cities_313_t_b1
cities,eval,cities_296_t_b0_4383,cities_296_t_b0,cities_296_t_b1
cities,eval,cities_557_f_b0_4384,cities_557_f_b0,cities_557_f_b1
cities,eval,cities_447_t_b0_4385,cities_447_t_b0,cities_447_t_b1
cities,eval,cities_670_t_b0_4386,cities_670_t_b0,cities_670_t_b1
cities,eval,cities_457_t_b0_4387,cities_457_t_b0,cities_457_t_b1
cities,eval,cities_163_f_b0_4388,cities_163_f_b0,cities_163_f_b1
cities,eval,cities_547_t_b0_4389,cities_547_t_b0,cities_547_t_b1
cities,eval,cities_80_f_b0_4390,cities_80_f_b0,cities_80_f_b1
cities,eval,cities_510_t_b0_4391,cities_510_t_b0,cities_510_t_b1
cities,eval,cities_29_t_b0_4392,cities_29_t_b0,cities_29_t_b1
cities,eval,cities_445_f_b0_4393,cities_445_f_b0,cities_445_f_b1
cities,eval,cities_160_t_b0_4394,cities_160_t_b0,cities_160_t_b1
cities,eval,cities_98_t_b0_4395,cities_98_t_b0,cities_98_t_b1
cities,eval,cities_565_f_b0_4396,cities_565_f_b0,cities_565_f_b1
cities,eval,cities_240_f_b0_4397,cities_240_f_b0,cities_240_f_b1
cities,eval,cities_716_f_b0_4398,cities_716_f_b0,cities_716_f_b1
cities,eval,cities_288_t_b0_4399,cities_288_t_b0,cities_288_t_b1
cities,eval,cities_356_t_b0_4400,cities_356_t_b0,cities_356_t_b1
cities,eval,cities_603_f_b0_4401,cities_603_f_b0,cities_603_f_b1
cities,eval,cities_624_t_b0_4402,cities_624_t_b0,cities_624_t_b1
cities,eval,cities_585_t_b0_4403,cities_585_t_b0,cities_585_t_b1
cities,eval,cities_310_f_b0_4404,cities_310_f_b0,cities_310_f_b1
cities,eval,cities_20_f_b0_4405,cities_20_f_b0,cities_20_f_b1
cities,eval,cities_652_f_b0_4406,cities_652_f_b0,cities_652_f_b1
cities,eval,cities_561_f_b0_4407,cities_561_f_b0,cities_561_f_b1
cities,eval,cities_231_f_b0_4408,cities_231_f_b0,cities_231_f_b1
cities,eval,cities_178_f_b0_4409,cities_178_f_b0,cities_178_f_b1
cities,eval,cities_151_f_b0_4410,cities_151_f_b0,cities_151_f_b1
cities,eval,cities_683_f_b0_4411,cities_683_f_b0,cities_683_f_b1
cities,eval,cities_330_f_b0_4412,cities_330_f_b0,cities_330_f_b1
cities,eval,cities_729_f_b0_4413,cities_729_f_b0,cities_729_f_b1
cities,eval,cities_604_f_b0_4414,cities_604_f_b0,cities_604_f_b1
cities,eval,cities_744_f_b0_4415,cities_744_f_b0,cities_744_f_b1
cities,eval,cities_546_t_b0_4416,cities_546_t_b0,cities_546_t_b1
cities,eval,cities_206_t_b0_4417,cities_206_t_b0,cities_206_t_b1
cities,eval,cities_474_t_b0_4418,cities_474_t_b0,cities_474_t_b1
cities,eval,cities_288_f_b0_4419,cities_288_f_b0,cities_288_f_b1
cities,eval,cities_570_t_b0_4420,cities_570_t_b0,cities_570_t_b1
cities,eval,cities_568_f_b0_4421,cities_568_f_b0,cities_568_f_b1
cities,eval,cities_747_t_b0_4422,cities_747_t_b0,cities_747_t_b1
cities,eval,cities_127_t_b0_4423,cities_127_t_b0,cities_127_t_b1
cities,eval,cities_719_t_b0_4424,cities_719_t_b0,cities_719_t_b1
cities,eval,cities_201_f_b0_4425,cities_201_f_b0,cities_201_f_b1
cities,eval,cities_392_t_b0_4426,cities_392_t_b0,cities_392_t_b1
cities,eval,cities_480_f_b0_4427,cities_480_f_b0,cities_480_f_b1
cities,eval,cities_633_f_b0_4428,cities_633_f_b0,cities_633_f_b1
cities,eval,cities_389_t_b0_4429,cities_389_t_b0,cities_389_t_b1
cities,eval,cities_155_t_b0_4430,cities_155_t_b0,cities_155_t_b1
cities,eval,cities_454_t_b0_4431,cities_454_t_b0,cities_454_t_b1
cities,eval,cities_635_t_b0_4432,cities_635_t_b0,cities_635_t_b1
cities,eval,cities_716_t_b0_4433,cities_716_t_b0,cities_716_t_b1
cities,eval,cities_113_f_b0_4434,cities_113_f_b0,cities_113_f_b1
cities,eval,cities_570_f_b0_4435,cities_570_f_b0,cities_570_f_b1
cities,eval,cities_624_f_b0_4436,cities_624_f_b0,cities_624_f_b1
cities,eval,cities_560_t_b0_4437,cities_560_t_b0,cities_560_t_b1
cities,eval,cities_348_f_b0_4438,cities_348_f_b0,cities_348_f_b1
cities,eval,cities_275_f_b0_4439,cities_275_f_b0,cities_275_f_b1
cities,eval,cities_695_t_b0_4440,cities_695_t_b0,cities_695_t_b1
cities,eval,cities_416_f_b0_4441,cities_416_f_b0,cities_416_f_b1
cities,eval,cities_503_f_b0_4442,cities_503_f_b0,cities_503_f_b1
cities,eval,cities_192_t_b0_4443,cities_192_t_b0,cities_192_t_b1
cities,eval,cities_522_t_b0_4444,cities_522_t_b0,cities_522_t_b1
cities,eval,cities_628_t_b0_4445,cities_628_t_b0,cities_628_t_b1
cities,eval,cities_203_f_b0_4446,cities_203_f_b0,cities_203_f_b1
cities,eval,cities_464_t_b0_4447,cities_464_t_b0,cities_464_t_b1
cities,eval,cities_315_f_b0_4448,cities_315_f_b0,cities_315_f_b1
cities,eval,cities_376_t_b0_4449,cities_376_t_b0,cities_376_t_b1
cities,eval,cities_12_t_b0_4450,cities_12_t_b0,cities_12_t_b1
cities,eval,cities_119_f_b0_4451,cities_119_f_b0,cities_119_f_b1
cities,eval,cities_678_t_b0_4452,cities_678_t_b0,cities_678_t_b1
cities,eval,cities_139_t_b0_4453,cities_139_t_b0,cities_139_t_b1
cities,eval,cities_260_f_b0_4454,cities_260_f_b0,cities_260_f_b1
cities,eval,cities_219_f_b0_4455,cities_219_f_b0,cities_219_f_b1
cities,eval,cities_263_f_b0_4456,cities_263_f_b0,cities_263_f_b1
cities,eval,cities_255_f_b0_4457,cities_255_f_b0,cities_255_f_b1
cities,eval,cities_77_f_b0_4458,cities_77_f_b0,cities_77_f_b1
cities,eval,cities_439_f_b0_4459,cities_439_f_b0,cities_439_f_b1
cities,eval,cities_646_t_b0_4460,cities_646_t_b0,cities_646_t_b1
cities,eval,cities_302_t_b0_4461,cities_302_t_b0,cities_302_t_b1
cities,eval,cities_203_t_b0_4462,cities_203_t_b0,cities_203_t_b1
cities,eval,cities_283_f_b0_4463,cities_283_f_b0,cities_283_f_b1
cities,eval,cities_508_t_b0_4464,cities_508_t_b0,cities_508_t_b1
cities,eval,cities_597_t_b0_4465,cities_597_t_b0,cities_597_t_b1
cities,eval,cities_331_f_b0_4466,cities_331_f_b0,cities_331_f_b1
cities,eval,cities_650_t_b0_4467,cities_650_t_b0,cities_650_t_b1
cities,eval,cities_683_t_b0_4468,cities_683_t_b0,cities_683_t_b1
cities,eval,cities_72_f_b0_4469,cities_72_f_b0,cities_72_f_b1
cities,eval,cities_354_f_b0_4470,cities_354_f_b0,cities_354_f_b1
cities,eval,cities_609_t_b0_4471,cities_609_t_b0,cities_609_t_b1
cities,eval,cities_693_f_b0_4472,cities_693_f_b0,cities_693_f_b1
cities,eval,cities_64_f_b0_4473,cities_64_f_b0,cities_64_f_b1
cities,eval,cities_267_t_b0_4474,cities_267_t_b0,cities_267_t_b1
cities,eval,cities_196_t_b0_4475,cities_196_t_b0,cities_196_t_b1
cities,eval,cities_166_f_b0_4476,cities_166_f_b0,cities_166_f_b1
cities,eval,cities_379_t_b0_4477,cities_379_t_b0,cities_379_t_b1
cities,eval,cities_689_t_b0_4478,cities_689_t_b0,cities_689_t_b1
cities,eval,cities_738_f_b0_4479,cities_738_f_b0,cities_738_f_b1
cities,eval,cities_40_t_b0_4480,cities_40_t_b0,cities_40_t_b1
cities,eval,cities_607_f_b0_4481,cities_607_f_b0,cities_607_f_b1
cities,eval,cities_112_f_b0_4482,cities_112_f_b0,cities_112_f_b1
cities,eval,cities_406_t_b0_4483,cities_406_t_b0,cities_406_t_b1
cities,eval,cities_143_f_b0_4484,cities_143_f_b0,cities_143_f_b1
cities,eval,cities_266_t_b0_4485,cities_266_t_b0,cities_266_t_b1
cities,eval,cities_427_f_b0_4486,cities_427_f_b0,cities_427_f_b1
cities,eval,cities_125_t_b0_4487,cities_125_t_b0,cities_125_t_b1
cities,eval,cities_732_f_b0_4488,cities_732_f_b0,cities_732_f_b1
cities,eval,cities_422_t_b0_4489,cities_422_t_b0,cities_422_t_b1
cities,eval,cities_9_t_b0_4490,cities_9_t_b0,cities_9_t_b1
cities,eval,cities_376_f_b0_4491,cities_376_f_b0,cities_376_f_b1
cities,eval,cities_325_f_b0_4492,cities_325_f_b0,cities_325_f_b1
cities,eval,cities_363_f_b0_4493,cities_363_f_b0,cities_363_f_b1
cities,eval,cities_102_f_b0_4494,cities_102_f_b0,cities_102_f_b1
cities,eval,cities_266_f_b0_4495,cities_266_f_b0,cities_266_f_b1
cities,eval,cities_612_f_b0_4496,cities_612_f_b0,cities_612_f_b1
cities,eval,cities_587_f_b0_4497,cities_587_f_b0,cities_587_f_b1
cities,eval,cities_227_f_b0_4498,cities_227_f_b0,cities_227_f_b1
cities,eval,cities_565_t_b0_4499,cities_565_t_b0,cities_565_t_b1
amazon,train,amazon_588224_b0_0,amazon_588224_b0,amazon_588224_b1
amazon,train,amazon_1615594_b0_1,amazon_1615594_b0,amazon_1615594_b1
amazon,train,amazon_2833313_b0_2,amazon_2833313_b0,amazon_2833313_b1
amazon,train,amazon_3024898_b0_3,amazon_3024898_b0,amazon_3024898_b1
amazon,train,amazon_1759387_b0_4,amazon_1759387_b0,amazon_1759387_b1
amazon,train,amazon_2745122_b0_5,amazon_2745122_b0,amazon_2745122_b1
amazon,train,amazon_171827_b0_6,amazon_171827_b0,amazon_171827_b1
amazon,train,amazon_3259713_b0_7,amazon_3259713_b0,amazon_3259713_b1
amazon,train,amazon_566843_b0_8,amazon_566843_b0,amazon_566843_b1
amazon,train,amazon_1907849_b0_9,amazon_1907849_b0,amazon_1907849_b1
amazon,train,amazon_1833543_b0_10,amazon_1833543_b0,amazon_1833543_b1
amazon,train,amazon_473587_b0_11,amazon_473587_b0,amazon_473587_b1
amazon,train,amazon_833216_b0_12,amazon_833216_b0,amazon_833216_b1
amazon,train,amazon_830077_b0_13,amazon_830077_b0,amazon_830077_b1
amazon,train,amazon_2847948_b0_14,amazon_2847948_b0,amazon_2847948_b1
amazon,train,amazon_1941248_b0_15,amazon_1941248_b0,amazon_1941248_b1
amazon,train,amazon_1589926_b0_16,amazon_1589926_b0,amazon_1589926_b1
amazon,train,amazon_2889184_b0_17,amazon_2889184_b0,amazon_2889184_b1
amazon,train,amazon_2608551_b0_18,amazon_2608551_b0,amazon_2608551_b1
amazon,train,amazon_2554911_b0_19,amazon_2554911_b0,amazon_2554911_b1
amazon,train,amazon_3111605_b0_20,amazon_3111605_b0,amazon_3111605_b1
amazon,train,amazon_2780402_b0_21,amazon_2780402_b0,amazon_2780402_b1
amazon,train,amazon_1041938_b0_22,amazon_1041938_b0,amazon_1041938_b1
amazon,train,amazon_2570626_b0_23,amazon_2570626_b0,amazon_2570626_b1
amazon,train,amazon_756084_b0_24,amazon_756084_b0,amazon_756084_b1
amazon,train,amazon_2990247_b0_25,amazon_2990247_b0,amazon_2990247_b1
amazon,train,amazon_2654463_b0_26,amazon_2654463_b0,amazon_2654463_b1
amazon,train,amazon_2737440_b0_27,amazon_2737440_b0,amazon_2737440_b1
amazon,train,amazon_2220014_b0_28,amazon_2220014_b0,amazon_2220014_b1
amazon,train,amazon_3236384_b0_29,amazon_3236384_b0,amazon_3236384_b1
amazon,train,amazon_2117156_b0_30,amazon_2117156_b0,amazon_2117156_b1
amazon,train,amazon_1695824_b0_31,amazon_1695824_b0,amazon_1695824_b1
amazon,train,amazon_464965_b0_32,amazon_464965_b0,amazon_464965_b1
amazon,train,amazon_1834997_b0_33,amazon_1834997_b0,amazon_1834997_b1
amazon,train,amazon_205365_b0_34,amazon_205365_b0,amazon_205365_b1
amazon,train,amazon_1951292_b0_35,amazon_1951292_b0,amazon_1951292_b1
amazon,train,amazon_2359280_b0_36,amazon_2359280_b0,amazon_2359280_b1
amazon,train,amazon_2046684_b0_37,amazon_2046684_b0,amazon_2046684_b1
amazon,train,amazon_3284850_b0_38,amazon_3284850_b0,amazon_3284850_b1
amazon,train,amazon_1641862_b0_39,amazon_1641862_b0,amazon_1641862_b1
amazon,train,amazon_175058_b0_40,amazon_175058_b0,amazon_175058_b1
amazon,train,amazon_2000477_b0_41,amazon_2000477_b0,amazon_2000477_b1
amazon,train,amazon_3355265_b0_42,amazon_3355265_b0,amazon_3355265_b1
amazon,train,amazon_3303736_b0_43,amazon_3303736_b0,amazon_3303736_b1
amazon,train,amazon_2340864_b0_44,amazon_2340864_b0,amazon_2340864_b1
amazon,train,amazon_2863246_b0_45,amazon_2863246_b0,amazon_2863246_b1
amazon,train,amazon_1730994_b0_46,amazon_1730994_b0,amazon_1730994_b1
amazon,train,amazon_3224067_b0_47,amazon_3224067_b0,amazon_3224067_b1
amazon,train,amazon_750406_b0_48,amazon_750406_b0,amazon_750406_b1
amazon,train,amazon_1263385_b0_49,amazon_1263385_b0,amazon_1263385_b1
amazon,train,amazon_3314552_b0_50,amazon_3314552_b0,amazon_3314552_b1
amazon,train,amazon_1961344_b0_51,amazon_1961344_b0,amazon_1961344_b1
amazon,train,amazon_3427748_b0_52,amazon_3427748_b0,amazon_3427748_b1
amazon,train,amazon_384703_b0_53,amazon_384703_b0,amazon_384703_b1
amazon,train,amazon_2982540_b0_54,amazon_2982540_b0,amazon_2982540_b1
amazon,train,amazon_2334826_b0_55,amazon_2334826_b0,amazon_2334826_b1
amazon,train,amazon_1505_b0_56,amazon_1505_b0,amazon_1505_b1
amazon,train,amazon_166366_b0_57,amazon_166366_b0,amazon_166366_b1
amazon,train,amazon_1437498_b0_58,amazon_1437498_b0,amazon_1437498_b1
amazon,train,amazon_666170_b0_59,amazon_666170_b0,amazon_666170_b1
amazon,train,amazon_1235019_b0_60,amazon_1235019_b0,amazon_1235019_b1
amazon,train,amazon_1485870_b0_61,amazon_1485870_b0,amazon_1485870_b1
amazon,train,amazon_2548490_b0_62,amazon_2548490_b0,amazon_2548490_b1
amazon,train,amazon_335433_b0_63,amazon_335433_b0,amazon_335433_b1
amazon,train,amazon_1911603_b0_64,amazon_1911603_b0,amazon_1911603_b1
amazon,train,amazon_271142_b0_65,amazon_271142_b0,amazon_271142_b1
amazon,train,amazon_1534072_b0_66,amazon_1534072_b0,amazon_1534072_b1
amazon,train,amazon_1110103_b0_67,amazon_1110103_b0,amazon_1110103_b1
amazon,train,amazon_1400944_b0_68,amazon_1400944_b0,amazon_1400944_b1
amazon,train,amazon_3563800_b0_69,amazon_3563800_b0,amazon_3563800_b1
amazon,train,amazon_272764_b0_70,amazon_272764_b0,amazon_272764_b1
amazon,train,amazon_2209120_b0_71,amazon_2209120_b0,amazon_2209120_b1
amazon,train,amazon_1979966_b0_72,amazon_1979966_b0,amazon_1979966_b1
amazon,train,amazon_127981_b0_73,amazon_127981_b0,amazon_127981_b1
amazon,train,amazon_475448_b0_74,amazon_475448_b0,amazon_475448_b1
amazon,train,amazon_2678633_b0_75,amazon_2678633_b0,amazon_2678633_b1
amazon,train,amazon_1466246_b0_76,amazon_1466246_b0,amazon_1466246_b1
amazon,train,amazon_2502695_b0_77,amazon_2502695_b0,amazon_2502695_b1
amazon,train,amazon_1746126_b0_78,amazon_1746126_b0,amazon_1746126_b1
amazon,train,amazon_3211083_b0_79,amazon_3211083_b0,amazon_3211083_b1
amazon,train,amazon_1721313_b0_80,amazon_1721313_b0,amazon_1721313_b1
amazon,train,amazon_2996942_b0_81,amazon_2996942_b0,amazon_2996942_b1
amazon,train,amazon_3460414_b0_82,amazon_3460414_b0,amazon_3460414_b1
amazon,train,amazon_2011879_b0_83,amazon_2011879_b0,amazon_2011879_b1
amazon,train,amazon_3409296_b0_84,amazon_3409296_b0,amazon_3409296_b1
amazon,train,amazon_2669871_b0_85,amazon_2669871_b0,amazon_2669871_b1
amazon,train,amazon_1215203_b0_86,amazon_1215203_b0,amazon_1215203_b1
amazon,train,amazon_511673_b0_87,amazon_511673_b0,amazon_511673_b1
amazon,train,amazon_2103321_b0_88,amazon_2103321_b0,amazon_2103321_b1
amazon,train,amazon_3149516_b0_89,amazon_3149516_b0,amazon_3149516_b1
amazon,train,amazon_2124371_b0_90,amazon_2124371_b0,amazon_2124371_b1
amazon,train,amazon_2699941_b0_91,amazon_2699941_b0,amazon_2699941_b1
amazon,train,amazon_446446_b0_92,amazon_446446_b0,amazon_446446_b1
amazon,train,amazon_1528209_b0_93,amazon_1528209_b0,amazon_1528209_b1
amazon,train,amazon_935186_b0_94,amazon_935186_b0,amazon_935186_b1
amazon,train,amazon_858877_b0_95,amazon_858877_b0,amazon_858877_b1
amazon,train,amazon_1545014_b0_96,amazon_1545014_b0,amazon_1545014_b1
amazon,train,amazon_1761689_b0_97,amazon_1761689_b0,amazon_1761689_b1
amazon,train,amazon_1966750_b0_98,amazon_1966750_b0,amazon_1966750_b1
amazon,train,amazon_3387002_b0_99,amazon_3387002_b0,amazon_3387002_b1
amazon,train,amazon_2528189_b0_100,amazon_2528189_b0,amazon_2528189_b1
amazon,train,amazon_2839664_b0_101,amazon_2839664_b0,amazon_2839664_b1
amazon,train,amazon_2981360_b0_102,amazon_2981360_b0,amazon_2981360_b1
amazon,train,amazon_1367339_b0_103,amazon_1367339_b0,amazon_1367339_b1
amazon,train,amazon_873586_b0_104,amazon_873586_b0,amazon_873586_b1
amazon,train,amazon_1315700_b0_105,amazon_1315700_b0,amazon_1315700_b1
amazon,train,amazon_1167564_b0_106,amazon_1167564_b0,amazon_1167564_b1
amazon,train,amazon_2098608_b0_107,amazon_2098608_b0,amazon_2098608_b1
amazon,train,amazon_2159739_b0_108,amazon_2159739_b0,amazon_2159739_b1
amazon,train,amazon_1967238_b0_109,amazon_1967238_b0,amazon_1967238_b1
amazon,train,amazon_398533_b0_110,amazon_398533_b0,amazon_398533_b1
amazon,train,amazon_3059036_b0_111,amazon_3059036_b0,amazon_3059036_b1
amazon,train,amazon_2282190_b0_112,amazon_2282190_b0,amazon_2282190_b1
amazon,train,amazon_1067720_b0_113,amazon_1067720_b0,amazon_1067720_b1
amazon,train,amazon_235470_b0_114,amazon_235470_b0,amazon_235470_b1
amazon,train,amazon_2739438_b0_115,amazon_2739438_b0,amazon_2739438_b1
amazon,train,amazon_1260302_b0_116,amazon_1260302_b0,amazon_1260302_b1
amazon,train,amazon_88046_b0_117,amazon_88046_b0,amazon_88046_b1
amazon,train,amazon_880605_b0_118,amazon_880605_b0,amazon_880605_b1
amazon,train,amazon_673472_b0_119,amazon_673472_b0,amazon_673472_b1
amazon,train,amazon_2574652_b0_120,amazon_2574652_b0,amazon_2574652_b1
amazon,train,amazon_3493156_b0_121,amazon_3493156_b0,amazon_3493156_b1
amazon,train,amazon_2490766_b0_122,amazon_2490766_b0,amazon_2490766_b1
amazon,train,amazon_2754469_b0_123,amazon_2754469_b0,amazon_2754469_b1
amazon,train,amazon_1655578_b0_124,amazon_1655578_b0,amazon_1655578_b1
amazon,train,amazon_3248027_b0_125,amazon_3248027_b0,amazon_3248027_b1
amazon,train,amazon_1312441_b0_126,amazon_1312441_b0,amazon_1312441_b1
amazon,train,amazon_1603180_b0_127,amazon_1603180_b0,amazon_1603180_b1
amazon,train,amazon_1971588_b0_128,amazon_1971588_b0,amazon_1971588_b1
amazon,train,amazon_3478098_b0_129,amazon_3478098_b0,amazon_3478098_b1
amazon,train,amazon_1067505_b0_130,amazon_1067505_b0,amazon_1067505_b1
amazon,train,amazon_3313604_b0_131,amazon_3313604_b0,amazon_3313604_b1
amazon,train,amazon_1436859_b0_132,amazon_1436859_b0,amazon_1436859_b1
amazon,train,amazon_1930058_b0_133,amazon_1930058_b0,amazon_1930058_b1
amazon,train,amazon_2393010_b0_134,amazon_2393010_b0,amazon_2393010_b1
amazon,train,amazon_3235371_b0_135,amazon_3235371_b0,amazon_3235371_b1
amazon,train,amazon_3346666_b0_136,amazon_3346666_b0,amazon_3346666_b1
amazon,train,amazon_3379941_b0_137,amazon_3379941_b0,amazon_3379941_b1
amazon,train,amazon_1855889_b0_138,amazon_1855889_b0,amazon_1855889_b1
amazon,train,amazon_68138_b0_139,amazon_68138_b0,amazon_68138_b1
amazon,train,amazon_290846_b0_140,amazon_290846_b0,amazon_290846_b1
amazon,train,amazon_1041282_b0_141,amazon_1041282_b0,amazon_1041282_b1
amazon,train,amazon_3098226_b0_142,amazon_3098226_b0,amazon_3098226_b1
amazon,train,amazon_3231042_b0_143,amazon_3231042_b0,amazon_3231042_b1
amazon,train,amazon_291532_b0_144,amazon_291532_b0,amazon_291532_b1
amazon,train,amazon_2973755_b0_145,amazon_2973755_b0,amazon_2973755_b1
amazon,train,amazon_2144708_b0_146,amazon_2144708_b0,amazon_2144708_b1
amazon,train,amazon_2718477_b0_147,amazon_2718477_b0,amazon_2718477_b1
amazon,train,amazon_3404328_b0_148,amazon_3404328_b0,amazon_3404328_b1
amazon,train,amazon_2505570_b0_149,amazon_2505570_b0,amazon_2505570_b1
amazon,train,amazon_448795_b0_150,amazon_448795_b0,amazon_448795_b1
amazon,train,amazon_2126089_b0_151,amazon_2126089_b0,amazon_2126089_b1
amazon,train,amazon_33526_b0_152,amazon_33526_b0,amazon_33526_b1
amazon,train,amazon_979834_b0_153,amazon_979834_b0,amazon_979834_b1
amazon,train,amazon_281499_b0_154,amazon_281499_b0,amazon_281499_b1
amazon,train,amazon_3429886_b0_155,amazon_3429886_b0,amazon_3429886_b1
amazon,train,amazon_1114781_b0_156,amazon_1114781_b0,amazon_1114781_b1
amazon,train,amazon_2817842_b0_157,amazon_2817842_b0,amazon_2817842_b1
amazon,train,amazon_1603924_b0_158,amazon_1603924_b0,amazon_1603924_b1
amazon,train,amazon_2181483_b0_159,amazon_2181483_b0,amazon_2181483_b1
amazon,train,amazon_1054104_b0_160,amazon_1054104_b0,amazon_1054104_b1
amazon,train,amazon_1589670_b0_161,amazon_1589670_b0,amazon_1589670_b1
amazon,train,amazon_1125590_b0_162,amazon_1125590_b0,amazon_1125590_b1
amazon,train,amazon_701499_b0_163,amazon_701499_b0,amazon_701499_b1
amazon,train,amazon_861715_b0_164,amazon_861715_b0,amazon_861715_b1
amazon,train,amazon_2628160_b0_165,amazon_2628160_b0,amazon_2628160_b1
amazon,train,amazon_1269669_b0_166,amazon_1269669_b0,amazon_1269669_b1
amazon,train,amazon_2948378_b0_167,amazon_2948378_b0,amazon_2948378_b1
amazon,train,amazon_926414_b0_168,amazon_926414_b0,amazon_926414_b1
amazon,train,amazon_2502232_b0_169,amazon_2502232_b0,amazon_2502232_b1
amazon,train,amazon_2153739_b0_170,amazon_2153739_b0,amazon_2153739_b1
amazon,train,amazon_573236_b0_171,amazon_573236_b0,amazon_573236_b1
amazon,train,amazon_212482_b0_172,amazon_212482_b0,amazon_212482_b1
amazon,train,amazon_1196534_b0_173,amazon_1196534_b0,amazon_1196534_b1
amazon,train,amazon_3481528_b0_174,amazon_3481528_b0,amazon_3481528_b1
amazon,train,amazon_182947_b0_175,amazon_182947_b0,amazon_182947_b1
amazon,train,amazon_1880728_b0_176,amazon_1880728_b0,amazon_1880728_b1
amazon,train,amazon_298336_b0_177,amazon_298336_b0,amazon_298336_b1
amazon,train,amazon_296992_b0_178,amazon_296992_b0,amazon_296992_b1
amazon,train,amazon_3266604_b0_179,amazon_3266604_b0,amazon_3266604_b1
amazon,train,amazon_1407862_b0_180,amazon_1407862_b0,amazon_1407862_b1
amazon,train,amazon_435312_b0_181,amazon_435312_b0,amazon_435312_b1
amazon,train,amazon_2285902_b0_182,amazon_2285902_b0,amazon_2285902_b1
amazon,train,amazon_1941159_b0_183,amazon_1941159_b0,amazon_1941159_b1
amazon,train,amazon_436191_b0_184,amazon_436191_b0,amazon_436191_b1
amazon,train,amazon_1434359_b0_185,amazon_1434359_b0,amazon_1434359_b1
amazon,train,amazon_82031_b0_186,amazon_82031_b0,amazon_82031_b1
amazon,train,amazon_2351446_b0_187,amazon_2351446_b0,amazon_2351446_b1
amazon,train,amazon_1275915_b0_188,amazon_1275915_b0,amazon_1275915_b1
amazon,train,amazon_2744459_b0_189,amazon_2744459_b0,amazon_2744459_b1
amazon,train,amazon_1041792_b0_190,amazon_1041792_b0,amazon_1041792_b1
amazon,train,amazon_2240901_b0_191,amazon_2240901_b0,amazon_2240901_b1
amazon,train,amazon_1078850_b0_192,amazon_1078850_b0,amazon_1078850_b1
amazon,train,amazon_754355_b0_193,amazon_754355_b0,amazon_754355_b1
amazon,train,amazon_40798_b0_194,amazon_40798_b0,amazon_40798_b1
amazon,train,amazon_268263_b0_195,amazon_268263_b0,amazon_268263_b1
amazon,train,amazon_3562207_b0_196,amazon_3562207_b0,amazon_3562207_b1
amazon,train,amazon_743339_b0_197,amazon_743339_b0,amazon_743339_b1
amazon,train,amazon_3177575_b0_198,amazon_3177575_b0,amazon_3177575_b1
amazon,train,amazon_3195935_b0_199,amazon_3195935_b0,amazon_3195935_b1
amazon,train,amazon_1670322_b0_200,amazon_1670322_b0,amazon_1670322_b1
amazon,train,amazon_3023626_b0_201,amazon_3023626_b0,amazon_3023626_b1
amazon,train,amazon_2171634_b0_202,amazon_2171634_b0,amazon_2171634_b1
amazon,train,amazon_3075107_b0_203,amazon_3075107_b0,amazon_3075107_b1
amazon,train,amazon_1607941_b0_204,amazon_1607941_b0,amazon_1607941_b1
amazon,train,amazon_1027325_b0_205,amazon_1027325_b0,amazon_1027325_b1
amazon,train,amazon_3458544_b0_206,amazon_3458544_b0,amazon_3458544_b1
amazon,train,amazon_2728592_b0_207,amazon_2728592_b0,amazon_2728592_b1
amazon,train,amazon_1700679_b0_208,amazon_1700679_b0,amazon_1700679_b1
amazon,train,amazon_1743800_b0_209,amazon_1743800_b0,amazon_1743800_b1
amazon,train,amazon_2456312_b0_210,amazon_2456312_b0,amazon_2456312_b1
amazon,train,amazon_861655_b0_211,amazon_861655_b0,amazon_861655_b1
amazon,train,amazon_2554254_b0_212,amazon_2554254_b0,amazon_2554254_b1
amazon,train,amazon_1959425_b0_213,amazon_1959425_b0,amazon_1959425_b1
amazon,train,amazon_2834126_b0_214,amazon_2834126_b0,amazon_2834126_b1
amazon,train,amazon_1038124_b0_215,amazon_1038124_b0,amazon_1038124_b1
amazon,train,amazon_2768351_b0_216,amazon_2768351_b0,amazon_2768351_b1
amazon,train,amazon_357310_b0_217,amazon_357310_b0,amazon_357310_b1
amazon,train,amazon_942367_b0_218,amazon_942367_b0,amazon_942367_b1
amazon,train,amazon_3257428_b0_219,amazon_3257428_b0,amazon_3257428_b1
amazon,train,amazon_553144_b0_220,amazon_553144_b0,amazon_553144_b1
amazon,train,amazon_2118685_b0_221,amazon_2118685_b0,amazon_2118685_b1
amazon,train,amazon_1383529_b0_222,amazon_1383529_b0,amazon_1383529_b1
amazon,train,amazon_2372756_b0_223,amazon_2372756_b0,amazon_2372756_b1
amazon,train,amazon_859333_b0_224,amazon_859333_b0,amazon_859333_b1
amazon,train,amazon_75296_b0_225,amazon_75296_b0,amazon_75296_b1
amazon,train,amazon_768059_b0_226,amazon_768059_b0,amazon_768059_b1
amazon,train,amazon_130378_b0_227,amazon_130378_b0,amazon_130378_b1
amazon,train,amazon_1685197_b0_228,amazon_1685197_b0,amazon_1685197_b1
amazon,train,amazon_504346_b0_229,amazon_504346_b0,amazon_504346_b1
amazon,train,amazon_3438091_b0_230,amazon_3438091_b0,amazon_3438091_b1
amazon,train,amazon_122227_b0_231,amazon_122227_b0,amazon_122227_b1
amazon,train,amazon_1907749_b0_232,amazon_1907749_b0,amazon_1907749_b1
amazon,train,amazon_43803_b0_233,amazon_43803_b0,amazon_43803_b1
amazon,train,amazon_2694923_b0_234,amazon_2694923_b0,amazon_2694923_b1
amazon,train,amazon_3198155_b0_235,amazon_3198155_b0,amazon_3198155_b1
amazon,train,amazon_2993715_b0_236,amazon_2993715_b0,amazon_2993715_b1
amazon,train,amazon_2108452_b0_237,amazon_2108452_b0,amazon_2108452_b1
amazon,train,amazon_456301_b0_238,amazon_456301_b0,amazon_456301_b1
amazon,train,amazon_3253990_b0_239,amazon_3253990_b0,amazon_3253990_b1
amazon,train,amazon_3004619_b0_240,amazon_3004619_b0,amazon_3004619_b1
amazon,train,amazon_485459_b0_241,amazon_485459_b0,amazon_485459_b1
amazon,train,amazon_59554_b0_242,amazon_59554_b0,amazon_59554_b1
amazon,train,amazon_477593_b0_243,amazon_477593_b0,amazon_477593_b1
amazon,train,amazon_3155518_b0_244,amazon_3155518_b0,amazon_3155518_b1
amazon,train,amazon_3173636_b0_245,amazon_3173636_b0,amazon_3173636_b1
amazon,train,amazon_2718104_b0_246,amazon_2718104_b0,amazon_2718104_b1
amazon,train,amazon_3583848_b0_247,amazon_3583848_b0,amazon_3583848_b1
amazon,train,amazon_1100853_b0_248,amazon_1100853_b0,amazon_1100853_b1
amazon,train,amazon_3172150_b0_249,amazon_3172150_b0,amazon_3172150_b1
amazon,train,amazon_2296869_b0_250,amazon_2296869_b0,amazon_2296869_b1
amazon,train,amazon_1422041_b0_251,amazon_1422041_b0,amazon_1422041_b1
amazon,train,amazon_148416_b0_252,amazon_148416_b0,amazon_148416_b1
amazon,train,amazon_1573533_b0_253,amazon_1573533_b0,amazon_1573533_b1
amazon,train,amazon_3136523_b0_254,amazon_3136523_b0,amazon_3136523_b1
amazon,train,amazon_2760136_b0_255,amazon_2760136_b0,amazon_2760136_b1
amazon,train,amazon_181655_b0_256,amazon_181655_b0,amazon_181655_b1
amazon,train,amazon_91050_b0_257,amazon_91050_b0,amazon_91050_b1
amazon,train,amazon_2400363_b0_258,amazon_2400363_b0,amazon_2400363_b1
amazon,train,amazon_1932733_b0_259,amazon_1932733_b0,amazon_1932733_b1
amazon,train,amazon_2941695_b0_260,amazon_2941695_b0,amazon_2941695_b1
amazon,train,amazon_42787_b0_261,amazon_42787_b0,amazon_42787_b1
amazon,train,amazon_1952368_b0_262,amazon_1952368_b0,amazon_1952368_b1
amazon,train,amazon_723791_b0_263,amazon_723791_b0,amazon_723791_b1
amazon,train,amazon_1811070_b0_264,amazon_1811070_b0,amazon_1811070_b1
amazon,train,amazon_2186760_b0_265,amazon_2186760_b0,amazon_2186760_b1
amazon,train,amazon_1982310_b0_266,amazon_1982310_b0,amazon_1982310_b1
amazon,train,amazon_1621102_b0_267,amazon_1621102_b0,amazon_1621102_b1
amazon,train,amazon_3036627_b0_268,amazon_3036627_b0,amazon_3036627_b1
amazon,train,amazon_758627_b0_269,amazon_758627_b0,amazon_758627_b1
amazon,train,amazon_3419369_b0_270,amazon_3419369_b0,amazon_3419369_b1
amazon,train,amazon_399232_b0_271,amazon_399232_b0,amazon_399232_b1
amazon,train,amazon_2015207_b0_272,amazon_2015207_b0,amazon_2015207_b1
amazon,train,amazon_835903_b0_273,amazon_835903_b0,amazon_835903_b1
amazon,train,amazon_1838033_b0_274,amazon_1838033_b0,amazon_1838033_b1
amazon,train,amazon_2347486_b0_275,amazon_2347486_b0,amazon_2347486_b1
amazon,train,amazon_98675_b0_276,amazon_98675_b0,amazon_98675_b1
amazon,train,amazon_378896_b0_277,amazon_378896_b0,amazon_378896_b1
amazon,train,amazon_3356769_b0_278,amazon_3356769_b0,amazon_3356769_b1
amazon,train,amazon_139102_b0_279,amazon_139102_b0,amazon_139102_b1
amazon,train,amazon_761896_b0_280,amazon_761896_b0,amazon_761896_b1
amazon,train,amazon_2533265_b0_281,amazon_2533265_b0,amazon_2533265_b1
amazon,train,amazon_1552596_b0_282,amazon_1552596_b0,amazon_1552596_b1
amazon,train,amazon_384379_b0_283,amazon_384379_b0,amazon_384379_b1
amazon,train,amazon_752196_b0_284,amazon_752196_b0,amazon_752196_b1
amazon,train,amazon_3541999_b0_285,amazon_3541999_b0,amazon_3541999_b1
amazon,train,amazon_3571748_b0_286,amazon_3571748_b0,amazon_3571748_b1
amazon,train,amazon_3347380_b0_287,amazon_3347380_b0,amazon_3347380_b1
amazon,train,amazon_2272931_b0_288,amazon_2272931_b0,amazon_2272931_b1
amazon,train,amazon_1306171_b0_289,amazon_1306171_b0,amazon_1306171_b1
amazon,train,amazon_3330618_b0_290,amazon_3330618_b0,amazon_3330618_b1
amazon,train,amazon_54980_b0_291,amazon_54980_b0,amazon_54980_b1
amazon,train,amazon_3055362_b0_292,amazon_3055362_b0,amazon_3055362_b1
amazon,train,amazon_133370_b0_293,amazon_133370_b0,amazon_133370_b1
amazon,train,amazon_2826057_b0_294,amazon_2826057_b0,amazon_2826057_b1
amazon,train,amazon_397714_b0_295,amazon_397714_b0,amazon_397714_b1
amazon,train,amazon_723183_b0_296,amazon_723183_b0,amazon_723183_b1
amazon,train,amazon_2489857_b0_297,amazon_2489857_b0,amazon_2489857_b1
amazon,train,amazon_464913_b0_298,amazon_464913_b0,amazon_464913_b1
amazon,train,amazon_3156259_b0_299,amazon_3156259_b0,amazon_3156259_b1
amazon,train,amazon_303987_b0_300,amazon_303987_b0,amazon_303987_b1
amazon,train,amazon_287664_b0_301,amazon_287664_b0,amazon_287664_b1
amazon,train,amazon_2560983_b0_302,amazon_2560983_b0,amazon_2560983_b1
amazon,train,amazon_2095831_b0_303,amazon_2095831_b0,amazon_2095831_b1
amazon,train,amazon_2143773_b0_304,amazon_2143773_b0,amazon_2143773_b1
amazon,train,amazon_1080788_b0_305,amazon_1080788_b0,amazon_1080788_b1
amazon,train,amazon_3433146_b0_306,amazon_3433146_b0,amazon_3433146_b1
amazon,train,amazon_2173060_b0_307,amazon_2173060_b0,amazon_2173060_b1
amazon,train,amazon_816249_b0_308,amazon_816249_b0,amazon_816249_b1
amazon,train,amazon_383055_b0_309,amazon_383055_b0,amazon_383055_b1
amazon,train,amazon_3575347_b0_310,amazon_3575347_b0,amazon_3575347_b1
amazon,train,amazon_500469_b0_311,amazon_500469_b0,amazon_500469_b1
amazon,train,amazon_1058358_b0_312,amazon_1058358_b0,amazon_1058358_b1
amazon,train,amazon_1667956_b0_313,amazon_1667956_b0,amazon_1667956_b1
amazon,train,amazon_1727790_b0_314,amazon_1727790_b0,amazon_1727790_b1
amazon,train,amazon_3408318_b0_315,amazon_3408318_b0,amazon_3408318_b1
amazon,train,amazon_1732790_b0_316,amazon_1732790_b0,amazon_1732790_b1
amazon,train,amazon_1235187_b0_317,amazon_1235187_b0,amazon_1235187_b1
amazon,train,amazon_2619538_b0_318,amazon_2619538_b0,amazon_2619538_b1
amazon,train,amazon_1541197_b0_319,amazon_1541197_b0,amazon_1541197_b1
amazon,train,amazon_69690_b0_320,amazon_69690_b0,amazon_69690_b1
amazon,train,amazon_331719_b0_321,amazon_331719_b0,amazon_331719_b1
amazon,train,amazon_299310_b0_322,amazon_299310_b0,amazon_299310_b1
amazon,train,amazon_1379428_b0_323,amazon_1379428_b0,amazon_1379428_b1
amazon,train,amazon_1054164_b0_324,amazon_1054164_b0,amazon_1054164_b1
amazon,train,amazon_448237_b0_325,amazon_448237_b0,amazon_448237_b1
amazon,train,amazon_1048748_b0_326,amazon_1048748_b0,amazon_1048748_b1
amazon,train,amazon_687880_b0_327,amazon_687880_b0,amazon_687880_b1
amazon,train,amazon_3340779_b0_328,amazon_3340779_b0,amazon_3340779_b1
amazon,train,amazon_2776222_b0_329,amazon_2776222_b0,amazon_2776222_b1
amazon,train,amazon_2729572_b0_330,amazon_2729572_b0,amazon_2729572_b1
amazon,train,amazon_406036_b0_331,amazon_406036_b0,amazon_406036_b1
amazon,train,amazon_691004_b0_332,amazon_691004_b0,amazon_691004_b1
amazon,train,amazon_2087085_b0_333,amazon_2087085_b0,amazon_2087085_b1
amazon,train,amazon_841910_b0_334,amazon_841910_b0,amazon_841910_b1
amazon,train,amazon_2758357_b0_335,amazon_2758357_b0,amazon_2758357_b1
amazon,train,amazon_981498_b0_336,amazon_981498_b0,amazon_981498_b1
amazon,train,amazon_1310112_b0_337,amazon_1310112_b0,amazon_1310112_b1
amazon,train,amazon_2310443_b0_338,amazon_2310443_b0,amazon_2310443_b1
amazon,train,amazon_715355_b0_339,amazon_715355_b0,amazon_715355_b1
amazon,train,amazon_784759_b0_340,amazon_784759_b0,amazon_784759_b1
amazon,train,amazon_3033349_b0_341,amazon_3033349_b0,amazon_3033349_b1
amazon,train,amazon_1705962_b0_342,amazon_1705962_b0,amazon_1705962_b1
amazon,train,amazon_1723902_b0_343,amazon_1723902_b0,amazon_1723902_b1
amazon,train,amazon_954309_b0_344,amazon_954309_b0,amazon_954309_b1
amazon,train,amazon_3234206_b0_345,amazon_3234206_b0,amazon_3234206_b1
amazon,train,amazon_1571913_b0_346,amazon_1571913_b0,amazon_1571913_b1
amazon,train,amazon_264463_b0_347,amazon_264463_b0,amazon_264463_b1
amazon,train,amazon_1278900_b0_348,amazon_1278900_b0,amazon_1278900_b1
amazon,train,amazon_3530968_b0_349,amazon_3530968_b0,amazon_3530968_b1
amazon,train,amazon_2722055_b0_350,amazon_2722055_b0,amazon_2722055_b1
amazon,train,amazon_688059_b0_351,amazon_688059_b0,amazon_688059_b1
amazon,train,amazon_1522431_b0_352,amazon_1522431_b0,amazon_1522431_b1
amazon,train,amazon_1859503_b0_353,amazon_1859503_b0,amazon_1859503_b1
amazon,train,amazon_845373_b0_354,amazon_845373_b0,amazon_845373_b1
amazon,train,amazon_2180317_b0_355,amazon_2180317_b0,amazon_2180317_b1
amazon,train,amazon_1749705_b0_356,amazon_1749705_b0,amazon_1749705_b1
amazon,train,amazon_3424437_b0_357,amazon_3424437_b0,amazon_3424437_b1
amazon,train,amazon_2164685_b0_358,amazon_2164685_b0,amazon_2164685_b1
amazon,train,amazon_336248_b0_359,amazon_336248_b0,amazon_336248_b1
amazon,train,amazon_2248499_b0_360,amazon_2248499_b0,amazon_2248499_b1
amazon,train,amazon_1119534_b0_361,amazon_1119534_b0,amazon_1119534_b1
amazon,train,amazon_1680577_b0_362,amazon_1680577_b0,amazon_1680577_b1
amazon,train,amazon_3323918_b0_363,amazon_3323918_b0,amazon_3323918_b1
amazon,train,amazon_2831081_b0_364,amazon_2831081_b0,amazon_2831081_b1
amazon,train,amazon_3474111_b0_365,amazon_3474111_b0,amazon_3474111_b1
amazon,train,amazon_1287694_b0_366,amazon_1287694_b0,amazon_1287694_b1
amazon,train,amazon_1468070_b0_367,amazon_1468070_b0,amazon_1468070_b1
amazon,train,amazon_2784541_b0_368,amazon_2784541_b0,amazon_2784541_b1
amazon,train,amazon_1128722_b0_369,amazon_1128722_b0,amazon_1128722_b1
amazon,train,amazon_527109_b0_370,amazon_527109_b0,amazon_527109_b1
amazon,train,amazon_1823770_b0_371,amazon_1823770_b0,amazon_1823770_b1
amazon,train,amazon_1228220_b0_372,amazon_1228220_b0,amazon_1228220_b1
amazon,train,amazon_2660919_b0_373,amazon_2660919_b0,amazon_2660919_b1
amazon,train,amazon_537939_b0_374,amazon_537939_b0,amazon_537939_b1
amazon,train,amazon_1124152_b0_375,amazon_1124152_b0,amazon_1124152_b1
amazon,train,amazon_819952_b0_376,amazon_819952_b0,amazon_819952_b1
amazon,train,amazon_2123910_b0_377,amazon_2123910_b0,amazon_2123910_b1
amazon,train,amazon_1412970_b0_378,amazon_1412970_b0,amazon_1412970_b1
amazon,train,amazon_882976_b0_379,amazon_882976_b0,amazon_882976_b1
amazon,train,amazon_1655903_b0_380,amazon_1655903_b0,amazon_1655903_b1
amazon,train,amazon_2789820_b0_381,amazon_2789820_b0,amazon_2789820_b1
amazon,train,amazon_1001026_b0_382,amazon_1001026_b0,amazon_1001026_b1
amazon,train,amazon_386272_b0_383,amazon_386272_b0,amazon_386272_b1
amazon,train,amazon_1938955_b0_384,amazon_1938955_b0,amazon_1938955_b1
amazon,train,amazon_1060925_b0_385,amazon_1060925_b0,amazon_1060925_b1
amazon,train,amazon_1202910_b0_386,amazon_1202910_b0,amazon_1202910_b1
amazon,train,amazon_2917541_b0_387,amazon_2917541_b0,amazon_2917541_b1
amazon,train,amazon_2105158_b0_388,amazon_2105158_b0,amazon_2105158_b1
amazon,train,amazon_2853792_b0_389,amazon_2853792_b0,amazon_2853792_b1
amazon,train,amazon_527424_b0_390,amazon_527424_b0,amazon_527424_b1
amazon,train,amazon_2773687_b0_391,amazon_2773687_b0,amazon_2773687_b1
amazon,train,amazon_1173080_b0_392,amazon_1173080_b0,amazon_1173080_b1
amazon,train,amazon_1192196_b0_393,amazon_1192196_b0,amazon_1192196_b1
amazon,train,amazon_847008_b0_394,amazon_847008_b0,amazon_847008_b1
amazon,train,amazon_3260209_b0_395,amazon_3260209_b0,amazon_3260209_b1
amazon,train,amazon_927198_b0_396,amazon_927198_b0,amazon_927198_b1
amazon,train,amazon_1223173_b0_397,amazon_1223173_b0,amazon_1223173_b1
amazon,train,amazon_3131861_b0_398,amazon_3131861_b0,amazon_3131861_b1
amazon,train,amazon_2699526_b0_399,amazon_2699526_b0,amazon_2699526_b1
amazon,train,amazon_2208506_b0_400,amazon_2208506_b0,amazon_2208506_b1
amazon,train,amazon_733385_b0_401,amazon_733385_b0,amazon_733385_b1
amazon,train,amazon_109710_b0_402,amazon_109710_b0,amazon_109710_b1
amazon,train,amazon_1611140_b0_403,amazon_1611140_b0,amazon_1611140_b1
amazon,train,amazon_2511414_b0_404,amazon_2511414_b0,amazon_2511414_b1
amazon,train,amazon_648974_b0_405,amazon_648974_b0,amazon_648974_b1
amazon,train,amazon_1875899_b0_406,amazon_1875899_b0,amazon_1875899_b1
amazon,train,amazon_1101167_b0_407,amazon_1101167_b0,amazon_1101167_b1
amazon,train,amazon_1089245_b0_408,amazon_1089245_b0,amazon_1089245_b1
amazon,train,amazon_1074668_b0_409,amazon_1074668_b0,amazon_1074668_b1
amazon,train,amazon_2578530_b0_410,amazon_2578530_b0,amazon_2578530_b1
amazon,train,amazon_2370029_b0_411,amazon_2370029_b0,amazon_2370029_b1
amazon,train,amazon_109872_b0_412,amazon_109872_b0,amazon_109872_b1
amazon,train,amazon_1667947_b0_413,amazon_1667947_b0,amazon_1667947_b1
amazon,train,amazon_844277_b0_414,amazon_844277_b0,amazon_844277_b1
amazon,train,amazon_2371000_b0_415,amazon_2371000_b0,amazon_2371000_b1
amazon,train,amazon_3417525_b0_416,amazon_3417525_b0,amazon_3417525_b1
amazon,train,amazon_1857433_b0_417,amazon_1857433_b0,amazon_1857433_b1
amazon,train,amazon_2514953_b0_418,amazon_2514953_b0,amazon_2514953_b1
amazon,train,amazon_1899462_b0_419,amazon_1899462_b0,amazon_1899462_b1
amazon,train,amazon_2832727_b0_420,amazon_2832727_b0,amazon_2832727_b1
amazon,train,amazon_751075_b0_421,amazon_751075_b0,amazon_751075_b1
amazon,train,amazon_1702118_b0_422,amazon_1702118_b0,amazon_1702118_b1
amazon,train,amazon_3062891_b0_423,amazon_3062891_b0,amazon_3062891_b1
amazon,train,amazon_2918679_b0_424,amazon_2918679_b0,amazon_2918679_b1
amazon,train,amazon_848537_b0_425,amazon_848537_b0,amazon_848537_b1
amazon,train,amazon_3369240_b0_426,amazon_3369240_b0,amazon_3369240_b1
amazon,train,amazon_2001900_b0_427,amazon_2001900_b0,amazon_2001900_b1
amazon,train,amazon_3522060_b0_428,amazon_3522060_b0,amazon_3522060_b1
amazon,train,amazon_1746441_b0_429,amazon_1746441_b0,amazon_1746441_b1
amazon,train,amazon_2742422_b0_430,amazon_2742422_b0,amazon_2742422_b1
amazon,train,amazon_1055882_b0_431,amazon_1055882_b0,amazon_1055882_b1
amazon,train,amazon_449110_b0_432,amazon_449110_b0,amazon_449110_b1
amazon,train,amazon_1109589_b0_433,amazon_1109589_b0,amazon_1109589_b1
amazon,train,amazon_3246246_b0_434,amazon_3246246_b0,amazon_3246246_b1
amazon,train,amazon_820507_b0_435,amazon_820507_b0,amazon_820507_b1
amazon,train,amazon_939750_b0_436,amazon_939750_b0,amazon_939750_b1
amazon,train,amazon_2196266_b0_437,amazon_2196266_b0,amazon_2196266_b1
amazon,train,amazon_3569697_b0_438,amazon_3569697_b0,amazon_3569697_b1
amazon,train,amazon_3108600_b0_439,amazon_3108600_b0,amazon_3108600_b1
amazon,train,amazon_1123296_b0_440,amazon_1123296_b0,amazon_1123296_b1
amazon,train,amazon_619868_b0_441,amazon_619868_b0,amazon_619868_b1
amazon,train,amazon_1864864_b0_442,amazon_1864864_b0,amazon_1864864_b1
amazon,train,amazon_2796602_b0_443,amazon_2796602_b0,amazon_2796602_b1
amazon,train,amazon_2093619_b0_444,amazon_2093619_b0,amazon_2093619_b1
amazon,train,amazon_908417_b0_445,amazon_908417_b0,amazon_908417_b1
amazon,train,amazon_3307350_b0_446,amazon_3307350_b0,amazon_3307350_b1
amazon,train,amazon_2528417_b0_447,amazon_2528417_b0,amazon_2528417_b1
amazon,train,amazon_1044671_b0_448,amazon_1044671_b0,amazon_1044671_b1
amazon,train,amazon_1837644_b0_449,amazon_1837644_b0,amazon_1837644_b1
amazon,train,amazon_2111871_b0_450,amazon_2111871_b0,amazon_2111871_b1
amazon,train,amazon_3039576_b0_451,amazon_3039576_b0,amazon_3039576_b1
amazon,train,amazon_3095992_b0_452,amazon_3095992_b0,amazon_3095992_b1
amazon,train,amazon_1664550_b0_453,amazon_1664550_b0,amazon_1664550_b1
amazon,train,amazon_2626946_b0_454,amazon_2626946_b0,amazon_2626946_b1
amazon,train,amazon_847156_b0_455,amazon_847156_b0,amazon_847156_b1
amazon,train,amazon_1773538_b0_456,amazon_1773538_b0,amazon_1773538_b1
amazon,train,amazon_1173715_b0_457,amazon_1173715_b0,amazon_1173715_b1
amazon,train,amazon_3076326_b0_458,amazon_3076326_b0,amazon_3076326_b1
amazon,train,amazon_3310053_b0_459,amazon_3310053_b0,amazon_3310053_b1
amazon,train,amazon_2092700_b0_460,amazon_2092700_b0,amazon_2092700_b1
amazon,train,amazon_3183687_b0_461,amazon_3183687_b0,amazon_3183687_b1
amazon,train,amazon_1576909_b0_462,amazon_1576909_b0,amazon_1576909_b1
amazon,train,amazon_2898112_b0_463,amazon_2898112_b0,amazon_2898112_b1
amazon,train,amazon_3574361_b0_464,amazon_3574361_b0,amazon_3574361_b1
amazon,train,amazon_2897746_b0_465,amazon_2897746_b0,amazon_2897746_b1
amazon,train,amazon_3457575_b0_466,amazon_3457575_b0,amazon_3457575_b1
amazon,train,amazon_178312_b0_467,amazon_178312_b0,amazon_178312_b1
amazon,train,amazon_3397684_b0_468,amazon_3397684_b0,amazon_3397684_b1
amazon,train,amazon_2165707_b0_469,amazon_2165707_b0,amazon_2165707_b1
amazon,train,amazon_2714745_b0_470,amazon_2714745_b0,amazon_2714745_b1
amazon,train,amazon_2981417_b0_471,amazon_2981417_b0,amazon_2981417_b1
amazon,train,amazon_1494465_b0_472,amazon_1494465_b0,amazon_1494465_b1
amazon,train,amazon_2467748_b0_473,amazon_2467748_b0,amazon_2467748_b1
amazon,train,amazon_3518254_b0_474,amazon_3518254_b0,amazon_3518254_b1
amazon,train,amazon_1532196_b0_475,amazon_1532196_b0,amazon_1532196_b1
amazon,train,amazon_2420534_b0_476,amazon_2420534_b0,amazon_2420534_b1
amazon,train,amazon_1792304_b0_477,amazon_1792304_b0,amazon_1792304_b1
amazon,train,amazon_2763255_b0_478,amazon_2763255_b0,amazon_2763255_b1
amazon,train,amazon_3202885_b0_479,amazon_3202885_b0,amazon_3202885_b1
amazon,train,amazon_2766921_b0_480,amazon_2766921_b0,amazon_2766921_b1
amazon,train,amazon_3593637_b0_481,amazon_3593637_b0,amazon_3593637_b1
amazon,train,amazon_2184586_b0_482,amazon_2184586_b0,amazon_2184586_b1
amazon,train,amazon_1046558_b0_483,amazon_1046558_b0,amazon_1046558_b1
amazon,train,amazon_1842661_b0_484,amazon_1842661_b0,amazon_1842661_b1
amazon,train,amazon_1513548_b0_485,amazon_1513548_b0,amazon_1513548_b1
amazon,train,amazon_1067192_b0_486,amazon_1067192_b0,amazon_1067192_b1
amazon,train,amazon_1212184_b0_487,amazon_1212184_b0,amazon_1212184_b1
amazon,train,amazon_1502519_b0_488,amazon_1502519_b0,amazon_1502519_b1
amazon,train,amazon_1954616_b0_489,amazon_1954616_b0,amazon_1954616_b1
amazon,train,amazon_7005_b0_490,amazon_7005_b0,amazon_7005_b1
amazon,train,amazon_2909134_b0_491,amazon_2909134_b0,amazon_2909134_b1
amazon,train,amazon_1417386_b0_492,amazon_1417386_b0,amazon_1417386_b1
amazon,train,amazon_2448944_b0_493,amazon_2448944_b0,amazon_2448944_b1
amazon,train,amazon_2720582_b0_494,amazon_2720582_b0,amazon_2720582_b1
amazon,train,amazon_1043182_b0_495,amazon_1043182_b0,amazon_1043182_b1
amazon,train,amazon_2211084_b0_496,amazon_2211084_b0,amazon_2211084_b1
amazon,train,amazon_1752826_b0_497,amazon_1752826_b0,amazon_1752826_b1
amazon,train,amazon_2524029_b0_498,amazon_2524029_b0,amazon_2524029_b1
amazon,train,amazon_3568138_b0_499,amazon_3568138_b0,amazon_3568138_b1
amazon,eval,amazon_314059_b0_500,amazon_314059_b0,amazon_314059_b1
amazon,eval,amazon_3056008_b0_501,amazon_3056008_b0,amazon_3056008_b1
amazon,eval,amazon_2830111_b0_502,amazon_2830111_b0,amazon_2830111_b1
amazon,eval,amazon_995056_b0_503,amazon_995056_b0,amazon_995056_b1
amazon,eval,amazon_1543981_b0_504,amazon_1543981_b0,amazon_1543981_b1
amazon,eval,amazon_3246368_b0_505,amazon_3246368_b0,amazon_3246368_b1
amazon,eval,amazon_3575663_b0_506,amazon_3575663_b0,amazon_3575663_b1
amazon,eval,amazon_2724111_b0_507,amazon_2724111_b0,amazon_2724111_b1
amazon,eval,amazon_2479573_b0_508,amazon_2479573_b0,amazon_2479573_b1
amazon,eval,amazon_3358504_b0_509,amazon_3358504_b0,amazon_3358504_b1
amazon,eval,amazon_3038376_b0_510,amazon_3038376_b0,amazon_3038376_b1
amazon,eval,amazon_64126_b0_511,amazon_64126_b0,amazon_64126_b1
amazon,eval,amazon_1683009_b0_512,amazon_1683009_b0,amazon_1683009_b1
amazon,eval,amazon_2744599_b0_513,amazon_2744599_b0,amazon_2744599_b1
amazon,eval,amazon_2644533_b0_514,amazon_2644533_b0,amazon_2644533_b1
amazon,eval,amazon_3112802_b0_515,amazon_3112802_b0,amazon_3112802_b1
amazon,eval,amazon_2261850_b0_516,amazon_2261850_b0,amazon_2261850_b1
amazon,eval,amazon_57826_b0_517,amazon_57826_b0,amazon_57826_b1
amazon,eval,amazon_650021_b0_518,amazon_650021_b0,amazon_650021_b1
amazon,eval,amazon_690521_b0_519,amazon_690521_b0,amazon_690521_b1
amazon,eval,amazon_3582845_b0_520,amazon_3582845_b0,amazon_3582845_b1
amazon,eval,amazon_2454233_b0_521,amazon_2454233_b0,amazon_2454233_b1
amazon,eval,amazon_68147_b0_522,amazon_68147_b0,amazon_68147_b1
amazon,eval,amazon_1025589_b0_523,amazon_1025589_b0,amazon_1025589_b1
amazon,eval,amazon_1283750_b0_524,amazon_1283750_b0,amazon_1283750_b1
amazon,eval,amazon_2690495_b0_525,amazon_2690495_b0,amazon_2690495_b1
amazon,eval,amazon_1981120_b0_526,amazon_1981120_b0,amazon_1981120_b1
amazon,eval,amazon_104012_b0_527,amazon_104012_b0,amazon_104012_b1
amazon,eval,amazon_3088215_b0_528,amazon_3088215_b0,amazon_3088215_b1
amazon,eval,amazon_2959081_b0_529,amazon_2959081_b0,amazon_2959081_b1
amazon,eval,amazon_1636684_b0_530,amazon_1636684_b0,amazon_1636684_b1
amazon,eval,amazon_2433925_b0_531,amazon_2433925_b0,amazon_2433925_b1
amazon,eval,amazon_2828851_b0_532,amazon_2828851_b0,amazon_2828851_b1
amazon,eval,amazon_539965_b0_533,amazon_539965_b0,amazon_539965_b1
amazon,eval,amazon_2835640_b0_534,amazon_2835640_b0,amazon_2835640_b1
amazon,eval,amazon_1316305_b0_535,amazon_1316305_b0,amazon_1316305_b1
amazon,eval,amazon_2851461_b0_536,amazon_2851461_b0,amazon_2851461_b1
amazon,eval,amazon_22014_b0_537,amazon_22014_b0,amazon_22014_b1
amazon,eval,amazon_2847161_b0_538,amazon_2847161_b0,amazon_2847161_b1
amazon,eval,amazon_3266663_b0_539,amazon_3266663_b0,amazon_3266663_b1
amazon,eval,amazon_1908209_b0_540,amazon_1908209_b0,amazon_1908209_b1
amazon,eval,amazon_679856_b0_541,amazon_679856_b0,amazon_679856_b1
amazon,eval,amazon_1710670_b0_542,amazon_1710670_b0,amazon_1710670_b1
amazon,eval,amazon_260700_b0_543,amazon_260700_b0,amazon_260700_b1
amazon,eval,amazon_2439721_b0_544,amazon_2439721_b0,amazon_2439721_b1
amazon,eval,amazon_3572987_b0_545,amazon_3572987_b0,amazon_3572987_b1
amazon,eval,amazon_3188164_b0_546,amazon_3188164_b0,amazon_3188164_b1
amazon,eval,amazon_2101230_b0_547,amazon_2101230_b0,amazon_2101230_b1
amazon,eval,amazon_2863088_b0_548,amazon_2863088_b0,amazon_2863088_b1
amazon,eval,amazon_475277_b0_549,amazon_475277_b0,amazon_475277_b1
amazon,eval,amazon_1573810_b0_550,amazon_1573810_b0,amazon_1573810_b1
amazon,eval,amazon_1836805_b0_551,amazon_1836805_b0,amazon_1836805_b1
amazon,eval,amazon_1829349_b0_552,amazon_1829349_b0,amazon_1829349_b1
amazon,eval,amazon_1287950_b0_553,amazon_1287950_b0,amazon_1287950_b1
amazon,eval,amazon_3345918_b0_554,amazon_3345918_b0,amazon_3345918_b1
amazon,eval,amazon_1359744_b0_555,amazon_1359744_b0,amazon_1359744_b1
amazon,eval,amazon_3216399_b0_556,amazon_3216399_b0,amazon_3216399_b1
amazon,eval,amazon_2321254_b0_557,amazon_2321254_b0,amazon_2321254_b1
amazon,eval,amazon_2316023_b0_558,amazon_2316023_b0,amazon_2316023_b1
amazon,eval,amazon_1564422_b0_559,amazon_1564422_b0,amazon_1564422_b1
amazon,eval,amazon_1118520_b0_560,amazon_1118520_b0,amazon_1118520_b1
amazon,eval,amazon_2663650_b0_561,amazon_2663650_b0,amazon_2663650_b1
amazon,eval,amazon_2754025_b0_562,amazon_2754025_b0,amazon_2754025_b1
amazon,eval,amazon_188431_b0_563,amazon_188431_b0,amazon_188431_b1
amazon,eval,amazon_1607023_b0_564,amazon_1607023_b0,amazon_1607023_b1
amazon,eval,amazon_108565_b0_565,amazon_108565_b0,amazon_108565_b1
amazon,eval,amazon_1009713_b0_566,amazon_1009713_b0,amazon_1009713_b1
amazon,eval,amazon_127062_b0_567,amazon_127062_b0,amazon_127062_b1
amazon,eval,amazon_3286518_b0_568,amazon_3286518_b0,amazon_3286518_b1
amazon,eval,amazon_188273_b0_569,amazon_188273_b0,amazon_188273_b1
amazon,eval,amazon_1040271_b0_570,amazon_1040271_b0,amazon_1040271_b1
amazon,eval,amazon_1730557_b0_571,amazon_1730557_b0,amazon_1730557_b1
amazon,eval,amazon_755738_b0_572,amazon_755738_b0,amazon_755738_b1
amazon,eval,amazon_595382_b0_573,amazon_595382_b0,amazon_595382_b1
amazon,eval,amazon_1390257_b0_574,amazon_1390257_b0,amazon_1390257_b1
amazon,eval,amazon_790244_b0_575,amazon_790244_b0,amazon_790244_b1
amazon,eval,amazon_179888_b0_576,amazon_179888_b0,amazon_179888_b1
amazon,eval,amazon_117968_b0_577,amazon_117968_b0,amazon_117968_b1
amazon,eval,amazon_3065460_b0_578,amazon_3065460_b0,amazon_3065460_b1
amazon,eval,amazon_1546008_b0_579,amazon_1546008_b0,amazon_1546008_b1
amazon,eval,amazon_1362890_b0_580,amazon_1362890_b0,amazon_1362890_b1
amazon,eval,amazon_3075450_b0_581,amazon_3075450_b0,amazon_3075450_b1
amazon,eval,amazon_1929044_b0_582,amazon_1929044_b0,amazon_1929044_b1
amazon,eval,amazon_2251637_b0_583,amazon_2251637_b0,amazon_2251637_b1
amazon,eval,amazon_459193_b0_584,amazon_459193_b0,amazon_459193_b1
amazon,eval,amazon_420468_b0_585,amazon_420468_b0,amazon_420468_b1
amazon,eval,amazon_577815_b0_586,amazon_577815_b0,amazon_577815_b1
amazon,eval,amazon_3415270_b0_587,amazon_3415270_b0,amazon_3415270_b1
amazon,eval,amazon_2853074_b0_588,amazon_2853074_b0,amazon_2853074_b1
amazon,eval,amazon_2974977_b0_589,amazon_2974977_b0,amazon_2974977_b1
amazon,eval,amazon_2421987_b0_590,amazon_2421987_b0,amazon_2421987_b1
amazon,eval,amazon_2928531_b0_591,amazon_2928531_b0,amazon_2928531_b1
amazon,eval,amazon_3006118_b0_592,amazon_3006118_b0,amazon_3006118_b1
amazon,eval,amazon_2145621_b0_593,amazon_2145621_b0,amazon_2145621_b1
amazon,eval,amazon_1803874_b0_594,amazon_1803874_b0,amazon_1803874_b1
amazon,eval,amazon_492675_b0_595,amazon_492675_b0,amazon_492675_b1
amazon,eval,amazon_2279121_b0_596,amazon_2279121_b0,amazon_2279121_b1
amazon,eval,amazon_1058262_b0_597,amazon_1058262_b0,amazon_1058262_b1
amazon,eval,amazon_2357354_b0_598,amazon_2357354_b0,amazon_2357354_b1
amazon,eval,amazon_1127544_b0_599,amazon_1127544_b0,amazon_1127544_b1
amazon,eval,amazon_145874_b0_600,amazon_145874_b0,amazon_145874_b1
amazon,eval,amazon_582809_b0_601,amazon_582809_b0,amazon_582809_b1
amazon,eval,amazon_2633560_b0_602,amazon_2633560_b0,amazon_2633560_b1
amazon,eval,amazon_1051839_b0_603,amazon_1051839_b0,amazon_1051839_b1
amazon,eval,amazon_839394_b0_604,amazon_839394_b0,amazon_839394_b1
amazon,eval,amazon_2800801_b0_605,amazon_2800801_b0,amazon_2800801_b1
amazon,eval,amazon_3247607_b0_606,amazon_3247607_b0,amazon_3247607_b1
amazon,eval,amazon_1777258_b0_607,amazon_1777258_b0,amazon_1777258_b1
amazon,eval,amazon_860380_b0_608,amazon_860380_b0,amazon_860380_b1
amazon,eval,amazon_2693677_b0_609,amazon_2693677_b0,amazon_2693677_b1
amazon,eval,amazon_3460569_b0_610,amazon_3460569_b0,amazon_3460569_b1
amazon,eval,amazon_1201482_b0_611,amazon_1201482_b0,amazon_1201482_b1
amazon,eval,amazon_1892976_b0_612,amazon_1892976_b0,amazon_1892976_b1
amazon,eval,amazon_1275912_b0_613,amazon_1275912_b0,amazon_1275912_b1
amazon,eval,amazon_3273188_b0_614,amazon_3273188_b0,amazon_3273188_b1
amazon,eval,amazon_936956_b0_615,amazon_936956_b0,amazon_936956_b1
amazon,eval,amazon_270680_b0_616,amazon_270680_b0,amazon_270680_b1
amazon,eval,amazon_526645_b0_617,amazon_526645_b0,amazon_526645_b1
amazon,eval,amazon_3479031_b0_618,amazon_3479031_b0,amazon_3479031_b1
amazon,eval,amazon_3460674_b0_619,amazon_3460674_b0,amazon_3460674_b1
amazon,eval,amazon_2436681_b0_620,amazon_2436681_b0,amazon_2436681_b1
amazon,eval,amazon_2073276_b0_621,amazon_2073276_b0,amazon_2073276_b1
amazon,eval,amazon_3322690_b0_622,amazon_3322690_b0,amazon_3322690_b1
amazon,eval,amazon_1230001_b0_623,amazon_1230001_b0,amazon_1230001_b1
amazon,eval,amazon_2573215_b0_624,amazon_2573215_b0,amazon_2573215_b1
amazon,eval,amazon_2450121_b0_625,amazon_2450121_b0,amazon_2450121_b1
amazon,eval,amazon_1171702_b0_626,amazon_1171702_b0,amazon_1171702_b1
amazon,eval,amazon_1670117_b0_627,amazon_1670117_b0,amazon_1670117_b1
amazon,eval,amazon_2382373_b0_628,amazon_2382373_b0,amazon_2382373_b1
amazon,eval,amazon_319348_b0_629,amazon_319348_b0,amazon_319348_b1
amazon,eval,amazon_3084506_b0_630,amazon_3084506_b0,amazon_3084506_b1
amazon,eval,amazon_1604345_b0_631,amazon_1604345_b0,amazon_1604345_b1
amazon,eval,amazon_715594_b0_632,amazon_715594_b0,amazon_715594_b1
amazon,eval,amazon_2006257_b0_633,amazon_2006257_b0,amazon_2006257_b1
amazon,eval,amazon_1946753_b0_634,amazon_1946753_b0,amazon_1946753_b1
amazon,eval,amazon_457519_b0_635,amazon_457519_b0,amazon_457519_b1
amazon,eval,amazon_1070700_b0_636,amazon_1070700_b0,amazon_1070700_b1
amazon,eval,amazon_3517699_b0_637,amazon_3517699_b0,amazon_3517699_b1
amazon,eval,amazon_1053997_b0_638,amazon_1053997_b0,amazon_1053997_b1
amazon,eval,amazon_1745298_b0_639,amazon_1745298_b0,amazon_1745298_b1
amazon,eval,amazon_1005108_b0_640,amazon_1005108_b0,amazon_1005108_b1
amazon,eval,amazon_3033440_b0_641,amazon_3033440_b0,amazon_3033440_b1
amazon,eval,amazon_1851561_b0_642,amazon_1851561_b0,amazon_1851561_b1
amazon,eval,amazon_548310_b0_643,amazon_548310_b0,amazon_548310_b1
amazon,eval,amazon_390324_b0_644,amazon_390324_b0,amazon_390324_b1
amazon,eval,amazon_621678_b0_645,amazon_621678_b0,amazon_621678_b1
amazon,eval,amazon_3384972_b0_646,amazon_3384972_b0,amazon_3384972_b1
amazon,eval,amazon_609868_b0_647,amazon_609868_b0,amazon_609868_b1
amazon,eval,amazon_48850_b0_648,amazon_48850_b0,amazon_48850_b1
amazon,eval,amazon_1620214_b0_649,amazon_1620214_b0,amazon_1620214_b1
amazon,eval,amazon_2973607_b0_650,amazon_2973607_b0,amazon_2973607_b1
amazon,eval,amazon_435972_b0_651,amazon_435972_b0,amazon_435972_b1
amazon,eval,amazon_3258115_b0_652,amazon_3258115_b0,amazon_3258115_b1
amazon,eval,amazon_2720761_b0_653,amazon_2720761_b0,amazon_2720761_b1
amazon,eval,amazon_2186150_b0_654,amazon_2186150_b0,amazon_2186150_b1
amazon,eval,amazon_978697_b0_655,amazon_978697_b0,amazon_978697_b1
amazon,eval,amazon_1561999_b0_656,amazon_1561999_b0,amazon_1561999_b1
amazon,eval,amazon_1238784_b0_657,amazon_1238784_b0,amazon_1238784_b1
amazon,eval,amazon_1978987_b0_658,amazon_1978987_b0,amazon_1978987_b1
amazon,eval,amazon_2803565_b0_659,amazon_2803565_b0,amazon_2803565_b1
amazon,eval,amazon_2912712_b0_660,amazon_2912712_b0,amazon_2912712_b1
amazon,eval,amazon_3094511_b0_661,amazon_3094511_b0,amazon_3094511_b1
amazon,eval,amazon_1090280_b0_662,amazon_1090280_b0,amazon_1090280_b1
amazon,eval,amazon_2246206_b0_663,amazon_2246206_b0,amazon_2246206_b1
amazon,eval,amazon_297127_b0_664,amazon_297127_b0,amazon_297127_b1
amazon,eval,amazon_1821097_b0_665,amazon_1821097_b0,amazon_1821097_b1
amazon,eval,amazon_2638056_b0_666,amazon_2638056_b0,amazon_2638056_b1
amazon,eval,amazon_405399_b0_667,amazon_405399_b0,amazon_405399_b1
amazon,eval,amazon_915962_b0_668,amazon_915962_b0,amazon_915962_b1
amazon,eval,amazon_734022_b0_669,amazon_734022_b0,amazon_734022_b1
amazon,eval,amazon_1769248_b0_670,amazon_1769248_b0,amazon_1769248_b1
amazon,eval,amazon_1452487_b0_671,amazon_1452487_b0,amazon_1452487_b1
amazon,eval,amazon_2352167_b0_672,amazon_2352167_b0,amazon_2352167_b1
amazon,eval,amazon_955032_b0_673,amazon_955032_b0,amazon_955032_b1
amazon,eval,amazon_504643_b0_674,amazon_504643_b0,amazon_504643_b1
amazon,eval,amazon_864215_b0_675,amazon_864215_b0,amazon_864215_b1
amazon,eval,amazon_3504471_b0_676,amazon_3504471_b0,amazon_3504471_b1
amazon,eval,amazon_3207495_b0_677,amazon_3207495_b0,amazon_3207495_b1
amazon,eval,amazon_2953741_b0_678,amazon_2953741_b0,amazon_2953741_b1
amazon,eval,amazon_481175_b0_679,amazon_481175_b0,amazon_481175_b1
amazon,eval,amazon_3233405_b0_680,amazon_3233405_b0,amazon_3233405_b1
amazon,eval,amazon_1475736_b0_681,amazon_1475736_b0,amazon_1475736_b1
amazon,eval,amazon_2291623_b0_682,amazon_2291623_b0,amazon_2291623_b1
amazon,eval,amazon_2739770_b0_683,amazon_2739770_b0,amazon_2739770_b1
amazon,eval,amazon_724745_b0_684,amazon_724745_b0,amazon_724745_b1
amazon,eval,amazon_2529272_b0_685,amazon_2529272_b0,amazon_2529272_b1
amazon,eval,amazon_1005398_b0_686,amazon_1005398_b0,amazon_1005398_b1
amazon,eval,amazon_2434800_b0_687,amazon_2434800_b0,amazon_2434800_b1
amazon,eval,amazon_1502418_b0_688,amazon_1502418_b0,amazon_1502418_b1
amazon,eval,amazon_738732_b0_689,amazon_738732_b0,amazon_738732_b1
amazon,eval,amazon_461712_b0_690,amazon_461712_b0,amazon_461712_b1
amazon,eval,amazon_403885_b0_691,amazon_403885_b0,amazon_403885_b1
amazon,eval,amazon_1565821_b0_692,amazon_1565821_b0,amazon_1565821_b1
amazon,eval,amazon_1792484_b0_693,amazon_1792484_b0,amazon_1792484_b1
amazon,eval,amazon_1449930_b0_694,amazon_1449930_b0,amazon_1449930_b1
amazon,eval,amazon_1556188_b0_695,amazon_1556188_b0,amazon_1556188_b1
amazon,eval,amazon_783391_b0_696,amazon_783391_b0,amazon_783391_b1
amazon,eval,amazon_1354709_b0_697,amazon_1354709_b0,amazon_1354709_b1
amazon,eval,amazon_2593476_b0_698,amazon_2593476_b0,amazon_2593476_b1
amazon,eval,amazon_1988773_b0_699,amazon_1988773_b0,amazon_1988773_b1
amazon,eval,amazon_2320219_b0_700,amazon_2320219_b0,amazon_2320219_b1
amazon,eval,amazon_1278600_b0_701,amazon_1278600_b0,amazon_1278600_b1
amazon,eval,amazon_3495844_b0_702,amazon_3495844_b0,amazon_3495844_b1
amazon,eval,amazon_3086535_b0_703,amazon_3086535_b0,amazon_3086535_b1
amazon,eval,amazon_1232940_b0_704,amazon_1232940_b0,amazon_1232940_b1
amazon,eval,amazon_3252920_b0_705,amazon_3252920_b0,amazon_3252920_b1
amazon,eval,amazon_2903972_b0_706,amazon_2903972_b0,amazon_2903972_b1
amazon,eval,amazon_3538427_b0_707,amazon_3538427_b0,amazon_3538427_b1
amazon,eval,amazon_1922627_b0_708,amazon_1922627_b0,amazon_1922627_b1
amazon,eval,amazon_2107531_b0_709,amazon_2107531_b0,amazon_2107531_b1
amazon,eval,amazon_1551942_b0_710,amazon_1551942_b0,amazon_1551942_b1
amazon,eval,amazon_1322182_b0_711,amazon_1322182_b0,amazon_1322182_b1
amazon,eval,amazon_2750144_b0_712,amazon_2750144_b0,amazon_2750144_b1
amazon,eval,amazon_3021943_b0_713,amazon_3021943_b0,amazon_3021943_b1
amazon,eval,amazon_2712183_b0_714,amazon_2712183_b0,amazon_2712183_b1
amazon,eval,amazon_1949348_b0_715,amazon_1949348_b0,amazon_1949348_b1
amazon,eval,amazon_2556547_b0_716,amazon_2556547_b0,amazon_2556547_b1
amazon,eval,amazon_1849346_b0_717,amazon_1849346_b0,amazon_1849346_b1
amazon,eval,amazon_1139263_b0_718,amazon_1139263_b0,amazon_1139263_b1
amazon,eval,amazon_2101765_b0_719,amazon_2101765_b0,amazon_2101765_b1
amazon,eval,amazon_726722_b0_720,amazon_726722_b0,amazon_726722_b1
amazon,eval,amazon_1284978_b0_721,amazon_1284978_b0,amazon_1284978_b1
amazon,eval,amazon_2883410_b0_722,amazon_2883410_b0,amazon_2883410_b1
amazon,eval,amazon_2717490_b0_723,amazon_2717490_b0,amazon_2717490_b1
amazon,eval,amazon_1371_b0_724,amazon_1371_b0,amazon_1371_b1
amazon,eval,amazon_1009922_b0_725,amazon_1009922_b0,amazon_1009922_b1
amazon,eval,amazon_1614854_b0_726,amazon_1614854_b0,amazon_1614854_b1
amazon,eval,amazon_2265736_b0_727,amazon_2265736_b0,amazon_2265736_b1
amazon,eval,amazon_2124477_b0_728,amazon_2124477_b0,amazon_2124477_b1
amazon,eval,amazon_147702_b0_729,amazon_147702_b0,amazon_147702_b1
amazon,eval,amazon_2636883_b0_730,amazon_2636883_b0,amazon_2636883_b1
amazon,eval,amazon_1312515_b0_731,amazon_1312515_b0,amazon_1312515_b1
amazon,eval,amazon_3026993_b0_732,amazon_3026993_b0,amazon_3026993_b1
amazon,eval,amazon_510007_b0_733,amazon_510007_b0,amazon_510007_b1
amazon,eval,amazon_691435_b0_734,amazon_691435_b0,amazon_691435_b1
amazon,eval,amazon_750895_b0_735,amazon_750895_b0,amazon_750895_b1
amazon,eval,amazon_2158555_b0_736,amazon_2158555_b0,amazon_2158555_b1
amazon,eval,amazon_2558979_b0_737,amazon_2558979_b0,amazon_2558979_b1
amazon,eval,amazon_162216_b0_738,amazon_162216_b0,amazon_162216_b1
amazon,eval,amazon_1357073_b0_739,amazon_1357073_b0,amazon_1357073_b1
amazon,eval,amazon_2617387_b0_740,amazon_2617387_b0,amazon_2617387_b1
amazon,eval,amazon_590650_b0_741,amazon_590650_b0,amazon_590650_b1
amazon,eval,amazon_42829_b0_742,amazon_42829_b0,amazon_42829_b1
amazon,eval,amazon_1938117_b0_743,amazon_1938117_b0,amazon_1938117_b1
amazon,eval,amazon_1699814_b0_744,amazon_1699814_b0,amazon_1699814_b1
amazon,eval,amazon_1501260_b0_745,amazon_1501260_b0,amazon_1501260_b1
amazon,eval,amazon_713472_b0_746,amazon_713472_b0,amazon_713472_b1
amazon,eval,amazon_778274_b0_747,amazon_778274_b0,amazon_778274_b1
amazon,eval,amazon_1282660_b0_748,amazon_1282660_b0,amazon_1282660_b1
amazon,eval,amazon_2415778_b0_749,amazon_2415778_b0,amazon_2415778_b1
amazon,eval,amazon_2250081_b0_750,amazon_2250081_b0,amazon_2250081_b1
amazon,eval,amazon_1335499_b0_751,amazon_1335499_b0,amazon_1335499_b1
amazon,eval,amazon_1194618_b0_752,amazon_1194618_b0,amazon_1194618_b1
amazon,eval,amazon_1248652_b0_753,amazon_1248652_b0,amazon_1248652_b1
amazon,eval,amazon_1710333_b0_754,amazon_1710333_b0,amazon_1710333_b1
amazon,eval,amazon_2057815_b0_755,amazon_2057815_b0,amazon_2057815_b1
amazon,eval,amazon_629666_b0_756,amazon_629666_b0,amazon_629666_b1
amazon,eval,amazon_772365_b0_757,amazon_772365_b0,amazon_772365_b1
amazon,eval,amazon_1524298_b0_758,amazon_1524298_b0,amazon_1524298_b1
amazon,eval,amazon_1550020_b0_759,amazon_1550020_b0,amazon_1550020_b1
amazon,eval,amazon_652143_b0_760,amazon_652143_b0,amazon_652143_b1
amazon,eval,amazon_1608871_b0_761,amazon_1608871_b0,amazon_1608871_b1
amazon,eval,amazon_2285274_b0_762,amazon_2285274_b0,amazon_2285274_b1
amazon,eval,amazon_948_b0_763,amazon_948_b0,amazon_948_b1
amazon,eval,amazon_1964106_b0_764,amazon_1964106_b0,amazon_1964106_b1
amazon,eval,amazon_476840_b0_765,amazon_476840_b0,amazon_476840_b1
amazon,eval,amazon_3414411_b0_766,amazon_3414411_b0,amazon_3414411_b1
amazon,eval,amazon_1672024_b0_767,amazon_1672024_b0,amazon_1672024_b1
amazon,eval,amazon_1242807_b0_768,amazon_1242807_b0,amazon_1242807_b1
amazon,eval,amazon_722256_b0_769,amazon_722256_b0,amazon_722256_b1
amazon,eval,amazon_922495_b0_770,amazon_922495_b0,amazon_922495_b1
amazon,eval,amazon_485043_b0_771,amazon_485043_b0,amazon_485043_b1
amazon,eval,amazon_2605836_b0_772,amazon_2605836_b0,amazon_2605836_b1
amazon,eval,amazon_2826873_b0_773,amazon_2826873_b0,amazon_2826873_b1
amazon,eval,amazon_1487407_b0_774,amazon_1487407_b0,amazon_1487407_b1
amazon,eval,amazon_3300692_b0_775,amazon_3300692_b0,amazon_3300692_b1
amazon,eval,amazon_983838_b0_776,amazon_983838_b0,amazon_983838_b1
amazon,eval,amazon_3072626_b0_777,amazon_3072626_b0,amazon_3072626_b1
amazon,eval,amazon_1678493_b0_778,amazon_1678493_b0,amazon_1678493_b1
amazon,eval,amazon_1695382_b0_779,amazon_1695382_b0,amazon_1695382_b1
amazon,eval,amazon_2919547_b0_780,amazon_2919547_b0,amazon_2919547_b1
amazon,eval,amazon_1552333_b0_781,amazon_1552333_b0,amazon_1552333_b1
amazon,eval,amazon_1082948_b0_782,amazon_1082948_b0,amazon_1082948_b1
amazon,eval,amazon_2498347_b0_783,amazon_2498347_b0,amazon_2498347_b1
amazon,eval,amazon_809790_b0_784,amazon_809790_b0,amazon_809790_b1
amazon,eval,amazon_3327451_b0_785,amazon_3327451_b0,amazon_3327451_b1
amazon,eval,amazon_3515704_b0_786,amazon_3515704_b0,amazon_3515704_b1
amazon,eval,amazon_510141_b0_787,amazon_510141_b0,amazon_510141_b1
amazon,eval,amazon_387067_b0_788,amazon_387067_b0,amazon_387067_b1
amazon,eval,amazon_2883762_b0_789,amazon_2883762_b0,amazon_2883762_b1
amazon,eval,amazon_2596222_b0_790,amazon_2596222_b0,amazon_2596222_b1
amazon,eval,amazon_1717603_b0_791,amazon_1717603_b0,amazon_1717603_b1
amazon,eval,amazon_1716783_b0_792,amazon_1716783_b0,amazon_1716783_b1
amazon,eval,amazon_1062208_b0_793,amazon_1062208_b0,amazon_1062208_b1
amazon,eval,amazon_2143402_b0_794,amazon_2143402_b0,amazon_2143402_b1
amazon,eval,amazon_2061524_b0_795,amazon_2061524_b0,amazon_2061524_b1
amazon,eval,amazon_2525792_b0_796,amazon_2525792_b0,amazon_2525792_b1
amazon,eval,amazon_1543731_b0_797,amazon_1543731_b0,amazon_1543731_b1
amazon,eval,amazon_1124709_b0_798,amazon_1124709_b0,amazon_1124709_b1
amazon,eval,amazon_3143527_b0_799,amazon_3143527_b0,amazon_3143527_b1
amazon,eval,amazon_3401170_b0_800,amazon_3401170_b0,amazon_3401170_b1
amazon,eval,amazon_327190_b0_801,amazon_327190_b0,amazon_327190_b1
amazon,eval,amazon_1025340_b0_802,amazon_1025340_b0,amazon_1025340_b1
amazon,eval,amazon_2913704_b0_803,amazon_2913704_b0,amazon_2913704_b1
amazon,eval,amazon_1399085_b0_804,amazon_1399085_b0,amazon_1399085_b1
amazon,eval,amazon_1160246_b0_805,amazon_1160246_b0,amazon_1160246_b1
amazon,eval,amazon_1338316_b0_806,amazon_1338316_b0,amazon_1338316_b1
amazon,eval,amazon_671511_b0_807,amazon_671511_b0,amazon_671511_b1
amazon,eval,amazon_159735_b0_808,amazon_159735_b0,amazon_159735_b1
amazon,eval,amazon_2827799_b0_809,amazon_2827799_b0,amazon_2827799_b1
amazon,eval,amazon_1062770_b0_810,amazon_1062770_b0,amazon_1062770_b1
amazon,eval,amazon_2984661_b0_811,amazon_2984661_b0,amazon_2984661_b1
amazon,eval,amazon_1641586_b0_812,amazon_1641586_b0,amazon_1641586_b1
amazon,eval,amazon_644218_b0_813,amazon_644218_b0,amazon_644218_b1
amazon,eval,amazon_1178835_b0_814,amazon_1178835_b0,amazon_1178835_b1
amazon,eval,amazon_3096907_b0_815,amazon_3096907_b0,amazon_3096907_b1
amazon,eval,amazon_970488_b0_816,amazon_970488_b0,amazon_970488_b1
amazon,eval,amazon_3417873_b0_817,amazon_3417873_b0,amazon_3417873_b1
amazon,eval,amazon_551394_b0_818,amazon_551394_b0,amazon_551394_b1
amazon,eval,amazon_1074919_b0_819,amazon_1074919_b0,amazon_1074919_b1
amazon,eval,amazon_2512680_b0_820,amazon_2512680_b0,amazon_2512680_b1
amazon,eval,amazon_1852250_b0_821,amazon_1852250_b0,amazon_1852250_b1
amazon,eval,amazon_2357711_b0_822,amazon_2357711_b0,amazon_2357711_b1
amazon,eval,amazon_2595066_b0_823,amazon_2595066_b0,amazon_2595066_b1
amazon,eval,amazon_722123_b0_824,amazon_722123_b0,amazon_722123_b1
amazon,eval,amazon_3422146_b0_825,amazon_3422146_b0,amazon_3422146_b1
amazon,eval,amazon_462612_b0_826,amazon_462612_b0,amazon_462612_b1
amazon,eval,amazon_981206_b0_827,amazon_981206_b0,amazon_981206_b1
amazon,eval,amazon_2095943_b0_828,amazon_2095943_b0,amazon_2095943_b1
amazon,eval,amazon_511567_b0_829,amazon_511567_b0,amazon_511567_b1
amazon,eval,amazon_1454073_b0_830,amazon_1454073_b0,amazon_1454073_b1
amazon,eval,amazon_1809819_b0_831,amazon_1809819_b0,amazon_1809819_b1
amazon,eval,amazon_2359273_b0_832,amazon_2359273_b0,amazon_2359273_b1
amazon,eval,amazon_978136_b0_833,amazon_978136_b0,amazon_978136_b1
amazon,eval,amazon_3469760_b0_834,amazon_3469760_b0,amazon_3469760_b1
amazon,eval,amazon_2055156_b0_835,amazon_2055156_b0,amazon_2055156_b1
amazon,eval,amazon_2866702_b0_836,amazon_2866702_b0,amazon_2866702_b1
amazon,eval,amazon_1779145_b0_837,amazon_1779145_b0,amazon_1779145_b1
amazon,eval,amazon_92428_b0_838,amazon_92428_b0,amazon_92428_b1
amazon,eval,amazon_513511_b0_839,amazon_513511_b0,amazon_513511_b1
amazon,eval,amazon_233175_b0_840,amazon_233175_b0,amazon_233175_b1
amazon,eval,amazon_700872_b0_841,amazon_700872_b0,amazon_700872_b1
amazon,eval,amazon_2878807_b0_842,amazon_2878807_b0,amazon_2878807_b1
amazon,eval,amazon_727380_b0_843,amazon_727380_b0,amazon_727380_b1
amazon,eval,amazon_2491355_b0_844,amazon_2491355_b0,amazon_2491355_b1
amazon,eval,amazon_2863186_b0_845,amazon_2863186_b0,amazon_2863186_b1
amazon,eval,amazon_1607009_b0_846,amazon_1607009_b0,amazon_1607009_b1
amazon,eval,amazon_368119_b0_847,amazon_368119_b0,amazon_368119_b1
amazon,eval,amazon_2176328_b0_848,amazon_2176328_b0,amazon_2176328_b1
amazon,eval,amazon_1275697_b0_849,amazon_1275697_b0,amazon_1275697_b1
amazon,eval,amazon_573548_b0_850,amazon_573548_b0,amazon_573548_b1
amazon,eval,amazon_2413388_b0_851,amazon_2413388_b0,amazon_2413388_b1
amazon,eval,amazon_2365517_b0_852,amazon_2365517_b0,amazon_2365517_b1
amazon,eval,amazon_1702445_b0_853,amazon_1702445_b0,amazon_1702445_b1
amazon,eval,amazon_2142996_b0_854,amazon_2142996_b0,amazon_2142996_b1
amazon,eval,amazon_1976162_b0_855,amazon_1976162_b0,amazon_1976162_b1
amazon,eval,amazon_3448835_b0_856,amazon_3448835_b0,amazon_3448835_b1
amazon,eval,amazon_1934828_b0_857,amazon_1934828_b0,amazon_1934828_b1
amazon,eval,amazon_290339_b0_858,amazon_290339_b0,amazon_290339_b1
amazon,eval,amazon_1173547_b0_859,amazon_1173547_b0,amazon_1173547_b1
amazon,eval,amazon_1463670_b0_860,amazon_1463670_b0,amazon_1463670_b1
amazon,eval,amazon_3590072_b0_861,amazon_3590072_b0,amazon_3590072_b1
amazon,eval,amazon_1143351_b0_862,amazon_1143351_b0,amazon_1143351_b1
amazon,eval,amazon_720779_b0_863,amazon_720779_b0,amazon_720779_b1
amazon,eval,amazon_1490296_b0_864,amazon_1490296_b0,amazon_1490296_b1
amazon,eval,amazon_1362206_b0_865,amazon_1362206_b0,amazon_1362206_b1
amazon,eval,amazon_3406150_b0_866,amazon_3406150_b0,amazon_3406150_b1
amazon,eval,amazon_890758_b0_867,amazon_890758_b0,amazon_890758_b1
amazon,eval,amazon_3113671_b0_868,amazon_3113671_b0,amazon_3113671_b1
amazon,eval,amazon_1147093_b0_869,amazon_1147093_b0,amazon_1147093_b1
amazon,eval,amazon_282229_b0_870,amazon_282229_b0,amazon_282229_b1
amazon,eval,amazon_1338288_b0_871,amazon_1338288_b0,amazon_1338288_b1
amazon,eval,amazon_1659875_b0_872,amazon_1659875_b0,amazon_1659875_b1
amazon,eval,amazon_1208788_b0_873,amazon_1208788_b0,amazon_1208788_b1
amazon,eval,amazon_2615171_b0_874,amazon_2615171_b0,amazon_2615171_b1
amazon,eval,amazon_2938751_b0_875,amazon_2938751_b0,amazon_2938751_b1
amazon,eval,amazon_556443_b0_876,amazon_556443_b0,amazon_556443_b1
amazon,eval,amazon_2626023_b0_877,amazon_2626023_b0,amazon_2626023_b1
amazon,eval,amazon_196409_b0_878,amazon_196409_b0,amazon_196409_b1
amazon,eval,amazon_2619639_b0_879,amazon_2619639_b0,amazon_2619639_b1
amazon,eval,amazon_3504064_b0_880,amazon_3504064_b0,amazon_3504064_b1
amazon,eval,amazon_1577334_b0_881,amazon_1577334_b0,amazon_1577334_b1
amazon,eval,amazon_2570870_b0_882,amazon_2570870_b0,amazon_2570870_b1
amazon,eval,amazon_3130974_b0_883,amazon_3130974_b0,amazon_3130974_b1
amazon,eval,amazon_604667_b0_884,amazon_604667_b0,amazon_604667_b1
amazon,eval,amazon_732741_b0_885,amazon_732741_b0,amazon_732741_b1
amazon,eval,amazon_1742026_b0_886,amazon_1742026_b0,amazon_1742026_b1
amazon,eval,amazon_1359771_b0_887,amazon_1359771_b0,amazon_1359771_b1
amazon,eval,amazon_2629202_b0_888,amazon_2629202_b0,amazon_2629202_b1
amazon,eval,amazon_1360835_b0_889,amazon_1360835_b0,amazon_1360835_b1
amazon,eval,amazon_838539_b0_890,amazon_838539_b0,amazon_838539_b1
amazon,eval,amazon_3047142_b0_891,amazon_3047142_b0,amazon_3047142_b1
amazon,eval,amazon_30933_b0_892,amazon_30933_b0,amazon_30933_b1
amazon,eval,amazon_2229204_b0_893,amazon_2229204_b0,amazon_2229204_b1
amazon,eval,amazon_3343246_b0_894,amazon_3343246_b0,amazon_3343246_b1
amazon,eval,amazon_406735_b0_895,amazon_406735_b0,amazon_406735_b1
amazon,eval,amazon_3599911_b0_896,amazon_3599911_b0,amazon_3599911_b1
amazon,eval,amazon_3418137_b0_897,amazon_3418137_b0,amazon_3418137_b1
amazon,eval,amazon_1962203_b0_898,amazon_1962203_b0,amazon_1962203_b1
amazon,eval,amazon_2470707_b0_899,amazon_2470707_b0,amazon_2470707_b1
amazon,eval,amazon_692414_b0_900,amazon_692414_b0,amazon_692414_b1
amazon,eval,amazon_772524_b0_901,amazon_772524_b0,amazon_772524_b1
amazon,eval,amazon_2077669_b0_902,amazon_2077669_b0,amazon_2077669_b1
amazon,eval,amazon_424934_b0_903,amazon_424934_b0,amazon_424934_b1
amazon,eval,amazon_3258916_b0_904,amazon_3258916_b0,amazon_3258916_b1
amazon,eval,amazon_2223099_b0_905,amazon_2223099_b0,amazon_2223099_b1
amazon,eval,amazon_2760726_b0_906,amazon_2760726_b0,amazon_2760726_b1
amazon,eval,amazon_653219_b0_907,amazon_653219_b0,amazon_653219_b1
amazon,eval,amazon_775062_b0_908,amazon_775062_b0,amazon_775062_b1
amazon,eval,amazon_3070649_b0_909,amazon_3070649_b0,amazon_3070649_b1
amazon,eval,amazon_378254_b0_910,amazon_378254_b0,amazon_378254_b1
amazon,eval,amazon_721281_b0_911,amazon_721281_b0,amazon_721281_b1
amazon,eval,amazon_2481582_b0_912,amazon_2481582_b0,amazon_2481582_b1
amazon,eval,amazon_1835222_b0_913,amazon_1835222_b0,amazon_1835222_b1
amazon,eval,amazon_2958179_b0_914,amazon_2958179_b0,amazon_2958179_b1
amazon,eval,amazon_1509117_b0_915,amazon_1509117_b0,amazon_1509117_b1
amazon,eval,amazon_1025719_b0_916,amazon_1025719_b0,amazon_1025719_b1
amazon,eval,amazon_2286740_b0_917,amazon_2286740_b0,amazon_2286740_b1
amazon,eval,amazon_1487716_b0_918,amazon_1487716_b0,amazon_1487716_b1
amazon,eval,amazon_3180025_b0_919,amazon_3180025_b0,amazon_3180025_b1
amazon,eval,amazon_2367082_b0_920,amazon_2367082_b0,amazon_2367082_b1
amazon,eval,amazon_1566143_b0_921,amazon_1566143_b0,amazon_1566143_b1
amazon,eval,amazon_1169806_b0_922,amazon_1169806_b0,amazon_1169806_b1
amazon,eval,amazon_1828577_b0_923,amazon_1828577_b0,amazon_1828577_b1
amazon,eval,amazon_2698088_b0_924,amazon_2698088_b0,amazon_2698088_b1
amazon,eval,amazon_474472_b0_925,amazon_474472_b0,amazon_474472_b1
amazon,eval,amazon_2995417_b0_926,amazon_2995417_b0,amazon_2995417_b1
amazon,eval,amazon_1330187_b0_927,amazon_1330187_b0,amazon_1330187_b1
amazon,eval,amazon_1298297_b0_928,amazon_1298297_b0,amazon_1298297_b1
amazon,eval,amazon_435623_b0_929,amazon_435623_b0,amazon_435623_b1
amazon,eval,amazon_13735_b0_930,amazon_13735_b0,amazon_13735_b1
amazon,eval,amazon_3419970_b0_931,amazon_3419970_b0,amazon_3419970_b1
amazon,eval,amazon_2314090_b0_932,amazon_2314090_b0,amazon_2314090_b1
amazon,eval,amazon_3197965_b0_933,amazon_3197965_b0,amazon_3197965_b1
amazon,eval,amazon_2458835_b0_934,amazon_2458835_b0,amazon_2458835_b1
amazon,eval,amazon_266550_b0_935,amazon_266550_b0,amazon_266550_b1
amazon,eval,amazon_514139_b0_936,amazon_514139_b0,amazon_514139_b1
amazon,eval,amazon_219926_b0_937,amazon_219926_b0,amazon_219926_b1
amazon,eval,amazon_3028520_b0_938,amazon_3028520_b0,amazon_3028520_b1
amazon,eval,amazon_1030631_b0_939,amazon_1030631_b0,amazon_1030631_b1
amazon,eval,amazon_3245698_b0_940,amazon_3245698_b0,amazon_3245698_b1
amazon,eval,amazon_1805844_b0_941,amazon_1805844_b0,amazon_1805844_b1
amazon,eval,amazon_149252_b0_942,amazon_149252_b0,amazon_149252_b1
amazon,eval,amazon_1928220_b0_943,amazon_1928220_b0,amazon_1928220_b1
amazon,eval,amazon_3202020_b0_944,amazon_3202020_b0,amazon_3202020_b1
amazon,eval,amazon_1956440_b0_945,amazon_1956440_b0,amazon_1956440_b1
amazon,eval,amazon_3178961_b0_946,amazon_3178961_b0,amazon_3178961_b1
amazon,eval,amazon_1013317_b0_947,amazon_1013317_b0,amazon_1013317_b1
amazon,eval,amazon_1759479_b0_948,amazon_1759479_b0,amazon_1759479_b1
amazon,eval,amazon_3091456_b0_949,amazon_3091456_b0,amazon_3091456_b1
amazon,eval,amazon_512029_b0_950,amazon_512029_b0,amazon_512029_b1
amazon,eval,amazon_1292477_b0_951,amazon_1292477_b0,amazon_1292477_b1
amazon,eval,amazon_1408623_b0_952,amazon_1408623_b0,amazon_1408623_b1
amazon,eval,amazon_2013592_b0_953,amazon_2013592_b0,amazon_2013592_b1
amazon,eval,amazon_3452849_b0_954,amazon_3452849_b0,amazon_3452849_b1
amazon,eval,amazon_2142348_b0_955,amazon_2142348_b0,amazon_2142348_b1
amazon,eval,amazon_400523_b0_956,amazon_400523_b0,amazon_400523_b1
amazon,eval,amazon_2609376_b0_957,amazon_2609376_b0,amazon_2609376_b1
amazon,eval,amazon_990346_b0_958,amazon_990346_b0,amazon_990346_b1
amazon,eval,amazon_1713194_b0_959,amazon_1713194_b0,amazon_1713194_b1
amazon,eval,amazon_3429616_b0_960,amazon_3429616_b0,amazon_3429616_b1
amazon,eval,amazon_1046512_b0_961,amazon_1046512_b0,amazon_1046512_b1
amazon,eval,amazon_36120_b0_962,amazon_36120_b0,amazon_36120_b1
amazon,eval,amazon_692781_b0_963,amazon_692781_b0,amazon_692781_b1
amazon,eval,amazon_3389570_b0_964,amazon_3389570_b0,amazon_3389570_b1
amazon,eval,amazon_3395502_b0_965,amazon_3395502_b0,amazon_3395502_b1
amazon,eval,amazon_996554_b0_966,amazon_996554_b0,amazon_996554_b1
amazon,eval,amazon_2178143_b0_967,amazon_2178143_b0,amazon_2178143_b1
amazon,eval,amazon_1695693_b0_968,amazon_1695693_b0,amazon_1695693_b1
amazon,eval,amazon_706678_b0_969,amazon_706678_b0,amazon_706678_b1
amazon,eval,amazon_2120541_b0_970,amazon_2120541_b0,amazon_2120541_b1
amazon,eval,amazon_658910_b0_971,amazon_658910_b0,amazon_658910_b1
amazon,eval,amazon_2123477_b0_972,amazon_2123477_b0,amazon_2123477_b1
amazon,eval,amazon_2584637_b0_973,amazon_2584637_b0,amazon_2584637_b1
amazon,eval,amazon_2016172_b0_974,amazon_2016172_b0,amazon_2016172_b1
amazon,eval,amazon_451547_b0_975,amazon_451547_b0,amazon_451547_b1
amazon,eval,amazon_238918_b0_976,amazon_238918_b0,amazon_238918_b1
amazon,eval,amazon_2220252_b0_977,amazon_2220252_b0,amazon_2220252_b1
amazon,eval,amazon_1756399_b0_978,amazon_1756399_b0,amazon_1756399_b1
amazon,eval,amazon_1032315_b0_979,amazon_1032315_b0,amazon_1032315_b1
amazon,eval,amazon_2935847_b0_980,amazon_2935847_b0,amazon_2935847_b1
amazon,eval,amazon_1669120_b0_981,amazon_1669120_b0,amazon_1669120_b1
amazon,eval,amazon_1415244_b0_982,amazon_1415244_b0,amazon_1415244_b1
amazon,eval,amazon_3036575_b0_983,amazon_3036575_b0,amazon_3036575_b1
amazon,eval,amazon_241774_b0_984,amazon_241774_b0,amazon_241774_b1
amazon,eval,amazon_3079145_b0_985,amazon_3079145_b0,amazon_3079145_b1
amazon,eval,amazon_611186_b0_986,amazon_611186_b0,amazon_611186_b1
amazon,eval,amazon_2779649_b0_987,amazon_2779649_b0,amazon_2779649_b1
amazon,eval,amazon_584128_b0_988,amazon_584128_b0,amazon_584128_b1
amazon,eval,amazon_3209146_b0_989,amazon_3209146_b0,amazon_3209146_b1
amazon,eval,amazon_946711_b0_990,amazon_946711_b0,amazon_946711_b1
amazon,eval,amazon_1051636_b0_991,amazon_1051636_b0,amazon_1051636_b1
amazon,eval,amazon_2862218_b0_992,amazon_2862218_b0,amazon_2862218_b1
amazon,eval,amazon_1259440_b0_993,amazon_1259440_b0,amazon_1259440_b1
amazon,eval,amazon_1844832_b0_994,amazon_1844832_b0,amazon_1844832_b1
amazon,eval,amazon_3269100_b0_995,amazon_3269100_b0,amazon_3269100_b1
amazon,eval,amazon_1251807_b0_996,amazon_1251807_b0,amazon_1251807_b1
amazon,eval,amazon_3331976_b0_997,amazon_3331976_b0,amazon_3331976_b1
amazon,eval,amazon_1592949_b0_998,amazon_1592949_b0,amazon_1592949_b1
amazon,eval,amazon_2210892_b0_999,amazon_2210892_b0,amazon_2210892_b1
imdb,train,imdb_6378_b0_1000,imdb_6378_b0,imdb_6378_b1
imdb,train,imdb_13271_b0_1001,imdb_13271_b0,imdb_13271_b1
imdb,train,imdb_909_b0_1002,imdb_909_b0,imdb_909_b1
imdb,train,imdb_11645_b0_1003,imdb_11645_b0,imdb_11645_b1
imdb,train,imdb_7153_b0_1004,imdb_7153_b0,imdb_7153_b1
imdb,train,imdb_10912_b0_1005,imdb_10912_b0,imdb_10912_b1
imdb,train,imdb_12502_b0_1006,imdb_12502_b0,imdb_12502_b1
imdb,train,imdb_1807_b0_1007,imdb_1807_b0,imdb_1807_b1
imdb,train,imdb_11725_b0_1008,imdb_11725_b0,imdb_11725_b1
imdb,train,imdb_23448_b0_1009,imdb_23448_b0,imdb_23448_b1
imdb,train,imdb_24065_b0_1010,imdb_24065_b0,imdb_24065_b1
imdb,train,imdb_16225_b0_1011,imdb_16225_b0,imdb_16225_b1
imdb,train,imdb_21571_b0_1012,imdb_21571_b0,imdb_21571_b1
imdb,train,imdb_11525_b0_1013,imdb_11525_b0,imdb_11525_b1
imdb,train,imdb_17867_b0_1014,imdb_17867_b0,imdb_17867_b1
imdb,train,imdb_18941_b0_1015,imdb_18941_b0,imdb_18941_b1
imdb,train,imdb_12721_b0_1016,imdb_12721_b0,imdb_12721_b1
imdb,train,imdb_470_b0_1017,imdb_470_b0,imdb_470_b1
imdb,train,imdb_15885_b0_1018,imdb_15885_b0,imdb_15885_b1
imdb,train,imdb_7828_b0_1019,imdb_7828_b0,imdb_7828_b1
imdb,train,imdb_11635_b0_1020,imdb_11635_b0,imdb_11635_b1
imdb,train,imdb_1883_b0_1021,imdb_1883_b0,imdb_1883_b1
imdb,train,imdb_14375_b0_1022,imdb_14375_b0,imdb_14375_b1
imdb,train,imdb_5785_b0_1023,imdb_5785_b0,imdb_5785_b1
imdb,train,imdb_15675_b0_1024,imdb_15675_b0,imdb_15675_b1
imdb,train,imdb_966_b0_1025,imdb_966_b0,imdb_966_b1
imdb,train,imdb_23922_b0_1026,imdb_23922_b0,imdb_23922_b1
imdb,train,imdb_16886_b0_1027,imdb_16886_b0,imdb_16886_b1
imdb,train,imdb_2144_b0_1028,imdb_2144_b0,imdb_2144_b1
imdb,train,imdb_24897_b0_1029,imdb_24897_b0,imdb_24897_b1
imdb,train,imdb_24882_b0_1030,imdb_24882_b0,imdb_24882_b1
imdb,train,imdb_19277_b0_1031,imdb_19277_b0,imdb_19277_b1
imdb,train,imdb_23373_b0_1032,imdb_23373_b0,imdb_23373_b1
imdb,train,imdb_302_b0_1033,imdb_302_b0,imdb_302_b1
imdb,train,imdb_19331_b0_1034,imdb_19331_b0,imdb_19331_b1
imdb,train,imdb_14510_b0_1035,imdb_14510_b0,imdb_14510_b1
imdb,train,imdb_3722_b0_1036,imdb_3722_b0,imdb_3722_b1
imdb,train,imdb_3382_b0_1037,imdb_3382_b0,imdb_3382_b1
imdb,train,imdb_10509_b0_1038,imdb_10509_b0,imdb_10509_b1
imdb,train,imdb_1488_b0_1039,imdb_1488_b0,imdb_1488_b1
imdb,train,imdb_1762_b0_1040,imdb_1762_b0,imdb_1762_b1
imdb,train,imdb_16990_b0_1041,imdb_16990_b0,imdb_16990_b1
imdb,train,imdb_10945_b0_1042,imdb_10945_b0,imdb_10945_b1
imdb,train,imdb_6596_b0_1043,imdb_6596_b0,imdb_6596_b1
imdb,train,imdb_6574_b0_1044,imdb_6574_b0,imdb_6574_b1
imdb,train,imdb_20637_b0_1045,imdb_20637_b0,imdb_20637_b1
imdb,train,imdb_12149_b0_1046,imdb_12149_b0,imdb_12149_b1
imdb,train,imdb_14008_b0_1047,imdb_14008_b0,imdb_14008_b1
imdb,train,imdb_24381_b0_1048,imdb_24381_b0,imdb_24381_b1
imdb,train,imdb_7380_b0_1049,imdb_7380_b0,imdb_7380_b1
imdb,train,imdb_14704_b0_1050,imdb_14704_b0,imdb_14704_b1
imdb,train,imdb_12008_b0_1051,imdb_12008_b0,imdb_12008_b1
imdb,train,imdb_16319_b0_1052,imdb_16319_b0,imdb_16319_b1
imdb,train,imdb_7341_b0_1053,imdb_7341_b0,imdb_7341_b1
imdb,train,imdb_18714_b0_1054,imdb_18714_b0,imdb_18714_b1
imdb,train,imdb_6838_b0_1055,imdb_6838_b0,imdb_6838_b1
imdb,train,imdb_13414_b0_1056,imdb_13414_b0,imdb_13414_b1
imdb,train,imdb_20311_b0_1057,imdb_20311_b0,imdb_20311_b1
imdb,train,imdb_4356_b0_1058,imdb_4356_b0,imdb_4356_b1
imdb,train,imdb_21058_b0_1059,imdb_21058_b0,imdb_21058_b1
imdb,train,imdb_3999_b0_1060,imdb_3999_b0,imdb_3999_b1
imdb,train,imdb_15521_b0_1061,imdb_15521_b0,imdb_15521_b1
imdb,train,imdb_2713_b0_1062,imdb_2713_b0,imdb_2713_b1
imdb,train,imdb_23005_b0_1063,imdb_23005_b0,imdb_23005_b1
imdb,train,imdb_15940_b0_1064,imdb_15940_b0,imdb_15940_b1
imdb,train,imdb_10238_b0_1065,imdb_10238_b0,imdb_10238_b1
imdb,train,imdb_10126_b0_1066,imdb_10126_b0,imdb_10126_b1
imdb,train,imdb_18761_b0_1067,imdb_18761_b0,imdb_18761_b1
imdb,train,imdb_21228_b0_1068,imdb_21228_b0,imdb_21228_b1
imdb,train,imdb_19057_b0_1069,imdb_19057_b0,imdb_19057_b1
imdb,train,imdb_18372_b0_1070,imdb_18372_b0,imdb_18372_b1
imdb,train,imdb_18055_b0_1071,imdb_18055_b0,imdb_18055_b1
imdb,train,imdb_14590_b0_1072,imdb_14590_b0,imdb_14590_b1
imdb,train,imdb_7228_b0_1073,imdb_7228_b0,imdb_7228_b1
imdb,train,imdb_11843_b0_1074,imdb_11843_b0,imdb_11843_b1
imdb,train,imdb_12735_b0_1075,imdb_12735_b0,imdb_12735_b1
imdb,train,imdb_9513_b0_1076,imdb_9513_b0,imdb_9513_b1
imdb,train,imdb_139_b0_1077,imdb_139_b0,imdb_139_b1
imdb,train,imdb_12070_b0_1078,imdb_12070_b0,imdb_12070_b1
imdb,train,imdb_12126_b0_1079,imdb_12126_b0,imdb_12126_b1
imdb,train,imdb_16429_b0_1080,imdb_16429_b0,imdb_16429_b1
imdb,train,imdb_4797_b0_1081,imdb_4797_b0,imdb_4797_b1
imdb,train,imdb_5268_b0_1082,imdb_5268_b0,imdb_5268_b1
imdb,train,imdb_15517_b0_1083,imdb_15517_b0,imdb_15517_b1
imdb,train,imdb_22528_b0_1084,imdb_22528_b0,imdb_22528_b1
imdb,train,imdb_24864_b0_1085,imdb_24864_b0,imdb_24864_b1
imdb,train,imdb_21384_b0_1086,imdb_21384_b0,imdb_21384_b1
imdb,train,imdb_18301_b0_1087,imdb_18301_b0,imdb_18301_b1
imdb,train,imdb_16264_b0_1088,imdb_16264_b0,imdb_16264_b1
imdb,train,imdb_19654_b0_1089,imdb_19654_b0,imdb_19654_b1
imdb,train,imdb_10899_b0_1090,imdb_10899_b0,imdb_10899_b1
imdb,train,imdb_4880_b0_1091,imdb_4880_b0,imdb_4880_b1
imdb,train,imdb_21975_b0_1092,imdb_21975_b0,imdb_21975_b1
imdb,train,imdb_13226_b0_1093,imdb_13226_b0,imdb_13226_b1
imdb,train,imdb_725_b0_1094,imdb_725_b0,imdb_725_b1
imdb,train,imdb_7742_b0_1095,imdb_7742_b0,imdb_7742_b1
imdb,train,imdb_22047_b0_1096,imdb_22047_b0,imdb_22047_b1
imdb,train,imdb_5348_b0_1097,imdb_5348_b0,imdb_5348_b1
imdb,train,imdb_12985_b0_1098,imdb_12985_b0,imdb_12985_b1
imdb,train,imdb_23787_b0_1099,imdb_23787_b0,imdb_23787_b1
imdb,train,imdb_17508_b0_1100,imdb_17508_b0,imdb_17508_b1
imdb,train,imdb_13305_b0_1101,imdb_13305_b0,imdb_13305_b1
imdb,train,imdb_18540_b0_1102,imdb_18540_b0,imdb_18540_b1
imdb,train,imdb_4428_b0_1103,imdb_4428_b0,imdb_4428_b1
imdb,train,imdb_19691_b0_1104,imdb_19691_b0,imdb_19691_b1
imdb,train,imdb_19793_b0_1105,imdb_19793_b0,imdb_19793_b1
imdb,train,imdb_486_b0_1106,imdb_486_b0,imdb_486_b1
imdb,train,imdb_4080_b0_1107,imdb_4080_b0,imdb_4080_b1
imdb,train,imdb_18246_b0_1108,imdb_18246_b0,imdb_18246_b1
imdb,train,imdb_5607_b0_1109,imdb_5607_b0,imdb_5607_b1
imdb,train,imdb_18309_b0_1110,imdb_18309_b0,imdb_18309_b1
imdb,train,imdb_24981_b0_1111,imdb_24981_b0,imdb_24981_b1
imdb,train,imdb_1865_b0_1112,imdb_1865_b0,imdb_1865_b1
imdb,train,imdb_17403_b0_1113,imdb_17403_b0,imdb_17403_b1
imdb,train,imdb_19617_b0_1114,imdb_19617_b0,imdb_19617_b1
imdb,train,imdb_17783_b0_1115,imdb_17783_b0,imdb_17783_b1
imdb,train,imdb_15646_b0_1116,imdb_15646_b0,imdb_15646_b1
imdb,train,imdb_18033_b0_1117,imdb_18033_b0,imdb_18033_b1
imdb,train,imdb_14669_b0_1118,imdb_14669_b0,imdb_14669_b1
imdb,train,imdb_8336_b0_1119,imdb_8336_b0,imdb_8336_b1
imdb,train,imdb_8421_b0_1120,imdb_8421_b0,imdb_8421_b1
imdb,train,imdb_19626_b0_1121,imdb_19626_b0,imdb_19626_b1
imdb,train,imdb_2551_b0_1122,imdb_2551_b0,imdb_2551_b1
imdb,train,imdb_6581_b0_1123,imdb_6581_b0,imdb_6581_b1
imdb,train,imdb_23923_b0_1124,imdb_23923_b0,imdb_23923_b1
imdb,train,imdb_21294_b0_1125,imdb_21294_b0,imdb_21294_b1
imdb,train,imdb_18534_b0_1126,imdb_18534_b0,imdb_18534_b1
imdb,train,imdb_1916_b0_1127,imdb_1916_b0,imdb_1916_b1
imdb,train,imdb_24730_b0_1128,imdb_24730_b0,imdb_24730_b1
imdb,train,imdb_4975_b0_1129,imdb_4975_b0,imdb_4975_b1
imdb,train,imdb_814_b0_1130,imdb_814_b0,imdb_814_b1
imdb,train,imdb_23219_b0_1131,imdb_23219_b0,imdb_23219_b1
imdb,train,imdb_19701_b0_1132,imdb_19701_b0,imdb_19701_b1
imdb,train,imdb_4225_b0_1133,imdb_4225_b0,imdb_4225_b1
imdb,train,imdb_10631_b0_1134,imdb_10631_b0,imdb_10631_b1
imdb,train,imdb_16407_b0_1135,imdb_16407_b0,imdb_16407_b1
imdb,train,imdb_8245_b0_1136,imdb_8245_b0,imdb_8245_b1
imdb,train,imdb_12707_b0_1137,imdb_12707_b0,imdb_12707_b1
imdb,train,imdb_12589_b0_1138,imdb_12589_b0,imdb_12589_b1
imdb,train,imdb_20809_b0_1139,imdb_20809_b0,imdb_20809_b1
imdb,train,imdb_2724_b0_1140,imdb_2724_b0,imdb_2724_b1
imdb,train,imdb_24910_b0_1141,imdb_24910_b0,imdb_24910_b1
imdb,train,imdb_11400_b0_1142,imdb_11400_b0,imdb_11400_b1
imdb,train,imdb_6186_b0_1143,imdb_6186_b0,imdb_6186_b1
imdb,train,imdb_23018_b0_1144,imdb_23018_b0,imdb_23018_b1
imdb,train,imdb_324_b0_1145,imdb_324_b0,imdb_324_b1
imdb,train,imdb_10450_b0_1146,imdb_10450_b0,imdb_10450_b1
imdb,train,imdb_15788_b0_1147,imdb_15788_b0,imdb_15788_b1
imdb,train,imdb_2400_b0_1148,imdb_2400_b0,imdb_2400_b1
imdb,train,imdb_6513_b0_1149,imdb_6513_b0,imdb_6513_b1
imdb,train,imdb_24834_b0_1150,imdb_24834_b0,imdb_24834_b1
imdb,train,imdb_6850_b0_1151,imdb_6850_b0,imdb_6850_b1
imdb,train,imdb_7886_b0_1152,imdb_7886_b0,imdb_7886_b1
imdb,train,imdb_1675_b0_1153,imdb_1675_b0,imdb_1675_b1
imdb,train,imdb_7551_b0_1154,imdb_7551_b0,imdb_7551_b1
imdb,train,imdb_5936_b0_1155,imdb_5936_b0,imdb_5936_b1
imdb,train,imdb_20264_b0_1156,imdb_20264_b0,imdb_20264_b1
imdb,train,imdb_3020_b0_1157,imdb_3020_b0,imdb_3020_b1
imdb,train,imdb_1942_b0_1158,imdb_1942_b0,imdb_1942_b1
imdb,train,imdb_23035_b0_1159,imdb_23035_b0,imdb_23035_b1
imdb,train,imdb_521_b0_1160,imdb_521_b0,imdb_521_b1
imdb,train,imdb_2293_b0_1161,imdb_2293_b0,imdb_2293_b1
imdb,train,imdb_23892_b0_1162,imdb_23892_b0,imdb_23892_b1
imdb,train,imdb_9696_b0_1163,imdb_9696_b0,imdb_9696_b1
imdb,train,imdb_2879_b0_1164,imdb_2879_b0,imdb_2879_b1
imdb,train,imdb_6160_b0_1165,imdb_6160_b0,imdb_6160_b1
imdb,train,imdb_24475_b0_1166,imdb_24475_b0,imdb_24475_b1
imdb,train,imdb_12347_b0_1167,imdb_12347_b0,imdb_12347_b1
imdb,train,imdb_4973_b0_1168,imdb_4973_b0,imdb_4973_b1
imdb,train,imdb_4988_b0_1169,imdb_4988_b0,imdb_4988_b1
imdb,train,imdb_1049_b0_1170,imdb_1049_b0,imdb_1049_b1
imdb,train,imdb_13985_b0_1171,imdb_13985_b0,imdb_13985_b1
imdb,train,imdb_5665_b0_1172,imdb_5665_b0,imdb_5665_b1
imdb,train,imdb_10804_b0_1173,imdb_10804_b0,imdb_10804_b1
imdb,train,imdb_11033_b0_1174,imdb_11033_b0,imdb_11033_b1
imdb,train,imdb_18145_b0_1175,imdb_18145_b0,imdb_18145_b1
imdb,train,imdb_3621_b0_1176,imdb_3621_b0,imdb_3621_b1
imdb,train,imdb_1493_b0_1177,imdb_1493_b0,imdb_1493_b1
imdb,train,imdb_11665_b0_1178,imdb_11665_b0,imdb_11665_b1
imdb,train,imdb_21115_b0_1179,imdb_21115_b0,imdb_21115_b1
imdb,train,imdb_12825_b0_1180,imdb_12825_b0,imdb_12825_b1
imdb,train,imdb_4876_b0_1181,imdb_4876_b0,imdb_4876_b1
imdb,train,imdb_22656_b0_1182,imdb_22656_b0,imdb_22656_b1
imdb,train,imdb_15369_b0_1183,imdb_15369_b0,imdb_15369_b1
imdb,train,imdb_16230_b0_1184,imdb_16230_b0,imdb_16230_b1
imdb,train,imdb_5424_b0_1185,imdb_5424_b0,imdb_5424_b1
imdb,train,imdb_14433_b0_1186,imdb_14433_b0,imdb_14433_b1
imdb,train,imdb_3446_b0_1187,imdb_3446_b0,imdb_3446_b1
imdb,train,imdb_18430_b0_1188,imdb_18430_b0,imdb_18430_b1
imdb,train,imdb_19538_b0_1189,imdb_19538_b0,imdb_19538_b1
imdb,train,imdb_15181_b0_1190,imdb_15181_b0,imdb_15181_b1
imdb,train,imdb_10427_b0_1191,imdb_10427_b0,imdb_10427_b1
imdb,train,imdb_23884_b0_1192,imdb_23884_b0,imdb_23884_b1
imdb,train,imdb_21017_b0_1193,imdb_21017_b0,imdb_21017_b1
imdb,train,imdb_11919_b0_1194,imdb_11919_b0,imdb_11919_b1
imdb,train,imdb_8648_b0_1195,imdb_8648_b0,imdb_8648_b1
imdb,train,imdb_17334_b0_1196,imdb_17334_b0,imdb_17334_b1
imdb,train,imdb_7670_b0_1197,imdb_7670_b0,imdb_7670_b1
imdb,train,imdb_15806_b0_1198,imdb_15806_b0,imdb_15806_b1
imdb,train,imdb_13201_b0_1199,imdb_13201_b0,imdb_13201_b1
imdb,train,imdb_11590_b0_1200,imdb_11590_b0,imdb_11590_b1
imdb,train,imdb_13959_b0_1201,imdb_13959_b0,imdb_13959_b1
imdb,train,imdb_14764_b0_1202,imdb_14764_b0,imdb_14764_b1
imdb,train,imdb_19926_b0_1203,imdb_19926_b0,imdb_19926_b1
imdb,train,imdb_10445_b0_1204,imdb_10445_b0,imdb_10445_b1
imdb,train,imdb_23210_b0_1205,imdb_23210_b0,imdb_23210_b1
imdb,train,imdb_12564_b0_1206,imdb_12564_b0,imdb_12564_b1
imdb,train,imdb_7793_b0_1207,imdb_7793_b0,imdb_7793_b1
imdb,train,imdb_11476_b0_1208,imdb_11476_b0,imdb_11476_b1
imdb,train,imdb_17979_b0_1209,imdb_17979_b0,imdb_17979_b1
imdb,train,imdb_21140_b0_1210,imdb_21140_b0,imdb_21140_b1
imdb,train,imdb_1724_b0_1211,imdb_1724_b0,imdb_1724_b1
imdb,train,imdb_15374_b0_1212,imdb_15374_b0,imdb_15374_b1
imdb,train,imdb_5218_b0_1213,imdb_5218_b0,imdb_5218_b1
imdb,train,imdb_975_b0_1214,imdb_975_b0,imdb_975_b1
imdb,train,imdb_17843_b0_1215,imdb_17843_b0,imdb_17843_b1
imdb,train,imdb_8246_b0_1216,imdb_8246_b0,imdb_8246_b1
imdb,train,imdb_24488_b0_1217,imdb_24488_b0,imdb_24488_b1
imdb,train,imdb_3018_b0_1218,imdb_3018_b0,imdb_3018_b1
imdb,train,imdb_14498_b0_1219,imdb_14498_b0,imdb_14498_b1
imdb,train,imdb_9489_b0_1220,imdb_9489_b0,imdb_9489_b1
imdb,train,imdb_24434_b0_1221,imdb_24434_b0,imdb_24434_b1
imdb,train,imdb_20484_b0_1222,imdb_20484_b0,imdb_20484_b1
imdb,train,imdb_23537_b0_1223,imdb_23537_b0,imdb_23537_b1
imdb,train,imdb_20602_b0_1224,imdb_20602_b0,imdb_20602_b1
imdb,train,imdb_9284_b0_1225,imdb_9284_b0,imdb_9284_b1
imdb,train,imdb_13488_b0_1226,imdb_13488_b0,imdb_13488_b1
imdb,train,imdb_3340_b0_1227,imdb_3340_b0,imdb_3340_b1
imdb,train,imdb_13099_b0_1228,imdb_13099_b0,imdb_13099_b1
imdb,train,imdb_3729_b0_1229,imdb_3729_b0,imdb_3729_b1
imdb,train,imdb_2076_b0_1230,imdb_2076_b0,imdb_2076_b1
imdb,train,imdb_11503_b0_1231,imdb_11503_b0,imdb_11503_b1
imdb,train,imdb_18953_b0_1232,imdb_18953_b0,imdb_18953_b1
imdb,train,imdb_4002_b0_1233,imdb_4002_b0,imdb_4002_b1
imdb,train,imdb_12129_b0_1234,imdb_12129_b0,imdb_12129_b1
imdb,train,imdb_14317_b0_1235,imdb_14317_b0,imdb_14317_b1
imdb,train,imdb_12205_b0_1236,imdb_12205_b0,imdb_12205_b1
imdb,train,imdb_21269_b0_1237,imdb_21269_b0,imdb_21269_b1
imdb,train,imdb_10049_b0_1238,imdb_10049_b0,imdb_10049_b1
imdb,train,imdb_14481_b0_1239,imdb_14481_b0,imdb_14481_b1
imdb,train,imdb_13778_b0_1240,imdb_13778_b0,imdb_13778_b1
imdb,train,imdb_24496_b0_1241,imdb_24496_b0,imdb_24496_b1
imdb,train,imdb_20618_b0_1242,imdb_20618_b0,imdb_20618_b1
imdb,train,imdb_16287_b0_1243,imdb_16287_b0,imdb_16287_b1
imdb,train,imdb_17202_b0_1244,imdb_17202_b0,imdb_17202_b1
imdb,train,imdb_5460_b0_1245,imdb_5460_b0,imdb_5460_b1
imdb,train,imdb_21917_b0_1246,imdb_21917_b0,imdb_21917_b1
imdb,train,imdb_12334_b0_1247,imdb_12334_b0,imdb_12334_b1
imdb,train,imdb_8756_b0_1248,imdb_8756_b0,imdb_8756_b1
imdb,train,imdb_22064_b0_1249,imdb_22064_b0,imdb_22064_b1
imdb,train,imdb_23851_b0_1250,imdb_23851_b0,imdb_23851_b1
imdb,train,imdb_9179_b0_1251,imdb_9179_b0,imdb_9179_b1
imdb,train,imdb_19809_b0_1252,imdb_19809_b0,imdb_19809_b1
imdb,train,imdb_20961_b0_1253,imdb_20961_b0,imdb_20961_b1
imdb,train,imdb_12402_b0_1254,imdb_12402_b0,imdb_12402_b1
imdb,train,imdb_6269_b0_1255,imdb_6269_b0,imdb_6269_b1
imdb,train,imdb_15835_b0_1256,imdb_15835_b0,imdb_15835_b1
imdb,train,imdb_24968_b0_1257,imdb_24968_b0,imdb_24968_b1
imdb,train,imdb_23732_b0_1258,imdb_23732_b0,imdb_23732_b1
imdb,train,imdb_9853_b0_1259,imdb_9853_b0,imdb_9853_b1
imdb,train,imdb_22127_b0_1260,imdb_22127_b0,imdb_22127_b1
imdb,train,imdb_3003_b0_1261,imdb_3003_b0,imdb_3003_b1
imdb,train,imdb_14761_b0_1262,imdb_14761_b0,imdb_14761_b1
imdb,train,imdb_16249_b0_1263,imdb_16249_b0,imdb_16249_b1
imdb,train,imdb_1588_b0_1264,imdb_1588_b0,imdb_1588_b1
imdb,train,imdb_5223_b0_1265,imdb_5223_b0,imdb_5223_b1
imdb,train,imdb_12336_b0_1266,imdb_12336_b0,imdb_12336_b1
imdb,train,imdb_22308_b0_1267,imdb_22308_b0,imdb_22308_b1
imdb,train,imdb_23816_b0_1268,imdb_23816_b0,imdb_23816_b1
imdb,train,imdb_13055_b0_1269,imdb_13055_b0,imdb_13055_b1
imdb,train,imdb_3014_b0_1270,imdb_3014_b0,imdb_3014_b1
imdb,train,imdb_19496_b0_1271,imdb_19496_b0,imdb_19496_b1
imdb,train,imdb_12754_b0_1272,imdb_12754_b0,imdb_12754_b1
imdb,train,imdb_14226_b0_1273,imdb_14226_b0,imdb_14226_b1
imdb,train,imdb_3177_b0_1274,imdb_3177_b0,imdb_3177_b1
imdb,train,imdb_2448_b0_1275,imdb_2448_b0,imdb_2448_b1
imdb,train,imdb_13522_b0_1276,imdb_13522_b0,imdb_13522_b1
imdb,train,imdb_3559_b0_1277,imdb_3559_b0,imdb_3559_b1
imdb,train,imdb_3744_b0_1278,imdb_3744_b0,imdb_3744_b1
imdb,train,imdb_24155_b0_1279,imdb_24155_b0,imdb_24155_b1
imdb,train,imdb_17115_b0_1280,imdb_17115_b0,imdb_17115_b1
imdb,train,imdb_20934_b0_1281,imdb_20934_b0,imdb_20934_b1
imdb,train,imdb_18088_b0_1282,imdb_18088_b0,imdb_18088_b1
imdb,train,imdb_23360_b0_1283,imdb_23360_b0,imdb_23360_b1
imdb,train,imdb_23635_b0_1284,imdb_23635_b0,imdb_23635_b1
imdb,train,imdb_4761_b0_1285,imdb_4761_b0,imdb_4761_b1
imdb,train,imdb_2009_b0_1286,imdb_2009_b0,imdb_2009_b1
imdb,train,imdb_10815_b0_1287,imdb_10815_b0,imdb_10815_b1
imdb,train,imdb_14127_b0_1288,imdb_14127_b0,imdb_14127_b1
imdb,train,imdb_5126_b0_1289,imdb_5126_b0,imdb_5126_b1
imdb,train,imdb_17329_b0_1290,imdb_17329_b0,imdb_17329_b1
imdb,train,imdb_10518_b0_1291,imdb_10518_b0,imdb_10518_b1
imdb,train,imdb_23138_b0_1292,imdb_23138_b0,imdb_23138_b1
imdb,train,imdb_10316_b0_1293,imdb_10316_b0,imdb_10316_b1
imdb,train,imdb_9903_b0_1294,imdb_9903_b0,imdb_9903_b1
imdb,train,imdb_24670_b0_1295,imdb_24670_b0,imdb_24670_b1
imdb,train,imdb_19919_b0_1296,imdb_19919_b0,imdb_19919_b1
imdb,train,imdb_15711_b0_1297,imdb_15711_b0,imdb_15711_b1
imdb,train,imdb_7583_b0_1298,imdb_7583_b0,imdb_7583_b1
imdb,train,imdb_21224_b0_1299,imdb_21224_b0,imdb_21224_b1
imdb,train,imdb_17594_b0_1300,imdb_17594_b0,imdb_17594_b1
imdb,train,imdb_24588_b0_1301,imdb_24588_b0,imdb_24588_b1
imdb,train,imdb_21554_b0_1302,imdb_21554_b0,imdb_21554_b1
imdb,train,imdb_9058_b0_1303,imdb_9058_b0,imdb_9058_b1
imdb,train,imdb_17602_b0_1304,imdb_17602_b0,imdb_17602_b1
imdb,train,imdb_808_b0_1305,imdb_808_b0,imdb_808_b1
imdb,train,imdb_23416_b0_1306,imdb_23416_b0,imdb_23416_b1
imdb,train,imdb_4303_b0_1307,imdb_4303_b0,imdb_4303_b1
imdb,train,imdb_4980_b0_1308,imdb_4980_b0,imdb_4980_b1
imdb,train,imdb_15160_b0_1309,imdb_15160_b0,imdb_15160_b1
imdb,train,imdb_1797_b0_1310,imdb_1797_b0,imdb_1797_b1
imdb,train,imdb_8643_b0_1311,imdb_8643_b0,imdb_8643_b1
imdb,train,imdb_3545_b0_1312,imdb_3545_b0,imdb_3545_b1
imdb,train,imdb_11362_b0_1313,imdb_11362_b0,imdb_11362_b1
imdb,train,imdb_9883_b0_1314,imdb_9883_b0,imdb_9883_b1
imdb,train,imdb_1582_b0_1315,imdb_1582_b0,imdb_1582_b1
imdb,train,imdb_16277_b0_1316,imdb_16277_b0,imdb_16277_b1
imdb,train,imdb_19690_b0_1317,imdb_19690_b0,imdb_19690_b1
imdb,train,imdb_7279_b0_1318,imdb_7279_b0,imdb_7279_b1
imdb,train,imdb_16496_b0_1319,imdb_16496_b0,imdb_16496_b1
imdb,train,imdb_7152_b0_1320,imdb_7152_b0,imdb_7152_b1
imdb,train,imdb_5735_b0_1321,imdb_5735_b0,imdb_5735_b1
imdb,train,imdb_2761_b0_1322,imdb_2761_b0,imdb_2761_b1
imdb,train,imdb_23017_b0_1323,imdb_23017_b0,imdb_23017_b1
imdb,train,imdb_6862_b0_1324,imdb_6862_b0,imdb_6862_b1
imdb,train,imdb_22331_b0_1325,imdb_22331_b0,imdb_22331_b1
imdb,train,imdb_4501_b0_1326,imdb_4501_b0,imdb_4501_b1
imdb,train,imdb_15753_b0_1327,imdb_15753_b0,imdb_15753_b1
imdb,train,imdb_23336_b0_1328,imdb_23336_b0,imdb_23336_b1
imdb,train,imdb_7110_b0_1329,imdb_7110_b0,imdb_7110_b1
imdb,train,imdb_10820_b0_1330,imdb_10820_b0,imdb_10820_b1
imdb,train,imdb_15393_b0_1331,imdb_15393_b0,imdb_15393_b1
imdb,train,imdb_9433_b0_1332,imdb_9433_b0,imdb_9433_b1
imdb,train,imdb_17677_b0_1333,imdb_17677_b0,imdb_17677_b1
imdb,train,imdb_13358_b0_1334,imdb_13358_b0,imdb_13358_b1
imdb,train,imdb_2861_b0_1335,imdb_2861_b0,imdb_2861_b1
imdb,train,imdb_24482_b0_1336,imdb_24482_b0,imdb_24482_b1
imdb,train,imdb_22027_b0_1337,imdb_22027_b0,imdb_22027_b1
imdb,train,imdb_1810_b0_1338,imdb_1810_b0,imdb_1810_b1
imdb,train,imdb_23945_b0_1339,imdb_23945_b0,imdb_23945_b1
imdb,train,imdb_17603_b0_1340,imdb_17603_b0,imdb_17603_b1
imdb,train,imdb_7103_b0_1341,imdb_7103_b0,imdb_7103_b1
imdb,train,imdb_18827_b0_1342,imdb_18827_b0,imdb_18827_b1
imdb,train,imdb_18641_b0_1343,imdb_18641_b0,imdb_18641_b1
imdb,train,imdb_21792_b0_1344,imdb_21792_b0,imdb_21792_b1
imdb,train,imdb_20033_b0_1345,imdb_20033_b0,imdb_20033_b1
imdb,train,imdb_15195_b0_1346,imdb_15195_b0,imdb_15195_b1
imdb,train,imdb_11022_b0_1347,imdb_11022_b0,imdb_11022_b1
imdb,train,imdb_5067_b0_1348,imdb_5067_b0,imdb_5067_b1
imdb,train,imdb_12872_b0_1349,imdb_12872_b0,imdb_12872_b1
imdb,train,imdb_24973_b0_1350,imdb_24973_b0,imdb_24973_b1
imdb,train,imdb_6739_b0_1351,imdb_6739_b0,imdb_6739_b1
imdb,train,imdb_1291_b0_1352,imdb_1291_b0,imdb_1291_b1
imdb,train,imdb_7913_b0_1353,imdb_7913_b0,imdb_7913_b1
imdb,train,imdb_22169_b0_1354,imdb_22169_b0,imdb_22169_b1
imdb,train,imdb_8391_b0_1355,imdb_8391_b0,imdb_8391_b1
imdb,train,imdb_16124_b0_1356,imdb_16124_b0,imdb_16124_b1
imdb,train,imdb_7026_b0_1357,imdb_7026_b0,imdb_7026_b1
imdb,train,imdb_22162_b0_1358,imdb_22162_b0,imdb_22162_b1
imdb,train,imdb_18930_b0_1359,imdb_18930_b0,imdb_18930_b1
imdb,train,imdb_2357_b0_1360,imdb_2357_b0,imdb_2357_b1
imdb,train,imdb_13583_b0_1361,imdb_13583_b0,imdb_13583_b1
imdb,train,imdb_8944_b0_1362,imdb_8944_b0,imdb_8944_b1
imdb,train,imdb_24567_b0_1363,imdb_24567_b0,imdb_24567_b1
imdb,train,imdb_4011_b0_1364,imdb_4011_b0,imdb_4011_b1
imdb,train,imdb_5257_b0_1365,imdb_5257_b0,imdb_5257_b1
imdb,train,imdb_21370_b0_1366,imdb_21370_b0,imdb_21370_b1
imdb,train,imdb_6751_b0_1367,imdb_6751_b0,imdb_6751_b1
imdb,train,imdb_4649_b0_1368,imdb_4649_b0,imdb_4649_b1
imdb,train,imdb_24386_b0_1369,imdb_24386_b0,imdb_24386_b1
imdb,train,imdb_21068_b0_1370,imdb_21068_b0,imdb_21068_b1
imdb,train,imdb_6978_b0_1371,imdb_6978_b0,imdb_6978_b1
imdb,train,imdb_15936_b0_1372,imdb_15936_b0,imdb_15936_b1
imdb,train,imdb_1559_b0_1373,imdb_1559_b0,imdb_1559_b1
imdb,train,imdb_7216_b0_1374,imdb_7216_b0,imdb_7216_b1
imdb,train,imdb_13255_b0_1375,imdb_13255_b0,imdb_13255_b1
imdb,train,imdb_2781_b0_1376,imdb_2781_b0,imdb_2781_b1
imdb,train,imdb_18217_b0_1377,imdb_18217_b0,imdb_18217_b1
imdb,train,imdb_14215_b0_1378,imdb_14215_b0,imdb_14215_b1
imdb,train,imdb_10783_b0_1379,imdb_10783_b0,imdb_10783_b1
imdb,train,imdb_13900_b0_1380,imdb_13900_b0,imdb_13900_b1
imdb,train,imdb_11859_b0_1381,imdb_11859_b0,imdb_11859_b1
imdb,train,imdb_23755_b0_1382,imdb_23755_b0,imdb_23755_b1
imdb,train,imdb_20503_b0_1383,imdb_20503_b0,imdb_20503_b1
imdb,train,imdb_3044_b0_1384,imdb_3044_b0,imdb_3044_b1
imdb,train,imdb_23318_b0_1385,imdb_23318_b0,imdb_23318_b1
imdb,train,imdb_2226_b0_1386,imdb_2226_b0,imdb_2226_b1
imdb,train,imdb_1947_b0_1387,imdb_1947_b0,imdb_1947_b1
imdb,train,imdb_1368_b0_1388,imdb_1368_b0,imdb_1368_b1
imdb,train,imdb_7175_b0_1389,imdb_7175_b0,imdb_7175_b1
imdb,train,imdb_18581_b0_1390,imdb_18581_b0,imdb_18581_b1
imdb,train,imdb_523_b0_1391,imdb_523_b0,imdb_523_b1
imdb,train,imdb_17631_b0_1392,imdb_17631_b0,imdb_17631_b1
imdb,train,imdb_3834_b0_1393,imdb_3834_b0,imdb_3834_b1
imdb,train,imdb_16759_b0_1394,imdb_16759_b0,imdb_16759_b1
imdb,train,imdb_5582_b0_1395,imdb_5582_b0,imdb_5582_b1
imdb,train,imdb_1381_b0_1396,imdb_1381_b0,imdb_1381_b1
imdb,train,imdb_3707_b0_1397,imdb_3707_b0,imdb_3707_b1
imdb,train,imdb_8810_b0_1398,imdb_8810_b0,imdb_8810_b1
imdb,train,imdb_19301_b0_1399,imdb_19301_b0,imdb_19301_b1
imdb,train,imdb_3638_b0_1400,imdb_3638_b0,imdb_3638_b1
imdb,train,imdb_14808_b0_1401,imdb_14808_b0,imdb_14808_b1
imdb,train,imdb_11697_b0_1402,imdb_11697_b0,imdb_11697_b1
imdb,train,imdb_7104_b0_1403,imdb_7104_b0,imdb_7104_b1
imdb,train,imdb_6152_b0_1404,imdb_6152_b0,imdb_6152_b1
imdb,train,imdb_16060_b0_1405,imdb_16060_b0,imdb_16060_b1
imdb,train,imdb_11333_b0_1406,imdb_11333_b0,imdb_11333_b1
imdb,train,imdb_1362_b0_1407,imdb_1362_b0,imdb_1362_b1
imdb,train,imdb_5339_b0_1408,imdb_5339_b0,imdb_5339_b1
imdb,train,imdb_17131_b0_1409,imdb_17131_b0,imdb_17131_b1
imdb,train,imdb_3775_b0_1410,imdb_3775_b0,imdb_3775_b1
imdb,train,imdb_15434_b0_1411,imdb_15434_b0,imdb_15434_b1
imdb,train,imdb_2289_b0_1412,imdb_2289_b0,imdb_2289_b1
imdb,train,imdb_23865_b0_1413,imdb_23865_b0,imdb_23865_b1
imdb,train,imdb_10812_b0_1414,imdb_10812_b0,imdb_10812_b1
imdb,train,imdb_4640_b0_1415,imdb_4640_b0,imdb_4640_b1
imdb,train,imdb_3510_b0_1416,imdb_3510_b0,imdb_3510_b1
imdb,train,imdb_16626_b0_1417,imdb_16626_b0,imdb_16626_b1
imdb,train,imdb_14846_b0_1418,imdb_14846_b0,imdb_14846_b1
imdb,train,imdb_14630_b0_1419,imdb_14630_b0,imdb_14630_b1
imdb,train,imdb_12910_b0_1420,imdb_12910_b0,imdb_12910_b1
imdb,train,imdb_1764_b0_1421,imdb_1764_b0,imdb_1764_b1
imdb,train,imdb_5488_b0_1422,imdb_5488_b0,imdb_5488_b1
imdb,train,imdb_19225_b0_1423,imdb_19225_b0,imdb_19225_b1
imdb,train,imdb_9485_b0_1424,imdb_9485_b0,imdb_9485_b1
imdb,train,imdb_1634_b0_1425,imdb_1634_b0,imdb_1634_b1
imdb,train,imdb_24082_b0_1426,imdb_24082_b0,imdb_24082_b1
imdb,train,imdb_15451_b0_1427,imdb_15451_b0,imdb_15451_b1
imdb,train,imdb_7907_b0_1428,imdb_7907_b0,imdb_7907_b1
imdb,train,imdb_21048_b0_1429,imdb_21048_b0,imdb_21048_b1
imdb,train,imdb_11553_b0_1430,imdb_11553_b0,imdb_11553_b1
imdb,train,imdb_16107_b0_1431,imdb_16107_b0,imdb_16107_b1
imdb,train,imdb_9602_b0_1432,imdb_9602_b0,imdb_9602_b1
imdb,train,imdb_1561_b0_1433,imdb_1561_b0,imdb_1561_b1
imdb,train,imdb_20799_b0_1434,imdb_20799_b0,imdb_20799_b1
imdb,train,imdb_19208_b0_1435,imdb_19208_b0,imdb_19208_b1
imdb,train,imdb_5398_b0_1436,imdb_5398_b0,imdb_5398_b1
imdb,train,imdb_13676_b0_1437,imdb_13676_b0,imdb_13676_b1
imdb,train,imdb_1487_b0_1438,imdb_1487_b0,imdb_1487_b1
imdb,train,imdb_15656_b0_1439,imdb_15656_b0,imdb_15656_b1
imdb,train,imdb_8081_b0_1440,imdb_8081_b0,imdb_8081_b1
imdb,train,imdb_13291_b0_1441,imdb_13291_b0,imdb_13291_b1
imdb,train,imdb_22474_b0_1442,imdb_22474_b0,imdb_22474_b1
imdb,train,imdb_7560_b0_1443,imdb_7560_b0,imdb_7560_b1
imdb,train,imdb_20428_b0_1444,imdb_20428_b0,imdb_20428_b1
imdb,train,imdb_15060_b0_1445,imdb_15060_b0,imdb_15060_b1
imdb,train,imdb_14578_b0_1446,imdb_14578_b0,imdb_14578_b1
imdb,train,imdb_5036_b0_1447,imdb_5036_b0,imdb_5036_b1
imdb,train,imdb_20842_b0_1448,imdb_20842_b0,imdb_20842_b1
imdb,train,imdb_13878_b0_1449,imdb_13878_b0,imdb_13878_b1
imdb,train,imdb_16386_b0_1450,imdb_16386_b0,imdb_16386_b1
imdb,train,imdb_21405_b0_1451,imdb_21405_b0,imdb_21405_b1
imdb,train,imdb_10635_b0_1452,imdb_10635_b0,imdb_10635_b1
imdb,train,imdb_538_b0_1453,imdb_538_b0,imdb_538_b1
imdb,train,imdb_4663_b0_1454,imdb_4663_b0,imdb_4663_b1
imdb,train,imdb_768_b0_1455,imdb_768_b0,imdb_768_b1
imdb,train,imdb_13497_b0_1456,imdb_13497_b0,imdb_13497_b1
imdb,train,imdb_19603_b0_1457,imdb_19603_b0,imdb_19603_b1
imdb,train,imdb_24170_b0_1458,imdb_24170_b0,imdb_24170_b1
imdb,train,imdb_19370_b0_1459,imdb_19370_b0,imdb_19370_b1
imdb,train,imdb_22014_b0_1460,imdb_22014_b0,imdb_22014_b1
imdb,train,imdb_18938_b0_1461,imdb_18938_b0,imdb_18938_b1
imdb,train,imdb_6778_b0_1462,imdb_6778_b0,imdb_6778_b1
imdb,train,imdb_2272_b0_1463,imdb_2272_b0,imdb_2272_b1
imdb,train,imdb_12660_b0_1464,imdb_12660_b0,imdb_12660_b1
imdb,train,imdb_2464_b0_1465,imdb_2464_b0,imdb_2464_b1
imdb,train,imdb_20170_b0_1466,imdb_20170_b0,imdb_20170_b1
imdb,train,imdb_11079_b0_1467,imdb_11079_b0,imdb_11079_b1
imdb,train,imdb_3897_b0_1468,imdb_3897_b0,imdb_3897_b1
imdb,train,imdb_15496_b0_1469,imdb_15496_b0,imdb_15496_b1
imdb,train,imdb_16392_b0_1470,imdb_16392_b0,imdb_16392_b1
imdb,train,imdb_1730_b0_1471,imdb_1730_b0,imdb_1730_b1
imdb,train,imdb_19942_b0_1472,imdb_19942_b0,imdb_19942_b1
imdb,train,imdb_14262_b0_1473,imdb_14262_b0,imdb_14262_b1
imdb,train,imdb_8260_b0_1474,imdb_8260_b0,imdb_8260_b1
imdb,train,imdb_264_b0_1475,imdb_264_b0,imdb_264_b1
imdb,train,imdb_18386_b0_1476,imdb_18386_b0,imdb_18386_b1
imdb,train,imdb_7032_b0_1477,imdb_7032_b0,imdb_7032_b1
imdb,train,imdb_5162_b0_1478,imdb_5162_b0,imdb_5162_b1
imdb,train,imdb_20660_b0_1479,imdb_20660_b0,imdb_20660_b1
imdb,train,imdb_15627_b0_1480,imdb_15627_b0,imdb_15627_b1
imdb,train,imdb_4908_b0_1481,imdb_4908_b0,imdb_4908_b1
imdb,train,imdb_6954_b0_1482,imdb_6954_b0,imdb_6954_b1
imdb,train,imdb_8483_b0_1483,imdb_8483_b0,imdb_8483_b1
imdb,train,imdb_24_b0_1484,imdb_24_b0,imdb_24_b1
imdb,train,imdb_10885_b0_1485,imdb_10885_b0,imdb_10885_b1
imdb,train,imdb_6417_b0_1486,imdb_6417_b0,imdb_6417_b1
imdb,train,imdb_17028_b0_1487,imdb_17028_b0,imdb_17028_b1
imdb,train,imdb_22293_b0_1488,imdb_22293_b0,imdb_22293_b1
imdb,train,imdb_14718_b0_1489,imdb_14718_b0,imdb_14718_b1
imdb,train,imdb_15258_b0_1490,imdb_15258_b0,imdb_15258_b1
imdb,train,imdb_16138_b0_1491,imdb_16138_b0,imdb_16138_b1
imdb,train,imdb_13134_b0_1492,imdb_13134_b0,imdb_13134_b1
imdb,train,imdb_16480_b0_1493,imdb_16480_b0,imdb_16480_b1
imdb,train,imdb_20470_b0_1494,imdb_20470_b0,imdb_20470_b1
imdb,train,imdb_24836_b0_1495,imdb_24836_b0,imdb_24836_b1
imdb,train,imdb_19086_b0_1496,imdb_19086_b0,imdb_19086_b1
imdb,train,imdb_6856_b0_1497,imdb_6856_b0,imdb_6856_b1
imdb,train,imdb_15759_b0_1498,imdb_15759_b0,imdb_15759_b1
imdb,train,imdb_10767_b0_1499,imdb_10767_b0,imdb_10767_b1
imdb,eval,imdb_15654_b0_1500,imdb_15654_b0,imdb_15654_b1
imdb,eval,imdb_3954_b0_1501,imdb_3954_b0,imdb_3954_b1
imdb,eval,imdb_4515_b0_1502,imdb_4515_b0,imdb_4515_b1
imdb,eval,imdb_5174_b0_1503,imdb_5174_b0,imdb_5174_b1
imdb,eval,imdb_2122_b0_1504,imdb_2122_b0,imdb_2122_b1
imdb,eval,imdb_13808_b0_1505,imdb_13808_b0,imdb_13808_b1
imdb,eval,imdb_21693_b0_1506,imdb_21693_b0,imdb_21693_b1
imdb,eval,imdb_5541_b0_1507,imdb_5541_b0,imdb_5541_b1
imdb,eval,imdb_10756_b0_1508,imdb_10756_b0,imdb_10756_b1
imdb,eval,imdb_6702_b0_1509,imdb_6702_b0,imdb_6702_b1
imdb,eval,imdb_10359_b0_1510,imdb_10359_b0,imdb_10359_b1
imdb,eval,imdb_20579_b0_1511,imdb_20579_b0,imdb_20579_b1
imdb,eval,imdb_5879_b0_1512,imdb_5879_b0,imdb_5879_b1
imdb,eval,imdb_4593_b0_1513,imdb_4593_b0,imdb_4593_b1
imdb,eval,imdb_1965_b0_1514,imdb_1965_b0,imdb_1965_b1
imdb,eval,imdb_21124_b0_1515,imdb_21124_b0,imdb_21124_b1
imdb,eval,imdb_6650_b0_1516,imdb_6650_b0,imdb_6650_b1
imdb,eval,imdb_22440_b0_1517,imdb_22440_b0,imdb_22440_b1
imdb,eval,imdb_9647_b0_1518,imdb_9647_b0,imdb_9647_b1
imdb,eval,imdb_1625_b0_1519,imdb_1625_b0,imdb_1625_b1
imdb,eval,imdb_3968_b0_1520,imdb_3968_b0,imdb_3968_b1
imdb,eval,imdb_6565_b0_1521,imdb_6565_b0,imdb_6565_b1
imdb,eval,imdb_10720_b0_1522,imdb_10720_b0,imdb_10720_b1
imdb,eval,imdb_1518_b0_1523,imdb_1518_b0,imdb_1518_b1
imdb,eval,imdb_20880_b0_1524,imdb_20880_b0,imdb_20880_b1
imdb,eval,imdb_14674_b0_1525,imdb_14674_b0,imdb_14674_b1
imdb,eval,imdb_20808_b0_1526,imdb_20808_b0,imdb_20808_b1
imdb,eval,imdb_4618_b0_1527,imdb_4618_b0,imdb_4618_b1
imdb,eval,imdb_23914_b0_1528,imdb_23914_b0,imdb_23914_b1
imdb,eval,imdb_12297_b0_1529,imdb_12297_b0,imdb_12297_b1
imdb,eval,imdb_11402_b0_1530,imdb_11402_b0,imdb_11402_b1
imdb,eval,imdb_18108_b0_1531,imdb_18108_b0,imdb_18108_b1
imdb,eval,imdb_2019_b0_1532,imdb_2019_b0,imdb_2019_b1
imdb,eval,imdb_3065_b0_1533,imdb_3065_b0,imdb_3065_b1
imdb,eval,imdb_2413_b0_1534,imdb_2413_b0,imdb_2413_b1
imdb,eval,imdb_23702_b0_1535,imdb_23702_b0,imdb_23702_b1
imdb,eval,imdb_21367_b0_1536,imdb_21367_b0,imdb_21367_b1
imdb,eval,imdb_886_b0_1537,imdb_886_b0,imdb_886_b1
imdb,eval,imdb_19860_b0_1538,imdb_19860_b0,imdb_19860_b1
imdb,eval,imdb_17305_b0_1539,imdb_17305_b0,imdb_17305_b1
imdb,eval,imdb_10146_b0_1540,imdb_10146_b0,imdb_10146_b1
imdb,eval,imdb_16659_b0_1541,imdb_16659_b0,imdb_16659_b1
imdb,eval,imdb_18551_b0_1542,imdb_18551_b0,imdb_18551_b1
imdb,eval,imdb_23630_b0_1543,imdb_23630_b0,imdb_23630_b1
imdb,eval,imdb_1273_b0_1544,imdb_1273_b0,imdb_1273_b1
imdb,eval,imdb_4250_b0_1545,imdb_4250_b0,imdb_4250_b1
imdb,eval,imdb_5085_b0_1546,imdb_5085_b0,imdb_5085_b1
imdb,eval,imdb_22054_b0_1547,imdb_22054_b0,imdb_22054_b1
imdb,eval,imdb_15539_b0_1548,imdb_15539_b0,imdb_15539_b1
imdb,eval,imdb_1054_b0_1549,imdb_1054_b0,imdb_1054_b1
imdb,eval,imdb_13536_b0_1550,imdb_13536_b0,imdb_13536_b1
imdb,eval,imdb_7755_b0_1551,imdb_7755_b0,imdb_7755_b1
imdb,eval,imdb_16326_b0_1552,imdb_16326_b0,imdb_16326_b1
imdb,eval,imdb_8673_b0_1553,imdb_8673_b0,imdb_8673_b1
imdb,eval,imdb_13748_b0_1554,imdb_13748_b0,imdb_13748_b1
imdb,eval,imdb_14217_b0_1555,imdb_14217_b0,imdb_14217_b1
imdb,eval,imdb_453_b0_1556,imdb_453_b0,imdb_453_b1
imdb,eval,imdb_1862_b0_1557,imdb_1862_b0,imdb_1862_b1
imdb,eval,imdb_4223_b0_1558,imdb_4223_b0,imdb_4223_b1
imdb,eval,imdb_10134_b0_1559,imdb_10134_b0,imdb_10134_b1
imdb,eval,imdb_5572_b0_1560,imdb_5572_b0,imdb_5572_b1
imdb,eval,imdb_12412_b0_1561,imdb_12412_b0,imdb_12412_b1
imdb,eval,imdb_15781_b0_1562,imdb_15781_b0,imdb_15781_b1
imdb,eval,imdb_4403_b0_1563,imdb_4403_b0,imdb_4403_b1
imdb,eval,imdb_9653_b0_1564,imdb_9653_b0,imdb_9653_b1
imdb,eval,imdb_2035_b0_1565,imdb_2035_b0,imdb_2035_b1
imdb,eval,imdb_565_b0_1566,imdb_565_b0,imdb_565_b1
imdb,eval,imdb_10021_b0_1567,imdb_10021_b0,imdb_10021_b1
imdb,eval,imdb_2598_b0_1568,imdb_2598_b0,imdb_2598_b1
imdb,eval,imdb_10954_b0_1569,imdb_10954_b0,imdb_10954_b1
imdb,eval,imdb_23248_b0_1570,imdb_23248_b0,imdb_23248_b1
imdb,eval,imdb_24678_b0_1571,imdb_24678_b0,imdb_24678_b1
imdb,eval,imdb_6692_b0_1572,imdb_6692_b0,imdb_6692_b1
imdb,eval,imdb_9111_b0_1573,imdb_9111_b0,imdb_9111_b1
imdb,eval,imdb_19865_b0_1574,imdb_19865_b0,imdb_19865_b1
imdb,eval,imdb_13502_b0_1575,imdb_13502_b0,imdb_13502_b1
imdb,eval,imdb_3396_b0_1576,imdb_3396_b0,imdb_3396_b1
imdb,eval,imdb_7603_b0_1577,imdb_7603_b0,imdb_7603_b1
imdb,eval,imdb_13775_b0_1578,imdb_13775_b0,imdb_13775_b1
imdb,eval,imdb_3888_b0_1579,imdb_3888_b0,imdb_3888_b1
imdb,eval,imdb_10917_b0_1580,imdb_10917_b0,imdb_10917_b1
imdb,eval,imdb_4912_b0_1581,imdb_4912_b0,imdb_4912_b1
imdb,eval,imdb_19412_b0_1582,imdb_19412_b0,imdb_19412_b1
imdb,eval,imdb_21807_b0_1583,imdb_21807_b0,imdb_21807_b1
imdb,eval,imdb_7754_b0_1584,imdb_7754_b0,imdb_7754_b1
imdb,eval,imdb_6604_b0_1585,imdb_6604_b0,imdb_6604_b1
imdb,eval,imdb_19545_b0_1586,imdb_19545_b0,imdb_19545_b1
imdb,eval,imdb_3218_b0_1587,imdb_3218_b0,imdb_3218_b1
imdb,eval,imdb_23725_b0_1588,imdb_23725_b0,imdb_23725_b1
imdb,eval,imdb_14729_b0_1589,imdb_14729_b0,imdb_14729_b1
imdb,eval,imdb_1168_b0_1590,imdb_1168_b0,imdb_1168_b1
imdb,eval,imdb_12700_b0_1591,imdb_12700_b0,imdb_12700_b1
imdb,eval,imdb_3429_b0_1592,imdb_3429_b0,imdb_3429_b1
imdb,eval,imdb_7289_b0_1593,imdb_7289_b0,imdb_7289_b1
imdb,eval,imdb_1836_b0_1594,imdb_1836_b0,imdb_1836_b1
imdb,eval,imdb_23203_b0_1595,imdb_23203_b0,imdb_23203_b1
imdb,eval,imdb_564_b0_1596,imdb_564_b0,imdb_564_b1
imdb,eval,imdb_306_b0_1597,imdb_306_b0,imdb_306_b1
imdb,eval,imdb_398_b0_1598,imdb_398_b0,imdb_398_b1
imdb,eval,imdb_22370_b0_1599,imdb_22370_b0,imdb_22370_b1
imdb,eval,imdb_7656_b0_1600,imdb_7656_b0,imdb_7656_b1
imdb,eval,imdb_11122_b0_1601,imdb_11122_b0,imdb_11122_b1
imdb,eval,imdb_12903_b0_1602,imdb_12903_b0,imdb_12903_b1
imdb,eval,imdb_4482_b0_1603,imdb_4482_b0,imdb_4482_b1
imdb,eval,imdb_16682_b0_1604,imdb_16682_b0,imdb_16682_b1
imdb,eval,imdb_3827_b0_1605,imdb_3827_b0,imdb_3827_b1
imdb,eval,imdb_3525_b0_1606,imdb_3525_b0,imdb_3525_b1
imdb,eval,imdb_2313_b0_1607,imdb_2313_b0,imdb_2313_b1
imdb,eval,imdb_8216_b0_1608,imdb_8216_b0,imdb_8216_b1
imdb,eval,imdb_2044_b0_1609,imdb_2044_b0,imdb_2044_b1
imdb,eval,imdb_14439_b0_1610,imdb_14439_b0,imdb_14439_b1
imdb,eval,imdb_24101_b0_1611,imdb_24101_b0,imdb_24101_b1
imdb,eval,imdb_1873_b0_1612,imdb_1873_b0,imdb_1873_b1
imdb,eval,imdb_19820_b0_1613,imdb_19820_b0,imdb_19820_b1
imdb,eval,imdb_24746_b0_1614,imdb_24746_b0,imdb_24746_b1
imdb,eval,imdb_18497_b0_1615,imdb_18497_b0,imdb_18497_b1
imdb,eval,imdb_7920_b0_1616,imdb_7920_b0,imdb_7920_b1
imdb,eval,imdb_6445_b0_1617,imdb_6445_b0,imdb_6445_b1
imdb,eval,imdb_6976_b0_1618,imdb_6976_b0,imdb_6976_b1
imdb,eval,imdb_5591_b0_1619,imdb_5591_b0,imdb_5591_b1
imdb,eval,imdb_3864_b0_1620,imdb_3864_b0,imdb_3864_b1
imdb,eval,imdb_10846_b0_1621,imdb_10846_b0,imdb_10846_b1
imdb,eval,imdb_13892_b0_1622,imdb_13892_b0,imdb_13892_b1
imdb,eval,imdb_5780_b0_1623,imdb_5780_b0,imdb_5780_b1
imdb,eval,imdb_18116_b0_1624,imdb_18116_b0,imdb_18116_b1
imdb,eval,imdb_20047_b0_1625,imdb_20047_b0,imdb_20047_b1
imdb,eval,imdb_8665_b0_1626,imdb_8665_b0,imdb_8665_b1
imdb,eval,imdb_11570_b0_1627,imdb_11570_b0,imdb_11570_b1
imdb,eval,imdb_749_b0_1628,imdb_749_b0,imdb_749_b1
imdb,eval,imdb_581_b0_1629,imdb_581_b0,imdb_581_b1
imdb,eval,imdb_3687_b0_1630,imdb_3687_b0,imdb_3687_b1
imdb,eval,imdb_11239_b0_1631,imdb_11239_b0,imdb_11239_b1
imdb,eval,imdb_16454_b0_1632,imdb_16454_b0,imdb_16454_b1
imdb,eval,imdb_14563_b0_1633,imdb_14563_b0,imdb_14563_b1
imdb,eval,imdb_12284_b0_1634,imdb_12284_b0,imdb_12284_b1
imdb,eval,imdb_19811_b0_1635,imdb_19811_b0,imdb_19811_b1
imdb,eval,imdb_17883_b0_1636,imdb_17883_b0,imdb_17883_b1
imdb,eval,imdb_20476_b0_1637,imdb_20476_b0,imdb_20476_b1
imdb,eval,imdb_2746_b0_1638,imdb_2746_b0,imdb_2746_b1
imdb,eval,imdb_23813_b0_1639,imdb_23813_b0,imdb_23813_b1
imdb,eval,imdb_13645_b0_1640,imdb_13645_b0,imdb_13645_b1
imdb,eval,imdb_7044_b0_1641,imdb_7044_b0,imdb_7044_b1
imdb,eval,imdb_8042_b0_1642,imdb_8042_b0,imdb_8042_b1
imdb,eval,imdb_18212_b0_1643,imdb_18212_b0,imdb_18212_b1
imdb,eval,imdb_187_b0_1644,imdb_187_b0,imdb_187_b1
imdb,eval,imdb_16630_b0_1645,imdb_16630_b0,imdb_16630_b1
imdb,eval,imdb_6970_b0_1646,imdb_6970_b0,imdb_6970_b1
imdb,eval,imdb_13710_b0_1647,imdb_13710_b0,imdb_13710_b1
imdb,eval,imdb_5302_b0_1648,imdb_5302_b0,imdb_5302_b1
imdb,eval,imdb_998_b0_1649,imdb_998_b0,imdb_998_b1
imdb,eval,imdb_2095_b0_1650,imdb_2095_b0,imdb_2095_b1
imdb,eval,imdb_14123_b0_1651,imdb_14123_b0,imdb_14123_b1
imdb,eval,imdb_6210_b0_1652,imdb_6210_b0,imdb_6210_b1
imdb,eval,imdb_5423_b0_1653,imdb_5423_b0,imdb_5423_b1
imdb,eval,imdb_9833_b0_1654,imdb_9833_b0,imdb_9833_b1
imdb,eval,imdb_19586_b0_1655,imdb_19586_b0,imdb_19586_b1
imdb,eval,imdb_16769_b0_1656,imdb_16769_b0,imdb_16769_b1
imdb,eval,imdb_17395_b0_1657,imdb_17395_b0,imdb_17395_b1
imdb,eval,imdb_3701_b0_1658,imdb_3701_b0,imdb_3701_b1
imdb,eval,imdb_17368_b0_1659,imdb_17368_b0,imdb_17368_b1
imdb,eval,imdb_2142_b0_1660,imdb_2142_b0,imdb_2142_b1
imdb,eval,imdb_7014_b0_1661,imdb_7014_b0,imdb_7014_b1
imdb,eval,imdb_4990_b0_1662,imdb_4990_b0,imdb_4990_b1
imdb,eval,imdb_13253_b0_1663,imdb_13253_b0,imdb_13253_b1
imdb,eval,imdb_18365_b0_1664,imdb_18365_b0,imdb_18365_b1
imdb,eval,imdb_2848_b0_1665,imdb_2848_b0,imdb_2848_b1
imdb,eval,imdb_16460_b0_1666,imdb_16460_b0,imdb_16460_b1
imdb,eval,imdb_218_b0_1667,imdb_218_b0,imdb_218_b1
imdb,eval,imdb_14165_b0_1668,imdb_14165_b0,imdb_14165_b1
imdb,eval,imdb_19170_b0_1669,imdb_19170_b0,imdb_19170_b1
imdb,eval,imdb_1981_b0_1670,imdb_1981_b0,imdb_1981_b1
imdb,eval,imdb_20816_b0_1671,imdb_20816_b0,imdb_20816_b1
imdb,eval,imdb_8818_b0_1672,imdb_8818_b0,imdb_8818_b1
imdb,eval,imdb_7908_b0_1673,imdb_7908_b0,imdb_7908_b1
imdb,eval,imdb_18658_b0_1674,imdb_18658_b0,imdb_18658_b1
imdb,eval,imdb_6842_b0_1675,imdb_6842_b0,imdb_6842_b1
imdb,eval,imdb_24203_b0_1676,imdb_24203_b0,imdb_24203_b1
imdb,eval,imdb_15533_b0_1677,imdb_15533_b0,imdb_15533_b1
imdb,eval,imdb_11285_b0_1678,imdb_11285_b0,imdb_11285_b1
imdb,eval,imdb_19769_b0_1679,imdb_19769_b0,imdb_19769_b1
imdb,eval,imdb_3468_b0_1680,imdb_3468_b0,imdb_3468_b1
imdb,eval,imdb_10930_b0_1681,imdb_10930_b0,imdb_10930_b1
imdb,eval,imdb_2380_b0_1682,imdb_2380_b0,imdb_2380_b1
imdb,eval,imdb_8153_b0_1683,imdb_8153_b0,imdb_8153_b1
imdb,eval,imdb_4489_b0_1684,imdb_4489_b0,imdb_4489_b1
imdb,eval,imdb_2217_b0_1685,imdb_2217_b0,imdb_2217_b1
imdb,eval,imdb_1919_b0_1686,imdb_1919_b0,imdb_1919_b1
imdb,eval,imdb_8006_b0_1687,imdb_8006_b0,imdb_8006_b1
imdb,eval,imdb_13942_b0_1688,imdb_13942_b0,imdb_13942_b1
imdb,eval,imdb_15718_b0_1689,imdb_15718_b0,imdb_15718_b1
imdb,eval,imdb_16820_b0_1690,imdb_16820_b0,imdb_16820_b1
imdb,eval,imdb_22396_b0_1691,imdb_22396_b0,imdb_22396_b1
imdb,eval,imdb_17397_b0_1692,imdb_17397_b0,imdb_17397_b1
imdb,eval,imdb_21374_b0_1693,imdb_21374_b0,imdb_21374_b1
imdb,eval,imdb_14185_b0_1694,imdb_14185_b0,imdb_14185_b1
imdb,eval,imdb_5507_b0_1695,imdb_5507_b0,imdb_5507_b1
imdb,eval,imdb_23896_b0_1696,imdb_23896_b0,imdb_23896_b1
imdb,eval,imdb_154_b0_1697,imdb_154_b0,imdb_154_b1
imdb,eval,imdb_16270_b0_1698,imdb_16270_b0,imdb_16270_b1
imdb,eval,imdb_20225_b0_1699,imdb_20225_b0,imdb_20225_b1
imdb,eval,imdb_16557_b0_1700,imdb_16557_b0,imdb_16557_b1
imdb,eval,imdb_380_b0_1701,imdb_380_b0,imdb_380_b1
imdb,eval,imdb_11486_b0_1702,imdb_11486_b0,imdb_11486_b1
imdb,eval,imdb_14214_b0_1703,imdb_14214_b0,imdb_14214_b1
imdb,eval,imdb_14036_b0_1704,imdb_14036_b0,imdb_14036_b1
imdb,eval,imdb_12210_b0_1705,imdb_12210_b0,imdb_12210_b1
imdb,eval,imdb_1495_b0_1706,imdb_1495_b0,imdb_1495_b1
imdb,eval,imdb_22018_b0_1707,imdb_22018_b0,imdb_22018_b1
imdb,eval,imdb_23485_b0_1708,imdb_23485_b0,imdb_23485_b1
imdb,eval,imdb_1776_b0_1709,imdb_1776_b0,imdb_1776_b1
imdb,eval,imdb_5273_b0_1710,imdb_5273_b0,imdb_5273_b1
imdb,eval,imdb_18790_b0_1711,imdb_18790_b0,imdb_18790_b1
imdb,eval,imdb_15170_b0_1712,imdb_15170_b0,imdb_15170_b1
imdb,eval,imdb_10145_b0_1713,imdb_10145_b0,imdb_10145_b1
imdb,eval,imdb_24301_b0_1714,imdb_24301_b0,imdb_24301_b1
imdb,eval,imdb_5678_b0_1715,imdb_5678_b0,imdb_5678_b1
imdb,eval,imdb_23525_b0_1716,imdb_23525_b0,imdb_23525_b1
imdb,eval,imdb_8889_b0_1717,imdb_8889_b0,imdb_8889_b1
imdb,eval,imdb_17238_b0_1718,imdb_17238_b0,imdb_17238_b1
imdb,eval,imdb_15333_b0_1719,imdb_15333_b0,imdb_15333_b1
imdb,eval,imdb_7666_b0_1720,imdb_7666_b0,imdb_7666_b1
imdb,eval,imdb_9966_b0_1721,imdb_9966_b0,imdb_9966_b1
imdb,eval,imdb_14932_b0_1722,imdb_14932_b0,imdb_14932_b1
imdb,eval,imdb_8197_b0_1723,imdb_8197_b0,imdb_8197_b1
imdb,eval,imdb_5836_b0_1724,imdb_5836_b0,imdb_5836_b1
imdb,eval,imdb_11913_b0_1725,imdb_11913_b0,imdb_11913_b1
imdb,eval,imdb_1096_b0_1726,imdb_1096_b0,imdb_1096_b1
imdb,eval,imdb_2014_b0_1727,imdb_2014_b0,imdb_2014_b1
imdb,eval,imdb_15542_b0_1728,imdb_15542_b0,imdb_15542_b1
imdb,eval,imdb_19760_b0_1729,imdb_19760_b0,imdb_19760_b1
imdb,eval,imdb_21941_b0_1730,imdb_21941_b0,imdb_21941_b1
imdb,eval,imdb_15966_b0_1731,imdb_15966_b0,imdb_15966_b1
imdb,eval,imdb_16750_b0_1732,imdb_16750_b0,imdb_16750_b1
imdb,eval,imdb_6849_b0_1733,imdb_6849_b0,imdb_6849_b1
imdb,eval,imdb_4946_b0_1734,imdb_4946_b0,imdb_4946_b1
imdb,eval,imdb_2701_b0_1735,imdb_2701_b0,imdb_2701_b1
imdb,eval,imdb_24183_b0_1736,imdb_24183_b0,imdb_24183_b1
imdb,eval,imdb_3357_b0_1737,imdb_3357_b0,imdb_3357_b1
imdb,eval,imdb_17946_b0_1738,imdb_17946_b0,imdb_17946_b1
imdb,eval,imdb_13988_b0_1739,imdb_13988_b0,imdb_13988_b1
imdb,eval,imdb_16058_b0_1740,imdb_16058_b0,imdb_16058_b1
imdb,eval,imdb_22153_b0_1741,imdb_22153_b0,imdb_22153_b1
imdb,eval,imdb_10311_b0_1742,imdb_10311_b0,imdb_10311_b1
imdb,eval,imdb_8681_b0_1743,imdb_8681_b0,imdb_8681_b1
imdb,eval,imdb_9991_b0_1744,imdb_9991_b0,imdb_9991_b1
imdb,eval,imdb_13369_b0_1745,imdb_13369_b0,imdb_13369_b1
imdb,eval,imdb_11064_b0_1746,imdb_11064_b0,imdb_11064_b1
imdb,eval,imdb_6220_b0_1747,imdb_6220_b0,imdb_6220_b1
imdb,eval,imdb_8232_b0_1748,imdb_8232_b0,imdb_8232_b1
imdb,eval,imdb_12846_b0_1749,imdb_12846_b0,imdb_12846_b1
imdb,eval,imdb_14440_b0_1750,imdb_14440_b0,imdb_14440_b1
imdb,eval,imdb_24828_b0_1751,imdb_24828_b0,imdb_24828_b1
imdb,eval,imdb_16104_b0_1752,imdb_16104_b0,imdb_16104_b1
imdb,eval,imdb_8309_b0_1753,imdb_8309_b0,imdb_8309_b1
imdb,eval,imdb_6597_b0_1754,imdb_6597_b0,imdb_6597_b1
imdb,eval,imdb_10030_b0_1755,imdb_10030_b0,imdb_10030_b1
imdb,eval,imdb_5644_b0_1756,imdb_5644_b0,imdb_5644_b1
imdb,eval,imdb_2177_b0_1757,imdb_2177_b0,imdb_2177_b1
imdb,eval,imdb_12571_b0_1758,imdb_12571_b0,imdb_12571_b1
imdb,eval,imdb_3253_b0_1759,imdb_3253_b0,imdb_3253_b1
imdb,eval,imdb_10501_b0_1760,imdb_10501_b0,imdb_10501_b1
imdb,eval,imdb_16149_b0_1761,imdb_16149_b0,imdb_16149_b1
imdb,eval,imdb_7865_b0_1762,imdb_7865_b0,imdb_7865_b1
imdb,eval,imdb_22797_b0_1763,imdb_22797_b0,imdb_22797_b1
imdb,eval,imdb_3048_b0_1764,imdb_3048_b0,imdb_3048_b1
imdb,eval,imdb_19038_b0_1765,imdb_19038_b0,imdb_19038_b1
imdb,eval,imdb_24827_b0_1766,imdb_24827_b0,imdb_24827_b1
imdb,eval,imdb_9129_b0_1767,imdb_9129_b0,imdb_9129_b1
imdb,eval,imdb_1042_b0_1768,imdb_1042_b0,imdb_1042_b1
imdb,eval,imdb_10406_b0_1769,imdb_10406_b0,imdb_10406_b1
imdb,eval,imdb_720_b0_1770,imdb_720_b0,imdb_720_b1
imdb,eval,imdb_13448_b0_1771,imdb_13448_b0,imdb_13448_b1
imdb,eval,imdb_6705_b0_1772,imdb_6705_b0,imdb_6705_b1
imdb,eval,imdb_8559_b0_1773,imdb_8559_b0,imdb_8559_b1
imdb,eval,imdb_17715_b0_1774,imdb_17715_b0,imdb_17715_b1
imdb,eval,imdb_8372_b0_1775,imdb_8372_b0,imdb_8372_b1
imdb,eval,imdb_22549_b0_1776,imdb_22549_b0,imdb_22549_b1
imdb,eval,imdb_9379_b0_1777,imdb_9379_b0,imdb_9379_b1
imdb,eval,imdb_21289_b0_1778,imdb_21289_b0,imdb_21289_b1
imdb,eval,imdb_8484_b0_1779,imdb_8484_b0,imdb_8484_b1
imdb,eval,imdb_6910_b0_1780,imdb_6910_b0,imdb_6910_b1
imdb,eval,imdb_24452_b0_1781,imdb_24452_b0,imdb_24452_b1
imdb,eval,imdb_16528_b0_1782,imdb_16528_b0,imdb_16528_b1
imdb,eval,imdb_17539_b0_1783,imdb_17539_b0,imdb_17539_b1
imdb,eval,imdb_23355_b0_1784,imdb_23355_b0,imdb_23355_b1
imdb,eval,imdb_20060_b0_1785,imdb_20060_b0,imdb_20060_b1
imdb,eval,imdb_11734_b0_1786,imdb_11734_b0,imdb_11734_b1
imdb,eval,imdb_1015_b0_1787,imdb_1015_b0,imdb_1015_b1
imdb,eval,imdb_12826_b0_1788,imdb_12826_b0,imdb_12826_b1
imdb,eval,imdb_22112_b0_1789,imdb_22112_b0,imdb_22112_b1
imdb,eval,imdb_2507_b0_1790,imdb_2507_b0,imdb_2507_b1
imdb,eval,imdb_21171_b0_1791,imdb_21171_b0,imdb_21171_b1
imdb,eval,imdb_18277_b0_1792,imdb_18277_b0,imdb_18277_b1
imdb,eval,imdb_22469_b0_1793,imdb_22469_b0,imdb_22469_b1
imdb,eval,imdb_17258_b0_1794,imdb_17258_b0,imdb_17258_b1
imdb,eval,imdb_22704_b0_1795,imdb_22704_b0,imdb_22704_b1
imdb,eval,imdb_5389_b0_1796,imdb_5389_b0,imdb_5389_b1
imdb,eval,imdb_11530_b0_1797,imdb_11530_b0,imdb_11530_b1
imdb,eval,imdb_10575_b0_1798,imdb_10575_b0,imdb_10575_b1
imdb,eval,imdb_16442_b0_1799,imdb_16442_b0,imdb_16442_b1
imdb,eval,imdb_4458_b0_1800,imdb_4458_b0,imdb_4458_b1
imdb,eval,imdb_17046_b0_1801,imdb_17046_b0,imdb_17046_b1
imdb,eval,imdb_15221_b0_1802,imdb_15221_b0,imdb_15221_b1
imdb,eval,imdb_9618_b0_1803,imdb_9618_b0,imdb_9618_b1
imdb,eval,imdb_5206_b0_1804,imdb_5206_b0,imdb_5206_b1
imdb,eval,imdb_22940_b0_1805,imdb_22940_b0,imdb_22940_b1
imdb,eval,imdb_5299_b0_1806,imdb_5299_b0,imdb_5299_b1
imdb,eval,imdb_22723_b0_1807,imdb_22723_b0,imdb_22723_b1
imdb,eval,imdb_9877_b0_1808,imdb_9877_b0,imdb_9877_b1
imdb,eval,imdb_4452_b0_1809,imdb_4452_b0,imdb_4452_b1
imdb,eval,imdb_21355_b0_1810,imdb_21355_b0,imdb_21355_b1
imdb,eval,imdb_17002_b0_1811,imdb_17002_b0,imdb_17002_b1
imdb,eval,imdb_7934_b0_1812,imdb_7934_b0,imdb_7934_b1
imdb,eval,imdb_17658_b0_1813,imdb_17658_b0,imdb_17658_b1
imdb,eval,imdb_14909_b0_1814,imdb_14909_b0,imdb_14909_b1
imdb,eval,imdb_20529_b0_1815,imdb_20529_b0,imdb_20529_b1
imdb,eval,imdb_15637_b0_1816,imdb_15637_b0,imdb_15637_b1
imdb,eval,imdb_588_b0_1817,imdb_588_b0,imdb_588_b1
imdb,eval,imdb_19895_b0_1818,imdb_19895_b0,imdb_19895_b1
imdb,eval,imdb_6636_b0_1819,imdb_6636_b0,imdb_6636_b1
imdb,eval,imdb_12397_b0_1820,imdb_12397_b0,imdb_12397_b1
imdb,eval,imdb_5716_b0_1821,imdb_5716_b0,imdb_5716_b1
imdb,eval,imdb_17252_b0_1822,imdb_17252_b0,imdb_17252_b1
imdb,eval,imdb_24234_b0_1823,imdb_24234_b0,imdb_24234_b1
imdb,eval,imdb_24364_b0_1824,imdb_24364_b0,imdb_24364_b1
imdb,eval,imdb_3201_b0_1825,imdb_3201_b0,imdb_3201_b1
imdb,eval,imdb_9555_b0_1826,imdb_9555_b0,imdb_9555_b1
imdb,eval,imdb_2643_b0_1827,imdb_2643_b0,imdb_2643_b1
imdb,eval,imdb_212_b0_1828,imdb_212_b0,imdb_212_b1
imdb,eval,imdb_7970_b0_1829,imdb_7970_b0,imdb_7970_b1
imdb,eval,imdb_6682_b0_1830,imdb_6682_b0,imdb_6682_b1
imdb,eval,imdb_23417_b0_1831,imdb_23417_b0,imdb_23417_b1
imdb,eval,imdb_24246_b0_1832,imdb_24246_b0,imdb_24246_b1
imdb,eval,imdb_11942_b0_1833,imdb_11942_b0,imdb_11942_b1
imdb,eval,imdb_4348_b0_1834,imdb_4348_b0,imdb_4348_b1
imdb,eval,imdb_21520_b0_1835,imdb_21520_b0,imdb_21520_b1
imdb,eval,imdb_16981_b0_1836,imdb_16981_b0,imdb_16981_b1
imdb,eval,imdb_5146_b0_1837,imdb_5146_b0,imdb_5146_b1
imdb,eval,imdb_7192_b0_1838,imdb_7192_b0,imdb_7192_b1
imdb,eval,imdb_21989_b0_1839,imdb_21989_b0,imdb_21989_b1
imdb,eval,imdb_1089_b0_1840,imdb_1089_b0,imdb_1089_b1
imdb,eval,imdb_1424_b0_1841,imdb_1424_b0,imdb_1424_b1
imdb,eval,imdb_13481_b0_1842,imdb_13481_b0,imdb_13481_b1
imdb,eval,imdb_11276_b0_1843,imdb_11276_b0,imdb_11276_b1
imdb,eval,imdb_20055_b0_1844,imdb_20055_b0,imdb_20055_b1
imdb,eval,imdb_6034_b0_1845,imdb_6034_b0,imdb_6034_b1
imdb,eval,imdb_10494_b0_1846,imdb_10494_b0,imdb_10494_b1
imdb,eval,imdb_7397_b0_1847,imdb_7397_b0,imdb_7397_b1
imdb,eval,imdb_13686_b0_1848,imdb_13686_b0,imdb_13686_b1
imdb,eval,imdb_10454_b0_1849,imdb_10454_b0,imdb_10454_b1
imdb,eval,imdb_15707_b0_1850,imdb_15707_b0,imdb_15707_b1
imdb,eval,imdb_23950_b0_1851,imdb_23950_b0,imdb_23950_b1
imdb,eval,imdb_9377_b0_1852,imdb_9377_b0,imdb_9377_b1
imdb,eval,imdb_15124_b0_1853,imdb_15124_b0,imdb_15124_b1
imdb,eval,imdb_21528_b0_1854,imdb_21528_b0,imdb_21528_b1
imdb,eval,imdb_1855_b0_1855,imdb_1855_b0,imdb_1855_b1
imdb,eval,imdb_4114_b0_1856,imdb_4114_b0,imdb_4114_b1
imdb,eval,imdb_11958_b0_1857,imdb_11958_b0,imdb_11958_b1
imdb,eval,imdb_19612_b0_1858,imdb_19612_b0,imdb_19612_b1
imdb,eval,imdb_810_b0_1859,imdb_810_b0,imdb_810_b1
imdb,eval,imdb_7687_b0_1860,imdb_7687_b0,imdb_7687_b1
imdb,eval,imdb_22947_b0_1861,imdb_22947_b0,imdb_22947_b1
imdb,eval,imdb_9588_b0_1862,imdb_9588_b0,imdb_9588_b1
imdb,eval,imdb_10810_b0_1863,imdb_10810_b0,imdb_10810_b1
imdb,eval,imdb_19083_b0_1864,imdb_19083_b0,imdb_19083_b1
imdb,eval,imdb_2120_b0_1865,imdb_2120_b0,imdb_2120_b1
imdb,eval,imdb_15046_b0_1866,imdb_15046_b0,imdb_15046_b1
imdb,eval,imdb_8669_b0_1867,imdb_8669_b0,imdb_8669_b1
imdb,eval,imdb_5901_b0_1868,imdb_5901_b0,imdb_5901_b1
imdb,eval,imdb_7714_b0_1869,imdb_7714_b0,imdb_7714_b1
imdb,eval,imdb_15134_b0_1870,imdb_15134_b0,imdb_15134_b1
imdb,eval,imdb_8264_b0_1871,imdb_8264_b0,imdb_8264_b1
imdb,eval,imdb_14140_b0_1872,imdb_14140_b0,imdb_14140_b1
imdb,eval,imdb_13905_b0_1873,imdb_13905_b0,imdb_13905_b1
imdb,eval,imdb_3483_b0_1874,imdb_3483_b0,imdb_3483_b1
imdb,eval,imdb_15178_b0_1875,imdb_15178_b0,imdb_15178_b1
imdb,eval,imdb_6387_b0_1876,imdb_6387_b0,imdb_6387_b1
imdb,eval,imdb_22206_b0_1877,imdb_22206_b0,imdb_22206_b1
imdb,eval,imdb_16506_b0_1878,imdb_16506_b0,imdb_16506_b1
imdb,eval,imdb_3252_b0_1879,imdb_3252_b0,imdb_3252_b1
imdb,eval,imdb_20193_b0_1880,imdb_20193_b0,imdb_20193_b1
imdb,eval,imdb_10774_b0_1881,imdb_10774_b0,imdb_10774_b1
imdb,eval,imdb_18079_b0_1882,imdb_18079_b0,imdb_18079_b1
imdb,eval,imdb_20957_b0_1883,imdb_20957_b0,imdb_20957_b1
imdb,eval,imdb_3076_b0_1884,imdb_3076_b0,imdb_3076_b1
imdb,eval,imdb_12235_b0_1885,imdb_12235_b0,imdb_12235_b1
imdb,eval,imdb_20810_b0_1886,imdb_20810_b0,imdb_20810_b1
imdb,eval,imdb_6275_b0_1887,imdb_6275_b0,imdb_6275_b1
imdb,eval,imdb_20685_b0_1888,imdb_20685_b0,imdb_20685_b1
imdb,eval,imdb_23350_b0_1889,imdb_23350_b0,imdb_23350_b1
imdb,eval,imdb_6130_b0_1890,imdb_6130_b0,imdb_6130_b1
imdb,eval,imdb_16399_b0_1891,imdb_16399_b0,imdb_16399_b1
imdb,eval,imdb_8048_b0_1892,imdb_8048_b0,imdb_8048_b1
imdb,eval,imdb_3537_b0_1893,imdb_3537_b0,imdb_3537_b1
imdb,eval,imdb_24010_b0_1894,imdb_24010_b0,imdb_24010_b1
imdb,eval,imdb_1890_b0_1895,imdb_1890_b0,imdb_1890_b1
imdb,eval,imdb_20349_b0_1896,imdb_20349_b0,imdb_20349_b1
imdb,eval,imdb_16133_b0_1897,imdb_16133_b0,imdb_16133_b1
imdb,eval,imdb_14435_b0_1898,imdb_14435_b0,imdb_14435_b1
imdb,eval,imdb_17984_b0_1899,imdb_17984_b0,imdb_17984_b1
imdb,eval,imdb_15146_b0_1900,imdb_15146_b0,imdb_15146_b1
imdb,eval,imdb_14661_b0_1901,imdb_14661_b0,imdb_14661_b1
imdb,eval,imdb_17314_b0_1902,imdb_17314_b0,imdb_17314_b1
imdb,eval,imdb_18243_b0_1903,imdb_18243_b0,imdb_18243_b1
imdb,eval,imdb_10210_b0_1904,imdb_10210_b0,imdb_10210_b1
imdb,eval,imdb_10402_b0_1905,imdb_10402_b0,imdb_10402_b1
imdb,eval,imdb_13981_b0_1906,imdb_13981_b0,imdb_13981_b1
imdb,eval,imdb_24018_b0_1907,imdb_24018_b0,imdb_24018_b1
imdb,eval,imdb_22808_b0_1908,imdb_22808_b0,imdb_22808_b1
imdb,eval,imdb_5538_b0_1909,imdb_5538_b0,imdb_5538_b1
imdb,eval,imdb_15209_b0_1910,imdb_15209_b0,imdb_15209_b1
imdb,eval,imdb_18362_b0_1911,imdb_18362_b0,imdb_18362_b1
imdb,eval,imdb_9837_b0_1912,imdb_9837_b0,imdb_9837_b1
imdb,eval,imdb_12928_b0_1913,imdb_12928_b0,imdb_12928_b1
imdb,eval,imdb_8557_b0_1914,imdb_8557_b0,imdb_8557_b1
imdb,eval,imdb_3094_b0_1915,imdb_3094_b0,imdb_3094_b1
imdb,eval,imdb_3790_b0_1916,imdb_3790_b0,imdb_3790_b1
imdb,eval,imdb_12333_b0_1917,imdb_12333_b0,imdb_12333_b1
imdb,eval,imdb_13879_b0_1918,imdb_13879_b0,imdb_13879_b1
imdb,eval,imdb_18980_b0_1919,imdb_18980_b0,imdb_18980_b1
imdb,eval,imdb_3490_b0_1920,imdb_3490_b0,imdb_3490_b1
imdb,eval,imdb_11_b0_1921,imdb_11_b0,imdb_11_b1
imdb,eval,imdb_18082_b0_1922,imdb_18082_b0,imdb_18082_b1
imdb,eval,imdb_6406_b0_1923,imdb_6406_b0,imdb_6406_b1
imdb,eval,imdb_2946_b0_1924,imdb_2946_b0,imdb_2946_b1
imdb,eval,imdb_8238_b0_1925,imdb_8238_b0,imdb_8238_b1
imdb,eval,imdb_15900_b0_1926,imdb_15900_b0,imdb_15900_b1
imdb,eval,imdb_18509_b0_1927,imdb_18509_b0,imdb_18509_b1
imdb,eval,imdb_24070_b0_1928,imdb_24070_b0,imdb_24070_b1
imdb,eval,imdb_22434_b0_1929,imdb_22434_b0,imdb_22434_b1
imdb,eval,imdb_11849_b0_1930,imdb_11849_b0,imdb_11849_b1
imdb,eval,imdb_9209_b0_1931,imdb_9209_b0,imdb_9209_b1
imdb,eval,imdb_15944_b0_1932,imdb_15944_b0,imdb_15944_b1
imdb,eval,imdb_7038_b0_1933,imdb_7038_b0,imdb_7038_b1
imdb,eval,imdb_18451_b0_1934,imdb_18451_b0,imdb_18451_b1
imdb,eval,imdb_16195_b0_1935,imdb_16195_b0,imdb_16195_b1
imdb,eval,imdb_16028_b0_1936,imdb_16028_b0,imdb_16028_b1
imdb,eval,imdb_24532_b0_1937,imdb_24532_b0,imdb_24532_b1
imdb,eval,imdb_20608_b0_1938,imdb_20608_b0,imdb_20608_b1
imdb,eval,imdb_13141_b0_1939,imdb_13141_b0,imdb_13141_b1
imdb,eval,imdb_11138_b0_1940,imdb_11138_b0,imdb_11138_b1
imdb,eval,imdb_13197_b0_1941,imdb_13197_b0,imdb_13197_b1
imdb,eval,imdb_16826_b0_1942,imdb_16826_b0,imdb_16826_b1
imdb,eval,imdb_2271_b0_1943,imdb_2271_b0,imdb_2271_b1
imdb,eval,imdb_17652_b0_1944,imdb_17652_b0,imdb_17652_b1
imdb,eval,imdb_11406_b0_1945,imdb_11406_b0,imdb_11406_b1
imdb,eval,imdb_13747_b0_1946,imdb_13747_b0,imdb_13747_b1
imdb,eval,imdb_23449_b0_1947,imdb_23449_b0,imdb_23449_b1
imdb,eval,imdb_24326_b0_1948,imdb_24326_b0,imdb_24326_b1
imdb,eval,imdb_5306_b0_1949,imdb_5306_b0,imdb_5306_b1
imdb,eval,imdb_4863_b0_1950,imdb_4863_b0,imdb_4863_b1
imdb,eval,imdb_23207_b0_1951,imdb_23207_b0,imdb_23207_b1
imdb,eval,imdb_24185_b0_1952,imdb_24185_b0,imdb_24185_b1
imdb,eval,imdb_1121_b0_1953,imdb_1121_b0,imdb_1121_b1
imdb,eval,imdb_13912_b0_1954,imdb_13912_b0,imdb_13912_b1
imdb,eval,imdb_8657_b0_1955,imdb_8657_b0,imdb_8657_b1
imdb,eval,imdb_5110_b0_1956,imdb_5110_b0,imdb_5110_b1
imdb,eval,imdb_13904_b0_1957,imdb_13904_b0,imdb_13904_b1
imdb,eval,imdb_14555_b0_1958,imdb_14555_b0,imdb_14555_b1
imdb,eval,imdb_13408_b0_1959,imdb_13408_b0,imdb_13408_b1
imdb,eval,imdb_1086_b0_1960,imdb_1086_b0,imdb_1086_b1
imdb,eval,imdb_23040_b0_1961,imdb_23040_b0,imdb_23040_b1
imdb,eval,imdb_23048_b0_1962,imdb_23048_b0,imdb_23048_b1
imdb,eval,imdb_5047_b0_1963,imdb_5047_b0,imdb_5047_b1
imdb,eval,imdb_11328_b0_1964,imdb_11328_b0,imdb_11328_b1
imdb,eval,imdb_23099_b0_1965,imdb_23099_b0,imdb_23099_b1
imdb,eval,imdb_12425_b0_1966,imdb_12425_b0,imdb_12425_b1
imdb,eval,imdb_19753_b0_1967,imdb_19753_b0,imdb_19753_b1
imdb,eval,imdb_24872_b0_1968,imdb_24872_b0,imdb_24872_b1
imdb,eval,imdb_991_b0_1969,imdb_991_b0,imdb_991_b1
imdb,eval,imdb_13828_b0_1970,imdb_13828_b0,imdb_13828_b1
imdb,eval,imdb_10944_b0_1971,imdb_10944_b0,imdb_10944_b1
imdb,eval,imdb_8529_b0_1972,imdb_8529_b0,imdb_8529_b1
imdb,eval,imdb_7613_b0_1973,imdb_7613_b0,imdb_7613_b1
imdb,eval,imdb_15870_b0_1974,imdb_15870_b0,imdb_15870_b1
imdb,eval,imdb_17727_b0_1975,imdb_17727_b0,imdb_17727_b1
imdb,eval,imdb_1974_b0_1976,imdb_1974_b0,imdb_1974_b1
imdb,eval,imdb_2125_b0_1977,imdb_2125_b0,imdb_2125_b1
imdb,eval,imdb_3291_b0_1978,imdb_3291_b0,imdb_3291_b1
imdb,eval,imdb_3644_b0_1979,imdb_3644_b0,imdb_3644_b1
imdb,eval,imdb_6980_b0_1980,imdb_6980_b0,imdb_6980_b1
imdb,eval,imdb_472_b0_1981,imdb_472_b0,imdb_472_b1
imdb,eval,imdb_23028_b0_1982,imdb_23028_b0,imdb_23028_b1
imdb,eval,imdb_11520_b0_1983,imdb_11520_b0,imdb_11520_b1
imdb,eval,imdb_15182_b0_1984,imdb_15182_b0,imdb_15182_b1
imdb,eval,imdb_8419_b0_1985,imdb_8419_b0,imdb_8419_b1
imdb,eval,imdb_203_b0_1986,imdb_203_b0,imdb_203_b1
imdb,eval,imdb_18990_b0_1987,imdb_18990_b0,imdb_18990_b1
imdb,eval,imdb_1318_b0_1988,imdb_1318_b0,imdb_1318_b1
imdb,eval,imdb_4771_b0_1989,imdb_4771_b0,imdb_4771_b1
imdb,eval,imdb_23004_b0_1990,imdb_23004_b0,imdb_23004_b1
imdb,eval,imdb_24244_b0_1991,imdb_24244_b0,imdb_24244_b1
imdb,eval,imdb_18992_b0_1992,imdb_18992_b0,imdb_18992_b1
imdb,eval,imdb_3566_b0_1993,imdb_3566_b0,imdb_3566_b1
imdb,eval,imdb_9505_b0_1994,imdb_9505_b0,imdb_9505_b1
imdb,eval,imdb_21285_b0_1995,imdb_21285_b0,imdb_21285_b1
imdb,eval,imdb_23393_b0_1996,imdb_23393_b0,imdb_23393_b1
imdb,eval,imdb_12510_b0_1997,imdb_12510_b0,imdb_12510_b1
imdb,eval,imdb_8100_b0_1998,imdb_8100_b0,imdb_8100_b1
imdb,eval,imdb_9154_b0_1999,imdb_9154_b0,imdb_9154_b1
ent_bank,train,ent_bank_train_15_f_b0_6854,ent_bank_train_15_f_b0,ent_bank_train_15_f_b1
ent_bank,train,ent_bank_train_1072_f_b0_6855,ent_bank_train_1072_f_b0,ent_bank_train_1072_f_b1
ent_bank,train,ent_bank_test_77_f_b0_6856,ent_bank_test_77_f_b0,ent_bank_test_77_f_b1
ent_bank,train,ent_bank_train_1255_f_b0_6857,ent_bank_train_1255_f_b0,ent_bank_train_1255_f_b1
ent_bank,train,ent_bank_dev_127_t_b0_6858,ent_bank_dev_127_t_b0,ent_bank_dev_127_t_b1
ent_bank,train,ent_bank_train_527_f_b0_6859,ent_bank_train_527_f_b0,ent_bank_train_527_f_b1
ent_bank,train,ent_bank_dev_55_f_b0_6860,ent_bank_dev_55_f_b0,ent_bank_dev_55_f_b1
ent_bank,train,ent_bank_train_1047_t_b0_6861,ent_bank_train_1047_t_b0,ent_bank_train_1047_t_b1
ent_bank,train,ent_bank_dev_130_f_b0_6862,ent_bank_dev_130_f_b0,ent_bank_dev_130_f_b1
ent_bank,train,ent_bank_train_933_f_b0_6863,ent_bank_train_933_f_b0,ent_bank_train_933_f_b1
ent_bank,train,ent_bank_test_72_f_b0_6864,ent_bank_test_72_f_b0,ent_bank_test_72_f_b1
ent_bank,train,ent_bank_train_245_t_b0_6865,ent_bank_train_245_t_b0,ent_bank_train_245_t_b1
ent_bank,train,ent_bank_train_125_t_b0_6866,ent_bank_train_125_t_b0,ent_bank_train_125_t_b1
ent_bank,train,ent_bank_test_30_t_b0_6867,ent_bank_test_30_t_b0,ent_bank_test_30_t_b1
ent_bank,train,ent_bank_train_966_f_b0_6868,ent_bank_train_966_f_b0,ent_bank_train_966_f_b1
ent_bank,train,ent_bank_train_505_t_b0_6869,ent_bank_train_505_t_b0,ent_bank_train_505_t_b1
ent_bank,train,ent_bank_train_237_f_b0_6870,ent_bank_train_237_f_b0,ent_bank_train_237_f_b1
ent_bank,train,ent_bank_train_613_f_b0_6871,ent_bank_train_613_f_b0,ent_bank_train_613_f_b1
ent_bank,train,ent_bank_train_295_t_b0_6872,ent_bank_train_295_t_b0,ent_bank_train_295_t_b1
ent_bank,train,ent_bank_dev_35_t_b0_6873,ent_bank_dev_35_t_b0,ent_bank_dev_35_t_b1
ent_bank,train,ent_bank_test_271_t_b0_6874,ent_bank_test_271_t_b0,ent_bank_test_271_t_b1
ent_bank,train,ent_bank_train_1035_t_b0_6875,ent_bank_train_1035_t_b0,ent_bank_train_1035_t_b1
ent_bank,train,ent_bank_train_1094_f_b0_6876,ent_bank_train_1094_f_b0,ent_bank_train_1094_f_b1
ent_bank,train,ent_bank_train_394_t_b0_6877,ent_bank_train_394_t_b0,ent_bank_train_394_t_b1
ent_bank,train,ent_bank_train_23_t_b0_6878,ent_bank_train_23_t_b0,ent_bank_train_23_t_b1
ent_bank,train,ent_bank_train_810_t_b0_6879,ent_bank_train_810_t_b0,ent_bank_train_810_t_b1
ent_bank,train,ent_bank_test_257_t_b0_6880,ent_bank_test_257_t_b0,ent_bank_test_257_t_b1
ent_bank,train,ent_bank_train_41_t_b0_6881,ent_bank_train_41_t_b0,ent_bank_train_41_t_b1
ent_bank,train,ent_bank_train_14_t_b0_6882,ent_bank_train_14_t_b0,ent_bank_train_14_t_b1
ent_bank,train,ent_bank_train_312_f_b0_6883,ent_bank_train_312_f_b0,ent_bank_train_312_f_b1
ent_bank,train,ent_bank_test_174_f_b0_6884,ent_bank_test_174_f_b0,ent_bank_test_174_f_b1
ent_bank,train,ent_bank_train_49_t_b0_6885,ent_bank_train_49_t_b0,ent_bank_train_49_t_b1
ent_bank,train,ent_bank_test_138_t_b0_6886,ent_bank_test_138_t_b0,ent_bank_test_138_t_b1
ent_bank,train,ent_bank_train_6_f_b0_6887,ent_bank_train_6_f_b0,ent_bank_train_6_f_b1
ent_bank,train,ent_bank_train_715_f_b0_6888,ent_bank_train_715_f_b0,ent_bank_train_715_f_b1
ent_bank,train,ent_bank_train_620_t_b0_6889,ent_bank_train_620_t_b0,ent_bank_train_620_t_b1
ent_bank,train,ent_bank_train_95_t_b0_6890,ent_bank_train_95_t_b0,ent_bank_train_95_t_b1
ent_bank,train,ent_bank_train_831_t_b0_6891,ent_bank_train_831_t_b0,ent_bank_train_831_t_b1
ent_bank,train,ent_bank_train_606_t_b0_6892,ent_bank_train_606_t_b0,ent_bank_train_606_t_b1
ent_bank,train,ent_bank_train_343_t_b0_6893,ent_bank_train_343_t_b0,ent_bank_train_343_t_b1
ent_bank,train,ent_bank_test_120_t_b0_6894,ent_bank_test_120_t_b0,ent_bank_test_120_t_b1
ent_bank,train,ent_bank_train_1266_t_b0_6895,ent_bank_train_1266_t_b0,ent_bank_train_1266_t_b1
ent_bank,train,ent_bank_train_850_t_b0_6896,ent_bank_train_850_t_b0,ent_bank_train_850_t_b1
ent_bank,train,ent_bank_train_36_f_b0_6897,ent_bank_train_36_f_b0,ent_bank_train_36_f_b1
ent_bank,train,ent_bank_train_663_t_b0_6898,ent_bank_train_663_t_b0,ent_bank_train_663_t_b1
ent_bank,train,ent_bank_dev_5_f_b0_6899,ent_bank_dev_5_f_b0,ent_bank_dev_5_f_b1
ent_bank,train,ent_bank_train_180_t_b0_6900,ent_bank_train_180_t_b0,ent_bank_train_180_t_b1
ent_bank,train,ent_bank_train_602_f_b0_6901,ent_bank_train_602_f_b0,ent_bank_train_602_f_b1
ent_bank,train,ent_bank_train_721_t_b0_6902,ent_bank_train_721_t_b0,ent_bank_train_721_t_b1
ent_bank,train,ent_bank_dev_156_f_b0_6903,ent_bank_dev_156_f_b0,ent_bank_dev_156_f_b1
ent_bank,train,ent_bank_train_983_t_b0_6904,ent_bank_train_983_t_b0,ent_bank_train_983_t_b1
ent_bank,train,ent_bank_train_1200_t_b0_6905,ent_bank_train_1200_t_b0,ent_bank_train_1200_t_b1
ent_bank,train,ent_bank_train_387_t_b0_6906,ent_bank_train_387_t_b0,ent_bank_train_387_t_b1
ent_bank,train,ent_bank_train_463_f_b0_6907,ent_bank_train_463_f_b0,ent_bank_train_463_f_b1
ent_bank,train,ent_bank_test_187_f_b0_6908,ent_bank_test_187_f_b0,ent_bank_test_187_f_b1
ent_bank,train,ent_bank_train_1286_t_b0_6909,ent_bank_train_1286_t_b0,ent_bank_train_1286_t_b1
ent_bank,train,ent_bank_train_10_t_b0_6910,ent_bank_train_10_t_b0,ent_bank_train_10_t_b1
ent_bank,train,ent_bank_train_432_t_b0_6911,ent_bank_train_432_t_b0,ent_bank_train_432_t_b1
ent_bank,train,ent_bank_test_1_t_b0_6912,ent_bank_test_1_t_b0,ent_bank_test_1_t_b1
ent_bank,train,ent_bank_train_1052_t_b0_6913,ent_bank_train_1052_t_b0,ent_bank_train_1052_t_b1
ent_bank,train,ent_bank_train_1085_t_b0_6914,ent_bank_train_1085_t_b0,ent_bank_train_1085_t_b1
ent_bank,train,ent_bank_train_548_f_b0_6915,ent_bank_train_548_f_b0,ent_bank_train_548_f_b1
ent_bank,train,ent_bank_train_981_t_b0_6916,ent_bank_train_981_t_b0,ent_bank_train_981_t_b1
ent_bank,train,ent_bank_test_23_f_b0_6917,ent_bank_test_23_f_b0,ent_bank_test_23_f_b1
ent_bank,train,ent_bank_train_1096_f_b0_6918,ent_bank_train_1096_f_b0,ent_bank_train_1096_f_b1
ent_bank,train,ent_bank_train_84_f_b0_6919,ent_bank_train_84_f_b0,ent_bank_train_84_f_b1
ent_bank,train,ent_bank_train_640_t_b0_6920,ent_bank_train_640_t_b0,ent_bank_train_640_t_b1
ent_bank,train,ent_bank_train_451_f_b0_6921,ent_bank_train_451_f_b0,ent_bank_train_451_f_b1
ent_bank,train,ent_bank_train_865_f_b0_6922,ent_bank_train_865_f_b0,ent_bank_train_865_f_b1
ent_bank,train,ent_bank_train_915_t_b0_6923,ent_bank_train_915_t_b0,ent_bank_train_915_t_b1
ent_bank,train,ent_bank_train_100_t_b0_6924,ent_bank_train_100_t_b0,ent_bank_train_100_t_b1
ent_bank,train,ent_bank_train_985_f_b0_6925,ent_bank_train_985_f_b0,ent_bank_train_985_f_b1
ent_bank,train,ent_bank_train_625_t_b0_6926,ent_bank_train_625_t_b0,ent_bank_train_625_t_b1
ent_bank,train,ent_bank_test_85_f_b0_6927,ent_bank_test_85_f_b0,ent_bank_test_85_f_b1
ent_bank,train,ent_bank_train_616_f_b0_6928,ent_bank_train_616_f_b0,ent_bank_train_616_f_b1
ent_bank,train,ent_bank_test_211_f_b0_6929,ent_bank_test_211_f_b0,ent_bank_test_211_f_b1
ent_bank,train,ent_bank_test_249_t_b0_6930,ent_bank_test_249_t_b0,ent_bank_test_249_t_b1
ent_bank,train,ent_bank_train_458_t_b0_6931,ent_bank_train_458_t_b0,ent_bank_train_458_t_b1
ent_bank,train,ent_bank_train_1145_t_b0_6932,ent_bank_train_1145_t_b0,ent_bank_train_1145_t_b1
ent_bank,train,ent_bank_dev_54_f_b0_6933,ent_bank_dev_54_f_b0,ent_bank_dev_54_f_b1
ent_bank,train,ent_bank_train_308_f_b0_6934,ent_bank_train_308_f_b0,ent_bank_train_308_f_b1
ent_bank,train,ent_bank_train_1277_t_b0_6935,ent_bank_train_1277_t_b0,ent_bank_train_1277_t_b1
ent_bank,train,ent_bank_train_896_f_b0_6936,ent_bank_train_896_f_b0,ent_bank_train_896_f_b1
ent_bank,train,ent_bank_train_1007_f_b0_6937,ent_bank_train_1007_f_b0,ent_bank_train_1007_f_b1
ent_bank,train,ent_bank_train_292_t_b0_6938,ent_bank_train_292_t_b0,ent_bank_train_292_t_b1
ent_bank,train,ent_bank_train_1130_t_b0_6939,ent_bank_train_1130_t_b0,ent_bank_train_1130_t_b1
ent_bank,train,ent_bank_train_973_f_b0_6940,ent_bank_train_973_f_b0,ent_bank_train_973_f_b1
ent_bank,train,ent_bank_train_781_f_b0_6941,ent_bank_train_781_f_b0,ent_bank_train_781_f_b1
ent_bank,train,ent_bank_train_371_f_b0_6942,ent_bank_train_371_f_b0,ent_bank_train_371_f_b1
ent_bank,train,ent_bank_train_727_t_b0_6943,ent_bank_train_727_t_b0,ent_bank_train_727_t_b1
ent_bank,train,ent_bank_test_127_f_b0_6944,ent_bank_test_127_f_b0,ent_bank_test_127_f_b1
ent_bank,train,ent_bank_dev_101_t_b0_6945,ent_bank_dev_101_t_b0,ent_bank_dev_101_t_b1
ent_bank,train,ent_bank_train_802_t_b0_6946,ent_bank_train_802_t_b0,ent_bank_train_802_t_b1
ent_bank,train,ent_bank_train_519_f_b0_6947,ent_bank_train_519_f_b0,ent_bank_train_519_f_b1
ent_bank,train,ent_bank_train_286_t_b0_6948,ent_bank_train_286_t_b0,ent_bank_train_286_t_b1
ent_bank,train,ent_bank_train_686_f_b0_6949,ent_bank_train_686_f_b0,ent_bank_train_686_f_b1
ent_bank,train,ent_bank_dev_21_t_b0_6950,ent_bank_dev_21_t_b0,ent_bank_dev_21_t_b1
ent_bank,train,ent_bank_train_485_t_b0_6951,ent_bank_train_485_t_b0,ent_bank_train_485_t_b1
ent_bank,train,ent_bank_train_503_t_b0_6952,ent_bank_train_503_t_b0,ent_bank_train_503_t_b1
ent_bank,train,ent_bank_test_42_t_b0_6953,ent_bank_test_42_t_b0,ent_bank_test_42_t_b1
ent_bank,train,ent_bank_dev_24_t_b0_6954,ent_bank_dev_24_t_b0,ent_bank_dev_24_t_b1
ent_bank,train,ent_bank_train_915_f_b0_6955,ent_bank_train_915_f_b0,ent_bank_train_915_f_b1
ent_bank,train,ent_bank_train_580_f_b0_6956,ent_bank_train_580_f_b0,ent_bank_train_580_f_b1
ent_bank,train,ent_bank_train_1286_f_b0_6957,ent_bank_train_1286_f_b0,ent_bank_train_1286_f_b1
ent_bank,train,ent_bank_train_1002_f_b0_6958,ent_bank_train_1002_f_b0,ent_bank_train_1002_f_b1
ent_bank,train,ent_bank_train_304_t_b0_6959,ent_bank_train_304_t_b0,ent_bank_train_304_t_b1
ent_bank,train,ent_bank_train_943_t_b0_6960,ent_bank_train_943_t_b0,ent_bank_train_943_t_b1
ent_bank,train,ent_bank_train_797_f_b0_6961,ent_bank_train_797_f_b0,ent_bank_train_797_f_b1
ent_bank,train,ent_bank_dev_166_f_b0_6962,ent_bank_dev_166_f_b0,ent_bank_dev_166_f_b1
ent_bank,train,ent_bank_train_1243_f_b0_6963,ent_bank_train_1243_f_b0,ent_bank_train_1243_f_b1
ent_bank,train,ent_bank_train_568_f_b0_6964,ent_bank_train_568_f_b0,ent_bank_train_568_f_b1
ent_bank,train,ent_bank_train_930_t_b0_6965,ent_bank_train_930_t_b0,ent_bank_train_930_t_b1
ent_bank,train,ent_bank_test_261_t_b0_6966,ent_bank_test_261_t_b0,ent_bank_test_261_t_b1
ent_bank,train,ent_bank_train_739_f_b0_6967,ent_bank_train_739_f_b0,ent_bank_train_739_f_b1
ent_bank,train,ent_bank_train_1146_t_b0_6968,ent_bank_train_1146_t_b0,ent_bank_train_1146_t_b1
ent_bank,train,ent_bank_test_204_f_b0_6969,ent_bank_test_204_f_b0,ent_bank_test_204_f_b1
ent_bank,train,ent_bank_dev_8_f_b0_6970,ent_bank_dev_8_f_b0,ent_bank_dev_8_f_b1
ent_bank,train,ent_bank_train_141_t_b0_6971,ent_bank_train_141_t_b0,ent_bank_train_141_t_b1
ent_bank,train,ent_bank_dev_68_t_b0_6972,ent_bank_dev_68_t_b0,ent_bank_dev_68_t_b1
ent_bank,train,ent_bank_train_123_t_b0_6973,ent_bank_train_123_t_b0,ent_bank_train_123_t_b1
ent_bank,train,ent_bank_train_1028_f_b0_6974,ent_bank_train_1028_f_b0,ent_bank_train_1028_f_b1
ent_bank,train,ent_bank_train_253_f_b0_6975,ent_bank_train_253_f_b0,ent_bank_train_253_f_b1
ent_bank,train,ent_bank_train_1016_t_b0_6976,ent_bank_train_1016_t_b0,ent_bank_train_1016_t_b1
ent_bank,train,ent_bank_train_466_f_b0_6977,ent_bank_train_466_f_b0,ent_bank_train_466_f_b1
ent_bank,train,ent_bank_test_92_t_b0_6978,ent_bank_test_92_t_b0,ent_bank_test_92_t_b1
ent_bank,train,ent_bank_dev_151_f_b0_6979,ent_bank_dev_151_f_b0,ent_bank_dev_151_f_b1
ent_bank,train,ent_bank_train_1281_f_b0_6980,ent_bank_train_1281_f_b0,ent_bank_train_1281_f_b1
ent_bank,train,ent_bank_train_1095_t_b0_6981,ent_bank_train_1095_t_b0,ent_bank_train_1095_t_b1
ent_bank,train,ent_bank_dev_90_t_b0_6982,ent_bank_dev_90_t_b0,ent_bank_dev_90_t_b1
ent_bank,train,ent_bank_test_80_f_b0_6983,ent_bank_test_80_f_b0,ent_bank_test_80_f_b1
ent_bank,train,ent_bank_train_408_t_b0_6984,ent_bank_train_408_t_b0,ent_bank_train_408_t_b1
ent_bank,train,ent_bank_train_584_t_b0_6985,ent_bank_train_584_t_b0,ent_bank_train_584_t_b1
ent_bank,train,ent_bank_train_784_f_b0_6986,ent_bank_train_784_f_b0,ent_bank_train_784_f_b1
ent_bank,train,ent_bank_train_997_t_b0_6987,ent_bank_train_997_t_b0,ent_bank_train_997_t_b1
ent_bank,train,ent_bank_train_225_f_b0_6988,ent_bank_train_225_f_b0,ent_bank_train_225_f_b1
ent_bank,train,ent_bank_test_171_t_b0_6989,ent_bank_test_171_t_b0,ent_bank_test_171_t_b1
ent_bank,train,ent_bank_dev_72_t_b0_6990,ent_bank_dev_72_t_b0,ent_bank_dev_72_t_b1
ent_bank,train,ent_bank_train_1135_f_b0_6991,ent_bank_train_1135_f_b0,ent_bank_train_1135_f_b1
ent_bank,train,ent_bank_train_142_t_b0_6992,ent_bank_train_142_t_b0,ent_bank_train_142_t_b1
ent_bank,train,ent_bank_train_332_f_b0_6993,ent_bank_train_332_f_b0,ent_bank_train_332_f_b1
ent_bank,train,ent_bank_train_955_t_b0_6994,ent_bank_train_955_t_b0,ent_bank_train_955_t_b1
ent_bank,train,ent_bank_train_1009_f_b0_6995,ent_bank_train_1009_f_b0,ent_bank_train_1009_f_b1
ent_bank,train,ent_bank_test_13_t_b0_6996,ent_bank_test_13_t_b0,ent_bank_test_13_t_b1
ent_bank,train,ent_bank_test_313_t_b0_6997,ent_bank_test_313_t_b0,ent_bank_test_313_t_b1
ent_bank,train,ent_bank_train_543_f_b0_6998,ent_bank_train_543_f_b0,ent_bank_train_543_f_b1
ent_bank,train,ent_bank_test_290_t_b0_6999,ent_bank_test_290_t_b0,ent_bank_test_290_t_b1
ent_bank,train,ent_bank_train_216_t_b0_7000,ent_bank_train_216_t_b0,ent_bank_train_216_t_b1
ent_bank,train,ent_bank_train_1225_f_b0_7001,ent_bank_train_1225_f_b0,ent_bank_train_1225_f_b1
ent_bank,train,ent_bank_train_892_f_b0_7002,ent_bank_train_892_f_b0,ent_bank_train_892_f_b1
ent_bank,train,ent_bank_test_273_t_b0_7003,ent_bank_test_273_t_b0,ent_bank_test_273_t_b1
ent_bank,train,ent_bank_train_41_f_b0_7004,ent_bank_train_41_f_b0,ent_bank_train_41_f_b1
ent_bank,train,ent_bank_train_1273_t_b0_7005,ent_bank_train_1273_t_b0,ent_bank_train_1273_t_b1
ent_bank,train,ent_bank_train_1038_t_b0_7006,ent_bank_train_1038_t_b0,ent_bank_train_1038_t_b1
ent_bank,train,ent_bank_train_1299_f_b0_7007,ent_bank_train_1299_f_b0,ent_bank_train_1299_f_b1
ent_bank,train,ent_bank_train_482_f_b0_7008,ent_bank_train_482_f_b0,ent_bank_train_482_f_b1
ent_bank,train,ent_bank_test_141_t_b0_7009,ent_bank_test_141_t_b0,ent_bank_test_141_t_b1
ent_bank,train,ent_bank_test_228_t_b0_7010,ent_bank_test_228_t_b0,ent_bank_test_228_t_b1
ent_bank,train,ent_bank_train_68_t_b0_7011,ent_bank_train_68_t_b0,ent_bank_train_68_t_b1
ent_bank,train,ent_bank_dev_105_t_b0_7012,ent_bank_dev_105_t_b0,ent_bank_dev_105_t_b1
ent_bank,train,ent_bank_dev_10_t_b0_7013,ent_bank_dev_10_t_b0,ent_bank_dev_10_t_b1
ent_bank,train,ent_bank_train_761_f_b0_7014,ent_bank_train_761_f_b0,ent_bank_train_761_f_b1
ent_bank,train,ent_bank_train_383_f_b0_7015,ent_bank_train_383_f_b0,ent_bank_train_383_f_b1
ent_bank,train,ent_bank_train_529_f_b0_7016,ent_bank_train_529_f_b0,ent_bank_train_529_f_b1
ent_bank,train,ent_bank_train_684_f_b0_7017,ent_bank_train_684_f_b0,ent_bank_train_684_f_b1
ent_bank,train,ent_bank_train_362_f_b0_7018,ent_bank_train_362_f_b0,ent_bank_train_362_f_b1
ent_bank,train,ent_bank_train_1014_t_b0_7019,ent_bank_train_1014_t_b0,ent_bank_train_1014_t_b1
ent_bank,train,ent_bank_train_1306_t_b0_7020,ent_bank_train_1306_t_b0,ent_bank_train_1306_t_b1
ent_bank,train,ent_bank_train_855_t_b0_7021,ent_bank_train_855_t_b0,ent_bank_train_855_t_b1
ent_bank,train,ent_bank_train_393_t_b0_7022,ent_bank_train_393_t_b0,ent_bank_train_393_t_b1
ent_bank,train,ent_bank_train_689_f_b0_7023,ent_bank_train_689_f_b0,ent_bank_train_689_f_b1
ent_bank,train,ent_bank_train_45_t_b0_7024,ent_bank_train_45_t_b0,ent_bank_train_45_t_b1
ent_bank,train,ent_bank_train_656_f_b0_7025,ent_bank_train_656_f_b0,ent_bank_train_656_f_b1
ent_bank,train,ent_bank_train_1246_t_b0_7026,ent_bank_train_1246_t_b0,ent_bank_train_1246_t_b1
ent_bank,train,ent_bank_train_1073_f_b0_7027,ent_bank_train_1073_f_b0,ent_bank_train_1073_f_b1
ent_bank,train,ent_bank_train_860_t_b0_7028,ent_bank_train_860_t_b0,ent_bank_train_860_t_b1
ent_bank,train,ent_bank_test_190_f_b0_7029,ent_bank_test_190_f_b0,ent_bank_test_190_f_b1
ent_bank,train,ent_bank_test_232_f_b0_7030,ent_bank_test_232_f_b0,ent_bank_test_232_f_b1
ent_bank,train,ent_bank_train_307_t_b0_7031,ent_bank_train_307_t_b0,ent_bank_train_307_t_b1
ent_bank,train,ent_bank_test_34_t_b0_7032,ent_bank_test_34_t_b0,ent_bank_test_34_t_b1
ent_bank,train,ent_bank_train_890_f_b0_7033,ent_bank_train_890_f_b0,ent_bank_train_890_f_b1
ent_bank,train,ent_bank_dev_98_t_b0_7034,ent_bank_dev_98_t_b0,ent_bank_dev_98_t_b1
ent_bank,train,ent_bank_dev_59_f_b0_7035,ent_bank_dev_59_f_b0,ent_bank_dev_59_f_b1
ent_bank,train,ent_bank_train_1103_t_b0_7036,ent_bank_train_1103_t_b0,ent_bank_train_1103_t_b1
ent_bank,train,ent_bank_test_214_f_b0_7037,ent_bank_test_214_f_b0,ent_bank_test_214_f_b1
ent_bank,train,ent_bank_train_1271_f_b0_7038,ent_bank_train_1271_f_b0,ent_bank_train_1271_f_b1
ent_bank,train,ent_bank_train_628_f_b0_7039,ent_bank_train_628_f_b0,ent_bank_train_628_f_b1
ent_bank,train,ent_bank_train_459_f_b0_7040,ent_bank_train_459_f_b0,ent_bank_train_459_f_b1
ent_bank,train,ent_bank_train_52_t_b0_7041,ent_bank_train_52_t_b0,ent_bank_train_52_t_b1
ent_bank,train,ent_bank_train_151_f_b0_7042,ent_bank_train_151_f_b0,ent_bank_train_151_f_b1
ent_bank,train,ent_bank_train_977_t_b0_7043,ent_bank_train_977_t_b0,ent_bank_train_977_t_b1
ent_bank,train,ent_bank_test_249_f_b0_7044,ent_bank_test_249_f_b0,ent_bank_test_249_f_b1
ent_bank,train,ent_bank_train_745_f_b0_7045,ent_bank_train_745_f_b0,ent_bank_train_745_f_b1
ent_bank,train,ent_bank_train_516_f_b0_7046,ent_bank_train_516_f_b0,ent_bank_train_516_f_b1
ent_bank,train,ent_bank_test_61_f_b0_7047,ent_bank_test_61_f_b0,ent_bank_test_61_f_b1
ent_bank,train,ent_bank_train_1074_f_b0_7048,ent_bank_train_1074_f_b0,ent_bank_train_1074_f_b1
ent_bank,train,ent_bank_train_824_f_b0_7049,ent_bank_train_824_f_b0,ent_bank_train_824_f_b1
ent_bank,train,ent_bank_test_195_f_b0_7050,ent_bank_test_195_f_b0,ent_bank_test_195_f_b1
ent_bank,train,ent_bank_train_381_f_b0_7051,ent_bank_train_381_f_b0,ent_bank_train_381_f_b1
ent_bank,train,ent_bank_dev_43_f_b0_7052,ent_bank_dev_43_f_b0,ent_bank_dev_43_f_b1
ent_bank,train,ent_bank_train_1027_t_b0_7053,ent_bank_train_1027_t_b0,ent_bank_train_1027_t_b1
ent_bank,train,ent_bank_train_115_f_b0_7054,ent_bank_train_115_f_b0,ent_bank_train_115_f_b1
ent_bank,train,ent_bank_train_662_t_b0_7055,ent_bank_train_662_t_b0,ent_bank_train_662_t_b1
ent_bank,train,ent_bank_train_988_f_b0_7056,ent_bank_train_988_f_b0,ent_bank_train_988_f_b1
ent_bank,train,ent_bank_train_1060_f_b0_7057,ent_bank_train_1060_f_b0,ent_bank_train_1060_f_b1
ent_bank,train,ent_bank_train_904_f_b0_7058,ent_bank_train_904_f_b0,ent_bank_train_904_f_b1
ent_bank,train,ent_bank_train_867_t_b0_7059,ent_bank_train_867_t_b0,ent_bank_train_867_t_b1
ent_bank,train,ent_bank_train_1017_f_b0_7060,ent_bank_train_1017_f_b0,ent_bank_train_1017_f_b1
ent_bank,train,ent_bank_test_129_f_b0_7061,ent_bank_test_129_f_b0,ent_bank_test_129_f_b1
ent_bank,train,ent_bank_train_455_f_b0_7062,ent_bank_train_455_f_b0,ent_bank_train_455_f_b1
ent_bank,train,ent_bank_train_382_f_b0_7063,ent_bank_train_382_f_b0,ent_bank_train_382_f_b1
ent_bank,train,ent_bank_train_733_f_b0_7064,ent_bank_train_733_f_b0,ent_bank_train_733_f_b1
ent_bank,train,ent_bank_train_204_f_b0_7065,ent_bank_train_204_f_b0,ent_bank_train_204_f_b1
ent_bank,train,ent_bank_train_42_f_b0_7066,ent_bank_train_42_f_b0,ent_bank_train_42_f_b1
ent_bank,train,ent_bank_dev_136_f_b0_7067,ent_bank_dev_136_f_b0,ent_bank_dev_136_f_b1
ent_bank,train,ent_bank_train_755_f_b0_7068,ent_bank_train_755_f_b0,ent_bank_train_755_f_b1
ent_bank,train,ent_bank_test_172_f_b0_7069,ent_bank_test_172_f_b0,ent_bank_test_172_f_b1
ent_bank,train,ent_bank_train_159_t_b0_7070,ent_bank_train_159_t_b0,ent_bank_train_159_t_b1
ent_bank,train,ent_bank_train_1250_t_b0_7071,ent_bank_train_1250_t_b0,ent_bank_train_1250_t_b1
ent_bank,train,ent_bank_dev_128_t_b0_7072,ent_bank_dev_128_t_b0,ent_bank_dev_128_t_b1
ent_bank,train,ent_bank_test_213_f_b0_7073,ent_bank_test_213_f_b0,ent_bank_test_213_f_b1
ent_bank,train,ent_bank_test_122_f_b0_7074,ent_bank_test_122_f_b0,ent_bank_test_122_f_b1
ent_bank,train,ent_bank_train_594_f_b0_7075,ent_bank_train_594_f_b0,ent_bank_train_594_f_b1
ent_bank,train,ent_bank_train_792_t_b0_7076,ent_bank_train_792_t_b0,ent_bank_train_792_t_b1
ent_bank,train,ent_bank_train_218_f_b0_7077,ent_bank_train_218_f_b0,ent_bank_train_218_f_b1
ent_bank,train,ent_bank_train_72_t_b0_7078,ent_bank_train_72_t_b0,ent_bank_train_72_t_b1
ent_bank,train,ent_bank_train_745_t_b0_7079,ent_bank_train_745_t_b0,ent_bank_train_745_t_b1
ent_bank,train,ent_bank_train_316_f_b0_7080,ent_bank_train_316_f_b0,ent_bank_train_316_f_b1
ent_bank,train,ent_bank_train_690_f_b0_7081,ent_bank_train_690_f_b0,ent_bank_train_690_f_b1
ent_bank,train,ent_bank_test_30_f_b0_7082,ent_bank_test_30_f_b0,ent_bank_test_30_f_b1
ent_bank,train,ent_bank_train_42_t_b0_7083,ent_bank_train_42_t_b0,ent_bank_train_42_t_b1
ent_bank,train,ent_bank_train_668_t_b0_7084,ent_bank_train_668_t_b0,ent_bank_train_668_t_b1
ent_bank,train,ent_bank_test_251_f_b0_7085,ent_bank_test_251_f_b0,ent_bank_test_251_f_b1
ent_bank,train,ent_bank_test_319_f_b0_7086,ent_bank_test_319_f_b0,ent_bank_test_319_f_b1
ent_bank,train,ent_bank_test_137_t_b0_7087,ent_bank_test_137_t_b0,ent_bank_test_137_t_b1
ent_bank,train,ent_bank_test_322_t_b0_7088,ent_bank_test_322_t_b0,ent_bank_test_322_t_b1
ent_bank,train,ent_bank_train_642_f_b0_7089,ent_bank_train_642_f_b0,ent_bank_train_642_f_b1
ent_bank,train,ent_bank_test_218_t_b0_7090,ent_bank_test_218_t_b0,ent_bank_test_218_t_b1
ent_bank,train,ent_bank_test_15_f_b0_7091,ent_bank_test_15_f_b0,ent_bank_test_15_f_b1
ent_bank,train,ent_bank_test_233_f_b0_7092,ent_bank_test_233_f_b0,ent_bank_test_233_f_b1
ent_bank,train,ent_bank_train_278_t_b0_7093,ent_bank_train_278_t_b0,ent_bank_train_278_t_b1
ent_bank,train,ent_bank_train_559_t_b0_7094,ent_bank_train_559_t_b0,ent_bank_train_559_t_b1
ent_bank,train,ent_bank_dev_46_f_b0_7095,ent_bank_dev_46_f_b0,ent_bank_dev_46_f_b1
ent_bank,train,ent_bank_train_965_t_b0_7096,ent_bank_train_965_t_b0,ent_bank_train_965_t_b1
ent_bank,train,ent_bank_train_432_f_b0_7097,ent_bank_train_432_f_b0,ent_bank_train_432_f_b1
ent_bank,train,ent_bank_test_302_t_b0_7098,ent_bank_test_302_t_b0,ent_bank_test_302_t_b1
ent_bank,train,ent_bank_test_145_f_b0_7099,ent_bank_test_145_f_b0,ent_bank_test_145_f_b1
ent_bank,train,ent_bank_train_129_t_b0_7100,ent_bank_train_129_t_b0,ent_bank_train_129_t_b1
ent_bank,train,ent_bank_dev_14_t_b0_7101,ent_bank_dev_14_t_b0,ent_bank_dev_14_t_b1
ent_bank,train,ent_bank_train_30_f_b0_7102,ent_bank_train_30_f_b0,ent_bank_train_30_f_b1
ent_bank,train,ent_bank_train_363_f_b0_7103,ent_bank_train_363_f_b0,ent_bank_train_363_f_b1
ent_bank,train,ent_bank_train_1050_t_b0_7104,ent_bank_train_1050_t_b0,ent_bank_train_1050_t_b1
ent_bank,train,ent_bank_test_210_f_b0_7105,ent_bank_test_210_f_b0,ent_bank_test_210_f_b1
ent_bank,train,ent_bank_train_828_f_b0_7106,ent_bank_train_828_f_b0,ent_bank_train_828_f_b1
ent_bank,train,ent_bank_train_796_f_b0_7107,ent_bank_train_796_f_b0,ent_bank_train_796_f_b1
ent_bank,train,ent_bank_train_884_t_b0_7108,ent_bank_train_884_t_b0,ent_bank_train_884_t_b1
ent_bank,train,ent_bank_train_1224_f_b0_7109,ent_bank_train_1224_f_b0,ent_bank_train_1224_f_b1
ent_bank,train,ent_bank_train_833_f_b0_7110,ent_bank_train_833_f_b0,ent_bank_train_833_f_b1
ent_bank,train,ent_bank_dev_78_t_b0_7111,ent_bank_dev_78_t_b0,ent_bank_dev_78_t_b1
ent_bank,train,ent_bank_train_913_t_b0_7112,ent_bank_train_913_t_b0,ent_bank_train_913_t_b1
ent_bank,train,ent_bank_train_495_f_b0_7113,ent_bank_train_495_f_b0,ent_bank_train_495_f_b1
ent_bank,train,ent_bank_train_121_f_b0_7114,ent_bank_train_121_f_b0,ent_bank_train_121_f_b1
ent_bank,train,ent_bank_test_204_t_b0_7115,ent_bank_test_204_t_b0,ent_bank_test_204_t_b1
ent_bank,train,ent_bank_train_513_f_b0_7116,ent_bank_train_513_f_b0,ent_bank_train_513_f_b1
ent_bank,train,ent_bank_dev_153_f_b0_7117,ent_bank_dev_153_f_b0,ent_bank_dev_153_f_b1
ent_bank,train,ent_bank_train_142_f_b0_7118,ent_bank_train_142_f_b0,ent_bank_train_142_f_b1
ent_bank,train,ent_bank_train_1228_f_b0_7119,ent_bank_train_1228_f_b0,ent_bank_train_1228_f_b1
ent_bank,train,ent_bank_train_838_f_b0_7120,ent_bank_train_838_f_b0,ent_bank_train_838_f_b1
ent_bank,train,ent_bank_dev_60_f_b0_7121,ent_bank_dev_60_f_b0,ent_bank_dev_60_f_b1
ent_bank,train,ent_bank_train_288_t_b0_7122,ent_bank_train_288_t_b0,ent_bank_train_288_t_b1
ent_bank,train,ent_bank_test_226_t_b0_7123,ent_bank_test_226_t_b0,ent_bank_test_226_t_b1
ent_bank,train,ent_bank_train_1082_t_b0_7124,ent_bank_train_1082_t_b0,ent_bank_train_1082_t_b1
ent_bank,train,ent_bank_train_1305_t_b0_7125,ent_bank_train_1305_t_b0,ent_bank_train_1305_t_b1
ent_bank,train,ent_bank_train_2_t_b0_7126,ent_bank_train_2_t_b0,ent_bank_train_2_t_b1
ent_bank,train,ent_bank_train_916_f_b0_7127,ent_bank_train_916_f_b0,ent_bank_train_916_f_b1
ent_bank,train,ent_bank_train_1187_t_b0_7128,ent_bank_train_1187_t_b0,ent_bank_train_1187_t_b1
ent_bank,train,ent_bank_train_118_t_b0_7129,ent_bank_train_118_t_b0,ent_bank_train_118_t_b1
ent_bank,train,ent_bank_dev_165_f_b0_7130,ent_bank_dev_165_f_b0,ent_bank_dev_165_f_b1
ent_bank,train,ent_bank_train_388_t_b0_7131,ent_bank_train_388_t_b0,ent_bank_train_388_t_b1
ent_bank,train,ent_bank_train_430_f_b0_7132,ent_bank_train_430_f_b0,ent_bank_train_430_f_b1
ent_bank,train,ent_bank_train_656_t_b0_7133,ent_bank_train_656_t_b0,ent_bank_train_656_t_b1
ent_bank,train,ent_bank_train_158_f_b0_7134,ent_bank_train_158_f_b0,ent_bank_train_158_f_b1
ent_bank,train,ent_bank_train_726_f_b0_7135,ent_bank_train_726_f_b0,ent_bank_train_726_f_b1
ent_bank,train,ent_bank_test_217_t_b0_7136,ent_bank_test_217_t_b0,ent_bank_test_217_t_b1
ent_bank,train,ent_bank_dev_65_f_b0_7137,ent_bank_dev_65_f_b0,ent_bank_dev_65_f_b1
ent_bank,train,ent_bank_train_1062_f_b0_7138,ent_bank_train_1062_f_b0,ent_bank_train_1062_f_b1
ent_bank,train,ent_bank_train_1044_t_b0_7139,ent_bank_train_1044_t_b0,ent_bank_train_1044_t_b1
ent_bank,train,ent_bank_train_1238_t_b0_7140,ent_bank_train_1238_t_b0,ent_bank_train_1238_t_b1
ent_bank,train,ent_bank_test_247_f_b0_7141,ent_bank_test_247_f_b0,ent_bank_test_247_f_b1
ent_bank,train,ent_bank_test_256_t_b0_7142,ent_bank_test_256_t_b0,ent_bank_test_256_t_b1
ent_bank,train,ent_bank_train_641_f_b0_7143,ent_bank_train_641_f_b0,ent_bank_train_641_f_b1
ent_bank,train,ent_bank_train_593_t_b0_7144,ent_bank_train_593_t_b0,ent_bank_train_593_t_b1
ent_bank,train,ent_bank_train_22_t_b0_7145,ent_bank_train_22_t_b0,ent_bank_train_22_t_b1
ent_bank,train,ent_bank_train_1194_f_b0_7146,ent_bank_train_1194_f_b0,ent_bank_train_1194_f_b1
ent_bank,train,ent_bank_train_1160_t_b0_7147,ent_bank_train_1160_t_b0,ent_bank_train_1160_t_b1
ent_bank,train,ent_bank_dev_9_t_b0_7148,ent_bank_dev_9_t_b0,ent_bank_dev_9_t_b1
ent_bank,train,ent_bank_train_1173_t_b0_7149,ent_bank_train_1173_t_b0,ent_bank_train_1173_t_b1
ent_bank,train,ent_bank_train_182_f_b0_7150,ent_bank_train_182_f_b0,ent_bank_train_182_f_b1
ent_bank,train,ent_bank_train_730_f_b0_7151,ent_bank_train_730_f_b0,ent_bank_train_730_f_b1
ent_bank,train,ent_bank_train_24_t_b0_7152,ent_bank_train_24_t_b0,ent_bank_train_24_t_b1
ent_bank,train,ent_bank_train_53_t_b0_7153,ent_bank_train_53_t_b0,ent_bank_train_53_t_b1
ent_bank,train,ent_bank_train_918_f_b0_7154,ent_bank_train_918_f_b0,ent_bank_train_918_f_b1
ent_bank,train,ent_bank_dev_5_t_b0_7155,ent_bank_dev_5_t_b0,ent_bank_dev_5_t_b1
ent_bank,train,ent_bank_train_474_t_b0_7156,ent_bank_train_474_t_b0,ent_bank_train_474_t_b1
ent_bank,train,ent_bank_dev_39_t_b0_7157,ent_bank_dev_39_t_b0,ent_bank_dev_39_t_b1
ent_bank,train,ent_bank_dev_73_f_b0_7158,ent_bank_dev_73_f_b0,ent_bank_dev_73_f_b1
ent_bank,train,ent_bank_train_144_t_b0_7159,ent_bank_train_144_t_b0,ent_bank_train_144_t_b1
ent_bank,train,ent_bank_test_4_f_b0_7160,ent_bank_test_4_f_b0,ent_bank_test_4_f_b1
ent_bank,train,ent_bank_train_895_t_b0_7161,ent_bank_train_895_t_b0,ent_bank_train_895_t_b1
ent_bank,train,ent_bank_train_227_t_b0_7162,ent_bank_train_227_t_b0,ent_bank_train_227_t_b1
ent_bank,train,ent_bank_train_582_t_b0_7163,ent_bank_train_582_t_b0,ent_bank_train_582_t_b1
ent_bank,train,ent_bank_train_708_f_b0_7164,ent_bank_train_708_f_b0,ent_bank_train_708_f_b1
ent_bank,train,ent_bank_train_21_t_b0_7165,ent_bank_train_21_t_b0,ent_bank_train_21_t_b1
ent_bank,train,ent_bank_test_22_t_b0_7166,ent_bank_test_22_t_b0,ent_bank_test_22_t_b1
ent_bank,train,ent_bank_train_964_f_b0_7167,ent_bank_train_964_f_b0,ent_bank_train_964_f_b1
ent_bank,train,ent_bank_train_591_t_b0_7168,ent_bank_train_591_t_b0,ent_bank_train_591_t_b1
ent_bank,train,ent_bank_test_129_t_b0_7169,ent_bank_test_129_t_b0,ent_bank_test_129_t_b1
ent_bank,train,ent_bank_train_1208_t_b0_7170,ent_bank_train_1208_t_b0,ent_bank_train_1208_t_b1
ent_bank,train,ent_bank_train_735_t_b0_7171,ent_bank_train_735_t_b0,ent_bank_train_735_t_b1
ent_bank,train,ent_bank_train_375_f_b0_7172,ent_bank_train_375_f_b0,ent_bank_train_375_f_b1
ent_bank,train,ent_bank_train_1054_t_b0_7173,ent_bank_train_1054_t_b0,ent_bank_train_1054_t_b1
ent_bank,train,ent_bank_train_595_f_b0_7174,ent_bank_train_595_f_b0,ent_bank_train_595_f_b1
ent_bank,train,ent_bank_train_254_t_b0_7175,ent_bank_train_254_t_b0,ent_bank_train_254_t_b1
ent_bank,train,ent_bank_train_309_f_b0_7176,ent_bank_train_309_f_b0,ent_bank_train_309_f_b1
ent_bank,train,ent_bank_train_7_f_b0_7177,ent_bank_train_7_f_b0,ent_bank_train_7_f_b1
ent_bank,train,ent_bank_train_806_f_b0_7178,ent_bank_train_806_f_b0,ent_bank_train_806_f_b1
ent_bank,train,ent_bank_train_318_f_b0_7179,ent_bank_train_318_f_b0,ent_bank_train_318_f_b1
ent_bank,train,ent_bank_train_766_t_b0_7180,ent_bank_train_766_t_b0,ent_bank_train_766_t_b1
ent_bank,train,ent_bank_test_147_f_b0_7181,ent_bank_test_147_f_b0,ent_bank_test_147_f_b1
ent_bank,train,ent_bank_train_807_f_b0_7182,ent_bank_train_807_f_b0,ent_bank_train_807_f_b1
ent_bank,train,ent_bank_train_1144_t_b0_7183,ent_bank_train_1144_t_b0,ent_bank_train_1144_t_b1
ent_bank,train,ent_bank_train_710_t_b0_7184,ent_bank_train_710_t_b0,ent_bank_train_710_t_b1
ent_bank,train,ent_bank_train_33_f_b0_7185,ent_bank_train_33_f_b0,ent_bank_train_33_f_b1
ent_bank,train,ent_bank_dev_44_t_b0_7186,ent_bank_dev_44_t_b0,ent_bank_dev_44_t_b1
ent_bank,train,ent_bank_dev_138_t_b0_7187,ent_bank_dev_138_t_b0,ent_bank_dev_138_t_b1
ent_bank,train,ent_bank_test_102_t_b0_7188,ent_bank_test_102_t_b0,ent_bank_test_102_t_b1
ent_bank,train,ent_bank_train_815_t_b0_7189,ent_bank_train_815_t_b0,ent_bank_train_815_t_b1
ent_bank,train,ent_bank_dev_121_f_b0_7190,ent_bank_dev_121_f_b0,ent_bank_dev_121_f_b1
ent_bank,train,ent_bank_train_606_f_b0_7191,ent_bank_train_606_f_b0,ent_bank_train_606_f_b1
ent_bank,train,ent_bank_train_953_f_b0_7192,ent_bank_train_953_f_b0,ent_bank_train_953_f_b1
ent_bank,train,ent_bank_train_402_t_b0_7193,ent_bank_train_402_t_b0,ent_bank_train_402_t_b1
ent_bank,train,ent_bank_train_258_t_b0_7194,ent_bank_train_258_t_b0,ent_bank_train_258_t_b1
ent_bank,train,ent_bank_train_478_t_b0_7195,ent_bank_train_478_t_b0,ent_bank_train_478_t_b1
ent_bank,train,ent_bank_test_279_f_b0_7196,ent_bank_test_279_f_b0,ent_bank_test_279_f_b1
ent_bank,train,ent_bank_train_665_f_b0_7197,ent_bank_train_665_f_b0,ent_bank_train_665_f_b1
ent_bank,train,ent_bank_train_1039_t_b0_7198,ent_bank_train_1039_t_b0,ent_bank_train_1039_t_b1
ent_bank,train,ent_bank_train_374_t_b0_7199,ent_bank_train_374_t_b0,ent_bank_train_374_t_b1
ent_bank,train,ent_bank_test_124_t_b0_7200,ent_bank_test_124_t_b0,ent_bank_test_124_t_b1
ent_bank,train,ent_bank_train_659_f_b0_7201,ent_bank_train_659_f_b0,ent_bank_train_659_f_b1
ent_bank,train,ent_bank_test_36_f_b0_7202,ent_bank_test_36_f_b0,ent_bank_test_36_f_b1
ent_bank,train,ent_bank_test_54_t_b0_7203,ent_bank_test_54_t_b0,ent_bank_test_54_t_b1
ent_bank,train,ent_bank_train_1246_f_b0_7204,ent_bank_train_1246_f_b0,ent_bank_train_1246_f_b1
ent_bank,train,ent_bank_train_325_t_b0_7205,ent_bank_train_325_t_b0,ent_bank_train_325_t_b1
ent_bank,train,ent_bank_train_211_f_b0_7206,ent_bank_train_211_f_b0,ent_bank_train_211_f_b1
ent_bank,train,ent_bank_dev_9_f_b0_7207,ent_bank_dev_9_f_b0,ent_bank_dev_9_f_b1
ent_bank,train,ent_bank_test_119_f_b0_7208,ent_bank_test_119_f_b0,ent_bank_test_119_f_b1
ent_bank,train,ent_bank_train_1285_t_b0_7209,ent_bank_train_1285_t_b0,ent_bank_train_1285_t_b1
ent_bank,train,ent_bank_test_195_t_b0_7210,ent_bank_test_195_t_b0,ent_bank_test_195_t_b1
ent_bank,train,ent_bank_test_124_f_b0_7211,ent_bank_test_124_f_b0,ent_bank_test_124_f_b1
ent_bank,train,ent_bank_train_891_t_b0_7212,ent_bank_train_891_t_b0,ent_bank_train_891_t_b1
ent_bank,train,ent_bank_train_1227_t_b0_7213,ent_bank_train_1227_t_b0,ent_bank_train_1227_t_b1
ent_bank,train,ent_bank_train_85_t_b0_7214,ent_bank_train_85_t_b0,ent_bank_train_85_t_b1
ent_bank,train,ent_bank_test_207_t_b0_7215,ent_bank_test_207_t_b0,ent_bank_test_207_t_b1
ent_bank,train,ent_bank_train_403_f_b0_7216,ent_bank_train_403_f_b0,ent_bank_train_403_f_b1
ent_bank,train,ent_bank_train_894_f_b0_7217,ent_bank_train_894_f_b0,ent_bank_train_894_f_b1
ent_bank,train,ent_bank_train_906_t_b0_7218,ent_bank_train_906_t_b0,ent_bank_train_906_t_b1
ent_bank,train,ent_bank_train_663_f_b0_7219,ent_bank_train_663_f_b0,ent_bank_train_663_f_b1
ent_bank,train,ent_bank_train_1287_t_b0_7220,ent_bank_train_1287_t_b0,ent_bank_train_1287_t_b1
ent_bank,train,ent_bank_train_843_f_b0_7221,ent_bank_train_843_f_b0,ent_bank_train_843_f_b1
ent_bank,train,ent_bank_train_484_f_b0_7222,ent_bank_train_484_f_b0,ent_bank_train_484_f_b1
ent_bank,train,ent_bank_train_272_t_b0_7223,ent_bank_train_272_t_b0,ent_bank_train_272_t_b1
ent_bank,train,ent_bank_train_707_f_b0_7224,ent_bank_train_707_f_b0,ent_bank_train_707_f_b1
ent_bank,train,ent_bank_train_506_t_b0_7225,ent_bank_train_506_t_b0,ent_bank_train_506_t_b1
ent_bank,train,ent_bank_train_1248_f_b0_7226,ent_bank_train_1248_f_b0,ent_bank_train_1248_f_b1
ent_bank,train,ent_bank_train_704_f_b0_7227,ent_bank_train_704_f_b0,ent_bank_train_704_f_b1
ent_bank,train,ent_bank_train_938_t_b0_7228,ent_bank_train_938_t_b0,ent_bank_train_938_t_b1
ent_bank,train,ent_bank_train_1050_f_b0_7229,ent_bank_train_1050_f_b0,ent_bank_train_1050_f_b1
ent_bank,train,ent_bank_train_1058_t_b0_7230,ent_bank_train_1058_t_b0,ent_bank_train_1058_t_b1
ent_bank,train,ent_bank_train_1185_t_b0_7231,ent_bank_train_1185_t_b0,ent_bank_train_1185_t_b1
ent_bank,train,ent_bank_train_102_f_b0_7232,ent_bank_train_102_f_b0,ent_bank_train_102_f_b1
ent_bank,train,ent_bank_train_1184_f_b0_7233,ent_bank_train_1184_f_b0,ent_bank_train_1184_f_b1
ent_bank,train,ent_bank_train_435_t_b0_7234,ent_bank_train_435_t_b0,ent_bank_train_435_t_b1
ent_bank,train,ent_bank_train_1302_f_b0_7235,ent_bank_train_1302_f_b0,ent_bank_train_1302_f_b1
ent_bank,train,ent_bank_train_1295_t_b0_7236,ent_bank_train_1295_t_b0,ent_bank_train_1295_t_b1
ent_bank,train,ent_bank_test_216_t_b0_7237,ent_bank_test_216_t_b0,ent_bank_test_216_t_b1
ent_bank,train,ent_bank_dev_28_t_b0_7238,ent_bank_dev_28_t_b0,ent_bank_dev_28_t_b1
ent_bank,train,ent_bank_train_369_f_b0_7239,ent_bank_train_369_f_b0,ent_bank_train_369_f_b1
ent_bank,train,ent_bank_train_5_t_b0_7240,ent_bank_train_5_t_b0,ent_bank_train_5_t_b1
ent_bank,train,ent_bank_dev_168_f_b0_7241,ent_bank_dev_168_f_b0,ent_bank_dev_168_f_b1
ent_bank,train,ent_bank_train_970_f_b0_7242,ent_bank_train_970_f_b0,ent_bank_train_970_f_b1
ent_bank,train,ent_bank_train_922_f_b0_7243,ent_bank_train_922_f_b0,ent_bank_train_922_f_b1
ent_bank,train,ent_bank_train_900_t_b0_7244,ent_bank_train_900_t_b0,ent_bank_train_900_t_b1
ent_bank,train,ent_bank_train_164_f_b0_7245,ent_bank_train_164_f_b0,ent_bank_train_164_f_b1
ent_bank,train,ent_bank_train_103_t_b0_7246,ent_bank_train_103_t_b0,ent_bank_train_103_t_b1
ent_bank,train,ent_bank_train_853_t_b0_7247,ent_bank_train_853_t_b0,ent_bank_train_853_t_b1
ent_bank,train,ent_bank_dev_132_f_b0_7248,ent_bank_dev_132_f_b0,ent_bank_dev_132_f_b1
ent_bank,train,ent_bank_train_91_t_b0_7249,ent_bank_train_91_t_b0,ent_bank_train_91_t_b1
ent_bank,train,ent_bank_train_1114_t_b0_7250,ent_bank_train_1114_t_b0,ent_bank_train_1114_t_b1
ent_bank,train,ent_bank_train_124_f_b0_7251,ent_bank_train_124_f_b0,ent_bank_train_124_f_b1
ent_bank,train,ent_bank_test_225_f_b0_7252,ent_bank_test_225_f_b0,ent_bank_test_225_f_b1
ent_bank,train,ent_bank_train_230_t_b0_7253,ent_bank_train_230_t_b0,ent_bank_train_230_t_b1
ent_bank,train,ent_bank_train_191_t_b0_7254,ent_bank_train_191_t_b0,ent_bank_train_191_t_b1
ent_bank,train,ent_bank_train_416_f_b0_7255,ent_bank_train_416_f_b0,ent_bank_train_416_f_b1
ent_bank,train,ent_bank_train_728_f_b0_7256,ent_bank_train_728_f_b0,ent_bank_train_728_f_b1
ent_bank,train,ent_bank_dev_92_f_b0_7257,ent_bank_dev_92_f_b0,ent_bank_dev_92_f_b1
ent_bank,train,ent_bank_train_861_t_b0_7258,ent_bank_train_861_t_b0,ent_bank_train_861_t_b1
ent_bank,train,ent_bank_train_1112_t_b0_7259,ent_bank_train_1112_t_b0,ent_bank_train_1112_t_b1
ent_bank,train,ent_bank_train_1161_f_b0_7260,ent_bank_train_1161_f_b0,ent_bank_train_1161_f_b1
ent_bank,train,ent_bank_train_182_t_b0_7261,ent_bank_train_182_t_b0,ent_bank_train_182_t_b1
ent_bank,train,ent_bank_train_177_t_b0_7262,ent_bank_train_177_t_b0,ent_bank_train_177_t_b1
ent_bank,train,ent_bank_train_221_t_b0_7263,ent_bank_train_221_t_b0,ent_bank_train_221_t_b1
ent_bank,train,ent_bank_train_668_f_b0_7264,ent_bank_train_668_f_b0,ent_bank_train_668_f_b1
ent_bank,train,ent_bank_train_645_f_b0_7265,ent_bank_train_645_f_b0,ent_bank_train_645_f_b1
ent_bank,train,ent_bank_train_1278_f_b0_7266,ent_bank_train_1278_f_b0,ent_bank_train_1278_f_b1
ent_bank,train,ent_bank_train_747_f_b0_7267,ent_bank_train_747_f_b0,ent_bank_train_747_f_b1
ent_bank,train,ent_bank_train_54_f_b0_7268,ent_bank_train_54_f_b0,ent_bank_train_54_f_b1
ent_bank,train,ent_bank_train_30_t_b0_7269,ent_bank_train_30_t_b0,ent_bank_train_30_t_b1
ent_bank,train,ent_bank_train_986_t_b0_7270,ent_bank_train_986_t_b0,ent_bank_train_986_t_b1
ent_bank,train,ent_bank_train_1301_t_b0_7271,ent_bank_train_1301_t_b0,ent_bank_train_1301_t_b1
ent_bank,train,ent_bank_train_961_t_b0_7272,ent_bank_train_961_t_b0,ent_bank_train_961_t_b1
ent_bank,train,ent_bank_test_169_f_b0_7273,ent_bank_test_169_f_b0,ent_bank_test_169_f_b1
ent_bank,train,ent_bank_train_790_t_b0_7274,ent_bank_train_790_t_b0,ent_bank_train_790_t_b1
ent_bank,train,ent_bank_train_480_t_b0_7275,ent_bank_train_480_t_b0,ent_bank_train_480_t_b1
ent_bank,train,ent_bank_train_1305_f_b0_7276,ent_bank_train_1305_f_b0,ent_bank_train_1305_f_b1
ent_bank,train,ent_bank_train_572_t_b0_7277,ent_bank_train_572_t_b0,ent_bank_train_572_t_b1
ent_bank,train,ent_bank_train_179_t_b0_7278,ent_bank_train_179_t_b0,ent_bank_train_179_t_b1
ent_bank,train,ent_bank_train_1211_t_b0_7279,ent_bank_train_1211_t_b0,ent_bank_train_1211_t_b1
ent_bank,train,ent_bank_dev_75_t_b0_7280,ent_bank_dev_75_t_b0,ent_bank_dev_75_t_b1
ent_bank,train,ent_bank_train_1171_f_b0_7281,ent_bank_train_1171_f_b0,ent_bank_train_1171_f_b1
ent_bank,train,ent_bank_train_330_t_b0_7282,ent_bank_train_330_t_b0,ent_bank_train_330_t_b1
ent_bank,train,ent_bank_train_862_f_b0_7283,ent_bank_train_862_f_b0,ent_bank_train_862_f_b1
ent_bank,train,ent_bank_test_332_t_b0_7284,ent_bank_test_332_t_b0,ent_bank_test_332_t_b1
ent_bank,train,ent_bank_test_281_t_b0_7285,ent_bank_test_281_t_b0,ent_bank_test_281_t_b1
ent_bank,train,ent_bank_train_422_f_b0_7286,ent_bank_train_422_f_b0,ent_bank_train_422_f_b1
ent_bank,train,ent_bank_train_449_t_b0_7287,ent_bank_train_449_t_b0,ent_bank_train_449_t_b1
ent_bank,train,ent_bank_train_488_f_b0_7288,ent_bank_train_488_f_b0,ent_bank_train_488_f_b1
ent_bank,train,ent_bank_train_1288_t_b0_7289,ent_bank_train_1288_t_b0,ent_bank_train_1288_t_b1
ent_bank,train,ent_bank_train_1189_t_b0_7290,ent_bank_train_1189_t_b0,ent_bank_train_1189_t_b1
ent_bank,train,ent_bank_dev_79_f_b0_7291,ent_bank_dev_79_f_b0,ent_bank_dev_79_f_b1
ent_bank,train,ent_bank_train_115_t_b0_7292,ent_bank_train_115_t_b0,ent_bank_train_115_t_b1
ent_bank,train,ent_bank_train_702_f_b0_7293,ent_bank_train_702_f_b0,ent_bank_train_702_f_b1
ent_bank,train,ent_bank_train_34_f_b0_7294,ent_bank_train_34_f_b0,ent_bank_train_34_f_b1
ent_bank,train,ent_bank_train_536_t_b0_7295,ent_bank_train_536_t_b0,ent_bank_train_536_t_b1
ent_bank,train,ent_bank_test_77_t_b0_7296,ent_bank_test_77_t_b0,ent_bank_test_77_t_b1
ent_bank,train,ent_bank_test_306_f_b0_7297,ent_bank_test_306_f_b0,ent_bank_test_306_f_b1
ent_bank,train,ent_bank_train_519_t_b0_7298,ent_bank_train_519_t_b0,ent_bank_train_519_t_b1
ent_bank,train,ent_bank_train_279_f_b0_7299,ent_bank_train_279_f_b0,ent_bank_train_279_f_b1
ent_bank,train,ent_bank_train_84_t_b0_7300,ent_bank_train_84_t_b0,ent_bank_train_84_t_b1
ent_bank,train,ent_bank_train_1132_f_b0_7301,ent_bank_train_1132_f_b0,ent_bank_train_1132_f_b1
ent_bank,train,ent_bank_train_1252_t_b0_7302,ent_bank_train_1252_t_b0,ent_bank_train_1252_t_b1
ent_bank,train,ent_bank_dev_100_f_b0_7303,ent_bank_dev_100_f_b0,ent_bank_dev_100_f_b1
ent_bank,train,ent_bank_train_835_f_b0_7304,ent_bank_train_835_f_b0,ent_bank_train_835_f_b1
ent_bank,train,ent_bank_test_76_t_b0_7305,ent_bank_test_76_t_b0,ent_bank_test_76_t_b1
ent_bank,train,ent_bank_dev_4_t_b0_7306,ent_bank_dev_4_t_b0,ent_bank_dev_4_t_b1
ent_bank,train,ent_bank_train_648_f_b0_7307,ent_bank_train_648_f_b0,ent_bank_train_648_f_b1
ent_bank,train,ent_bank_train_885_t_b0_7308,ent_bank_train_885_t_b0,ent_bank_train_885_t_b1
ent_bank,train,ent_bank_test_233_t_b0_7309,ent_bank_test_233_t_b0,ent_bank_test_233_t_b1
ent_bank,train,ent_bank_dev_32_f_b0_7310,ent_bank_dev_32_f_b0,ent_bank_dev_32_f_b1
ent_bank,train,ent_bank_train_327_t_b0_7311,ent_bank_train_327_t_b0,ent_bank_train_327_t_b1
ent_bank,train,ent_bank_dev_119_t_b0_7312,ent_bank_dev_119_t_b0,ent_bank_dev_119_t_b1
ent_bank,train,ent_bank_train_919_f_b0_7313,ent_bank_train_919_f_b0,ent_bank_train_919_f_b1
ent_bank,train,ent_bank_test_15_t_b0_7314,ent_bank_test_15_t_b0,ent_bank_test_15_t_b1
ent_bank,train,ent_bank_test_239_f_b0_7315,ent_bank_test_239_f_b0,ent_bank_test_239_f_b1
ent_bank,train,ent_bank_train_255_f_b0_7316,ent_bank_train_255_f_b0,ent_bank_train_255_f_b1
ent_bank,train,ent_bank_train_289_f_b0_7317,ent_bank_train_289_f_b0,ent_bank_train_289_f_b1
ent_bank,train,ent_bank_dev_134_f_b0_7318,ent_bank_dev_134_f_b0,ent_bank_dev_134_f_b1
ent_bank,train,ent_bank_train_664_f_b0_7319,ent_bank_train_664_f_b0,ent_bank_train_664_f_b1
ent_bank,train,ent_bank_train_591_f_b0_7320,ent_bank_train_591_f_b0,ent_bank_train_591_f_b1
ent_bank,train,ent_bank_train_1161_t_b0_7321,ent_bank_train_1161_t_b0,ent_bank_train_1161_t_b1
ent_bank,train,ent_bank_train_267_t_b0_7322,ent_bank_train_267_t_b0,ent_bank_train_267_t_b1
ent_bank,train,ent_bank_test_89_t_b0_7323,ent_bank_test_89_t_b0,ent_bank_test_89_t_b1
ent_bank,train,ent_bank_test_315_f_b0_7324,ent_bank_test_315_f_b0,ent_bank_test_315_f_b1
ent_bank,train,ent_bank_dev_128_f_b0_7325,ent_bank_dev_128_f_b0,ent_bank_dev_128_f_b1
ent_bank,train,ent_bank_train_461_t_b0_7326,ent_bank_train_461_t_b0,ent_bank_train_461_t_b1
ent_bank,train,ent_bank_train_1218_f_b0_7327,ent_bank_train_1218_f_b0,ent_bank_train_1218_f_b1
ent_bank,train,ent_bank_train_862_t_b0_7328,ent_bank_train_862_t_b0,ent_bank_train_862_t_b1
ent_bank,train,ent_bank_train_197_f_b0_7329,ent_bank_train_197_f_b0,ent_bank_train_197_f_b1
ent_bank,train,ent_bank_train_145_t_b0_7330,ent_bank_train_145_t_b0,ent_bank_train_145_t_b1
ent_bank,train,ent_bank_test_60_t_b0_7331,ent_bank_test_60_t_b0,ent_bank_test_60_t_b1
ent_bank,train,ent_bank_train_1123_f_b0_7332,ent_bank_train_1123_f_b0,ent_bank_train_1123_f_b1
ent_bank,train,ent_bank_train_1263_t_b0_7333,ent_bank_train_1263_t_b0,ent_bank_train_1263_t_b1
ent_bank,train,ent_bank_train_1048_f_b0_7334,ent_bank_train_1048_f_b0,ent_bank_train_1048_f_b1
ent_bank,train,ent_bank_train_1075_t_b0_7335,ent_bank_train_1075_t_b0,ent_bank_train_1075_t_b1
ent_bank,train,ent_bank_train_864_f_b0_7336,ent_bank_train_864_f_b0,ent_bank_train_864_f_b1
ent_bank,train,ent_bank_train_184_f_b0_7337,ent_bank_train_184_f_b0,ent_bank_train_184_f_b1
ent_bank,train,ent_bank_train_1186_t_b0_7338,ent_bank_train_1186_t_b0,ent_bank_train_1186_t_b1
ent_bank,train,ent_bank_train_984_t_b0_7339,ent_bank_train_984_t_b0,ent_bank_train_984_t_b1
ent_bank,train,ent_bank_dev_60_t_b0_7340,ent_bank_dev_60_t_b0,ent_bank_dev_60_t_b1
ent_bank,train,ent_bank_train_214_f_b0_7341,ent_bank_train_214_f_b0,ent_bank_train_214_f_b1
ent_bank,train,ent_bank_train_791_f_b0_7342,ent_bank_train_791_f_b0,ent_bank_train_791_f_b1
ent_bank,train,ent_bank_train_232_f_b0_7343,ent_bank_train_232_f_b0,ent_bank_train_232_f_b1
ent_bank,train,ent_bank_train_1235_t_b0_7344,ent_bank_train_1235_t_b0,ent_bank_train_1235_t_b1
ent_bank,train,ent_bank_train_590_f_b0_7345,ent_bank_train_590_f_b0,ent_bank_train_590_f_b1
ent_bank,train,ent_bank_test_325_t_b0_7346,ent_bank_test_325_t_b0,ent_bank_test_325_t_b1
ent_bank,train,ent_bank_train_96_f_b0_7347,ent_bank_train_96_f_b0,ent_bank_train_96_f_b1
ent_bank,train,ent_bank_train_250_t_b0_7348,ent_bank_train_250_t_b0,ent_bank_train_250_t_b1
ent_bank,train,ent_bank_train_848_t_b0_7349,ent_bank_train_848_t_b0,ent_bank_train_848_t_b1
ent_bank,train,ent_bank_train_518_f_b0_7350,ent_bank_train_518_f_b0,ent_bank_train_518_f_b1
ent_bank,train,ent_bank_dev_1_t_b0_7351,ent_bank_dev_1_t_b0,ent_bank_dev_1_t_b1
ent_bank,train,ent_bank_train_487_f_b0_7352,ent_bank_train_487_f_b0,ent_bank_train_487_f_b1
ent_bank,train,ent_bank_dev_94_t_b0_7353,ent_bank_dev_94_t_b0,ent_bank_dev_94_t_b1
ent_bank,eval,ent_bank_train_988_t_b0_7354,ent_bank_train_988_t_b0,ent_bank_train_988_t_b1
ent_bank,eval,ent_bank_test_81_t_b0_7355,ent_bank_test_81_t_b0,ent_bank_test_81_t_b1
ent_bank,eval,ent_bank_train_476_f_b0_7356,ent_bank_train_476_f_b0,ent_bank_train_476_f_b1
ent_bank,eval,ent_bank_train_1077_f_b0_7357,ent_bank_train_1077_f_b0,ent_bank_train_1077_f_b1
ent_bank,eval,ent_bank_train_626_t_b0_7358,ent_bank_train_626_t_b0,ent_bank_train_626_t_b1
ent_bank,eval,ent_bank_test_95_f_b0_7359,ent_bank_test_95_f_b0,ent_bank_test_95_f_b1
ent_bank,eval,ent_bank_train_70_t_b0_7360,ent_bank_train_70_t_b0,ent_bank_train_70_t_b1
ent_bank,eval,ent_bank_train_1266_f_b0_7361,ent_bank_train_1266_f_b0,ent_bank_train_1266_f_b1
ent_bank,eval,ent_bank_train_72_f_b0_7362,ent_bank_train_72_f_b0,ent_bank_train_72_f_b1
ent_bank,eval,ent_bank_train_514_t_b0_7363,ent_bank_train_514_t_b0,ent_bank_train_514_t_b1
ent_bank,eval,ent_bank_train_838_t_b0_7364,ent_bank_train_838_t_b0,ent_bank_train_838_t_b1
ent_bank,eval,ent_bank_train_921_t_b0_7365,ent_bank_train_921_t_b0,ent_bank_train_921_t_b1
ent_bank,eval,ent_bank_train_764_t_b0_7366,ent_bank_train_764_t_b0,ent_bank_train_764_t_b1
ent_bank,eval,ent_bank_train_76_t_b0_7367,ent_bank_train_76_t_b0,ent_bank_train_76_t_b1
ent_bank,eval,ent_bank_train_831_f_b0_7368,ent_bank_train_831_f_b0,ent_bank_train_831_f_b1
ent_bank,eval,ent_bank_train_748_f_b0_7369,ent_bank_train_748_f_b0,ent_bank_train_748_f_b1
ent_bank,eval,ent_bank_dev_50_t_b0_7370,ent_bank_dev_50_t_b0,ent_bank_dev_50_t_b1
ent_bank,eval,ent_bank_train_1118_t_b0_7371,ent_bank_train_1118_t_b0,ent_bank_train_1118_t_b1
ent_bank,eval,ent_bank_train_1262_f_b0_7372,ent_bank_train_1262_f_b0,ent_bank_train_1262_f_b1
ent_bank,eval,ent_bank_test_137_f_b0_7373,ent_bank_test_137_f_b0,ent_bank_test_137_f_b1
ent_bank,eval,ent_bank_train_235_f_b0_7374,ent_bank_train_235_f_b0,ent_bank_train_235_f_b1
ent_bank,eval,ent_bank_train_1096_t_b0_7375,ent_bank_train_1096_t_b0,ent_bank_train_1096_t_b1
ent_bank,eval,ent_bank_test_206_f_b0_7376,ent_bank_test_206_f_b0,ent_bank_test_206_f_b1
ent_bank,eval,ent_bank_train_665_t_b0_7377,ent_bank_train_665_t_b0,ent_bank_train_665_t_b1
ent_bank,eval,ent_bank_train_62_t_b0_7378,ent_bank_train_62_t_b0,ent_bank_train_62_t_b1
ent_bank,eval,ent_bank_train_618_f_b0_7379,ent_bank_train_618_f_b0,ent_bank_train_618_f_b1
ent_bank,eval,ent_bank_train_676_t_b0_7380,ent_bank_train_676_t_b0,ent_bank_train_676_t_b1
ent_bank,eval,ent_bank_train_991_f_b0_7381,ent_bank_train_991_f_b0,ent_bank_train_991_f_b1
ent_bank,eval,ent_bank_train_421_f_b0_7382,ent_bank_train_421_f_b0,ent_bank_train_421_f_b1
ent_bank,eval,ent_bank_test_49_f_b0_7383,ent_bank_test_49_f_b0,ent_bank_test_49_f_b1
ent_bank,eval,ent_bank_dev_133_f_b0_7384,ent_bank_dev_133_f_b0,ent_bank_dev_133_f_b1
ent_bank,eval,ent_bank_test_57_t_b0_7385,ent_bank_test_57_t_b0,ent_bank_test_57_t_b1
ent_bank,eval,ent_bank_train_1025_f_b0_7386,ent_bank_train_1025_f_b0,ent_bank_train_1025_f_b1
ent_bank,eval,ent_bank_dev_40_f_b0_7387,ent_bank_dev_40_f_b0,ent_bank_dev_40_f_b1
ent_bank,eval,ent_bank_train_37_f_b0_7388,ent_bank_train_37_f_b0,ent_bank_train_37_f_b1
ent_bank,eval,ent_bank_train_1240_f_b0_7389,ent_bank_train_1240_f_b0,ent_bank_train_1240_f_b1
ent_bank,eval,ent_bank_train_1082_f_b0_7390,ent_bank_train_1082_f_b0,ent_bank_train_1082_f_b1
ent_bank,eval,ent_bank_dev_7_f_b0_7391,ent_bank_dev_7_f_b0,ent_bank_dev_7_f_b1
ent_bank,eval,ent_bank_train_1183_f_b0_7392,ent_bank_train_1183_f_b0,ent_bank_train_1183_f_b1
ent_bank,eval,ent_bank_train_1204_f_b0_7393,ent_bank_train_1204_f_b0,ent_bank_train_1204_f_b1
ent_bank,eval,ent_bank_train_1049_f_b0_7394,ent_bank_train_1049_f_b0,ent_bank_train_1049_f_b1
ent_bank,eval,ent_bank_train_460_f_b0_7395,ent_bank_train_460_f_b0,ent_bank_train_460_f_b1
ent_bank,eval,ent_bank_train_165_t_b0_7396,ent_bank_train_165_t_b0,ent_bank_train_165_t_b1
ent_bank,eval,ent_bank_train_448_t_b0_7397,ent_bank_train_448_t_b0,ent_bank_train_448_t_b1
ent_bank,eval,ent_bank_dev_47_t_b0_7398,ent_bank_dev_47_t_b0,ent_bank_dev_47_t_b1
ent_bank,eval,ent_bank_train_478_f_b0_7399,ent_bank_train_478_f_b0,ent_bank_train_478_f_b1
ent_bank,eval,ent_bank_train_847_f_b0_7400,ent_bank_train_847_f_b0,ent_bank_train_847_f_b1
ent_bank,eval,ent_bank_train_1232_f_b0_7401,ent_bank_train_1232_f_b0,ent_bank_train_1232_f_b1
ent_bank,eval,ent_bank_train_597_t_b0_7402,ent_bank_train_597_t_b0,ent_bank_train_597_t_b1
ent_bank,eval,ent_bank_train_459_t_b0_7403,ent_bank_train_459_t_b0,ent_bank_train_459_t_b1
ent_bank,eval,ent_bank_train_66_t_b0_7404,ent_bank_train_66_t_b0,ent_bank_train_66_t_b1
ent_bank,eval,ent_bank_train_992_t_b0_7405,ent_bank_train_992_t_b0,ent_bank_train_992_t_b1
ent_bank,eval,ent_bank_test_74_f_b0_7406,ent_bank_test_74_f_b0,ent_bank_test_74_f_b1
ent_bank,eval,ent_bank_train_173_f_b0_7407,ent_bank_train_173_f_b0,ent_bank_train_173_f_b1
ent_bank,eval,ent_bank_train_783_t_b0_7408,ent_bank_train_783_t_b0,ent_bank_train_783_t_b1
ent_bank,eval,ent_bank_train_660_f_b0_7409,ent_bank_train_660_f_b0,ent_bank_train_660_f_b1
ent_bank,eval,ent_bank_test_10_f_b0_7410,ent_bank_test_10_f_b0,ent_bank_test_10_f_b1
ent_bank,eval,ent_bank_train_494_t_b0_7411,ent_bank_train_494_t_b0,ent_bank_train_494_t_b1
ent_bank,eval,ent_bank_train_1092_t_b0_7412,ent_bank_train_1092_t_b0,ent_bank_train_1092_t_b1
ent_bank,eval,ent_bank_train_1021_t_b0_7413,ent_bank_train_1021_t_b0,ent_bank_train_1021_t_b1
ent_bank,eval,ent_bank_dev_133_t_b0_7414,ent_bank_dev_133_t_b0,ent_bank_dev_133_t_b1
ent_bank,eval,ent_bank_train_976_f_b0_7415,ent_bank_train_976_f_b0,ent_bank_train_976_f_b1
ent_bank,eval,ent_bank_test_79_t_b0_7416,ent_bank_test_79_t_b0,ent_bank_test_79_t_b1
ent_bank,eval,ent_bank_train_917_t_b0_7417,ent_bank_train_917_t_b0,ent_bank_train_917_t_b1
ent_bank,eval,ent_bank_train_927_t_b0_7418,ent_bank_train_927_t_b0,ent_bank_train_927_t_b1
ent_bank,eval,ent_bank_train_132_t_b0_7419,ent_bank_train_132_t_b0,ent_bank_train_132_t_b1
ent_bank,eval,ent_bank_train_844_t_b0_7420,ent_bank_train_844_t_b0,ent_bank_train_844_t_b1
ent_bank,eval,ent_bank_dev_158_t_b0_7421,ent_bank_dev_158_t_b0,ent_bank_dev_158_t_b1
ent_bank,eval,ent_bank_train_445_f_b0_7422,ent_bank_train_445_f_b0,ent_bank_train_445_f_b1
ent_bank,eval,ent_bank_test_291_t_b0_7423,ent_bank_test_291_t_b0,ent_bank_test_291_t_b1
ent_bank,eval,ent_bank_train_942_f_b0_7424,ent_bank_train_942_f_b0,ent_bank_train_942_f_b1
ent_bank,eval,ent_bank_train_998_t_b0_7425,ent_bank_train_998_t_b0,ent_bank_train_998_t_b1
ent_bank,eval,ent_bank_train_700_t_b0_7426,ent_bank_train_700_t_b0,ent_bank_train_700_t_b1
ent_bank,eval,ent_bank_train_616_t_b0_7427,ent_bank_train_616_t_b0,ent_bank_train_616_t_b1
ent_bank,eval,ent_bank_train_323_f_b0_7428,ent_bank_train_323_f_b0,ent_bank_train_323_f_b1
ent_bank,eval,ent_bank_train_748_t_b0_7429,ent_bank_train_748_t_b0,ent_bank_train_748_t_b1
ent_bank,eval,ent_bank_test_181_t_b0_7430,ent_bank_test_181_t_b0,ent_bank_test_181_t_b1
ent_bank,eval,ent_bank_train_223_f_b0_7431,ent_bank_train_223_f_b0,ent_bank_train_223_f_b1
ent_bank,eval,ent_bank_train_364_f_b0_7432,ent_bank_train_364_f_b0,ent_bank_train_364_f_b1
ent_bank,eval,ent_bank_dev_160_f_b0_7433,ent_bank_dev_160_f_b0,ent_bank_dev_160_f_b1
ent_bank,eval,ent_bank_test_133_f_b0_7434,ent_bank_test_133_f_b0,ent_bank_test_133_f_b1
ent_bank,eval,ent_bank_train_561_t_b0_7435,ent_bank_train_561_t_b0,ent_bank_train_561_t_b1
ent_bank,eval,ent_bank_test_73_f_b0_7436,ent_bank_test_73_f_b0,ent_bank_test_73_f_b1
ent_bank,eval,ent_bank_train_575_f_b0_7437,ent_bank_train_575_f_b0,ent_bank_train_575_f_b1
ent_bank,eval,ent_bank_train_910_f_b0_7438,ent_bank_train_910_f_b0,ent_bank_train_910_f_b1
ent_bank,eval,ent_bank_train_1259_f_b0_7439,ent_bank_train_1259_f_b0,ent_bank_train_1259_f_b1
ent_bank,eval,ent_bank_test_78_f_b0_7440,ent_bank_test_78_f_b0,ent_bank_test_78_f_b1
ent_bank,eval,ent_bank_dev_106_t_b0_7441,ent_bank_dev_106_t_b0,ent_bank_dev_106_t_b1
ent_bank,eval,ent_bank_test_43_t_b0_7442,ent_bank_test_43_t_b0,ent_bank_test_43_t_b1
ent_bank,eval,ent_bank_train_836_t_b0_7443,ent_bank_train_836_t_b0,ent_bank_train_836_t_b1
ent_bank,eval,ent_bank_test_193_f_b0_7444,ent_bank_test_193_f_b0,ent_bank_test_193_f_b1
ent_bank,eval,ent_bank_train_314_f_b0_7445,ent_bank_train_314_f_b0,ent_bank_train_314_f_b1
ent_bank,eval,ent_bank_dev_170_f_b0_7446,ent_bank_dev_170_f_b0,ent_bank_dev_170_f_b1
ent_bank,eval,ent_bank_train_1146_f_b0_7447,ent_bank_train_1146_f_b0,ent_bank_train_1146_f_b1
ent_bank,eval,ent_bank_train_902_f_b0_7448,ent_bank_train_902_f_b0,ent_bank_train_902_f_b1
ent_bank,eval,ent_bank_dev_63_f_b0_7449,ent_bank_dev_63_f_b0,ent_bank_dev_63_f_b1
ent_bank,eval,ent_bank_train_305_f_b0_7450,ent_bank_train_305_f_b0,ent_bank_train_305_f_b1
ent_bank,eval,ent_bank_train_313_f_b0_7451,ent_bank_train_313_f_b0,ent_bank_train_313_f_b1
ent_bank,eval,ent_bank_train_485_f_b0_7452,ent_bank_train_485_f_b0,ent_bank_train_485_f_b1
ent_bank,eval,ent_bank_train_162_f_b0_7453,ent_bank_train_162_f_b0,ent_bank_train_162_f_b1
ent_bank,eval,ent_bank_test_165_f_b0_7454,ent_bank_test_165_f_b0,ent_bank_test_165_f_b1
ent_bank,eval,ent_bank_train_817_t_b0_7455,ent_bank_train_817_t_b0,ent_bank_train_817_t_b1
ent_bank,eval,ent_bank_train_26_t_b0_7456,ent_bank_train_26_t_b0,ent_bank_train_26_t_b1
ent_bank,eval,ent_bank_train_1267_t_b0_7457,ent_bank_train_1267_t_b0,ent_bank_train_1267_t_b1
ent_bank,eval,ent_bank_train_125_f_b0_7458,ent_bank_train_125_f_b0,ent_bank_train_125_f_b1
ent_bank,eval,ent_bank_test_289_f_b0_7459,ent_bank_test_289_f_b0,ent_bank_test_289_f_b1
ent_bank,eval,ent_bank_train_812_f_b0_7460,ent_bank_train_812_f_b0,ent_bank_train_812_f_b1
ent_bank,eval,ent_bank_train_355_f_b0_7461,ent_bank_train_355_f_b0,ent_bank_train_355_f_b1
ent_bank,eval,ent_bank_test_70_f_b0_7462,ent_bank_test_70_f_b0,ent_bank_test_70_f_b1
ent_bank,eval,ent_bank_train_347_f_b0_7463,ent_bank_train_347_f_b0,ent_bank_train_347_f_b1
ent_bank,eval,ent_bank_train_991_t_b0_7464,ent_bank_train_991_t_b0,ent_bank_train_991_t_b1
ent_bank,eval,ent_bank_train_711_t_b0_7465,ent_bank_train_711_t_b0,ent_bank_train_711_t_b1
ent_bank,eval,ent_bank_train_882_f_b0_7466,ent_bank_train_882_f_b0,ent_bank_train_882_f_b1
ent_bank,eval,ent_bank_test_317_t_b0_7467,ent_bank_test_317_t_b0,ent_bank_test_317_t_b1
ent_bank,eval,ent_bank_dev_139_f_b0_7468,ent_bank_dev_139_f_b0,ent_bank_dev_139_f_b1
ent_bank,eval,ent_bank_dev_125_t_b0_7469,ent_bank_dev_125_t_b0,ent_bank_dev_125_t_b1
ent_bank,eval,ent_bank_train_207_f_b0_7470,ent_bank_train_207_f_b0,ent_bank_train_207_f_b1
ent_bank,eval,ent_bank_train_1021_f_b0_7471,ent_bank_train_1021_f_b0,ent_bank_train_1021_f_b1
ent_bank,eval,ent_bank_dev_186_t_b0_7472,ent_bank_dev_186_t_b0,ent_bank_dev_186_t_b1
ent_bank,eval,ent_bank_train_971_f_b0_7473,ent_bank_train_971_f_b0,ent_bank_train_971_f_b1
ent_bank,eval,ent_bank_test_162_f_b0_7474,ent_bank_test_162_f_b0,ent_bank_test_162_f_b1
ent_bank,eval,ent_bank_train_62_f_b0_7475,ent_bank_train_62_f_b0,ent_bank_train_62_f_b1
ent_bank,eval,ent_bank_train_231_f_b0_7476,ent_bank_train_231_f_b0,ent_bank_train_231_f_b1
ent_bank,eval,ent_bank_train_101_t_b0_7477,ent_bank_train_101_t_b0,ent_bank_train_101_t_b1
ent_bank,eval,ent_bank_train_900_f_b0_7478,ent_bank_train_900_f_b0,ent_bank_train_900_f_b1
ent_bank,eval,ent_bank_train_703_f_b0_7479,ent_bank_train_703_f_b0,ent_bank_train_703_f_b1
ent_bank,eval,ent_bank_train_691_t_b0_7480,ent_bank_train_691_t_b0,ent_bank_train_691_t_b1
ent_bank,eval,ent_bank_train_191_f_b0_7481,ent_bank_train_191_f_b0,ent_bank_train_191_f_b1
ent_bank,eval,ent_bank_train_383_t_b0_7482,ent_bank_train_383_t_b0,ent_bank_train_383_t_b1
ent_bank,eval,ent_bank_train_178_t_b0_7483,ent_bank_train_178_t_b0,ent_bank_train_178_t_b1
ent_bank,eval,ent_bank_train_126_f_b0_7484,ent_bank_train_126_f_b0,ent_bank_train_126_f_b1
ent_bank,eval,ent_bank_train_132_f_b0_7485,ent_bank_train_132_f_b0,ent_bank_train_132_f_b1
ent_bank,eval,ent_bank_test_48_t_b0_7486,ent_bank_test_48_t_b0,ent_bank_test_48_t_b1
ent_bank,eval,ent_bank_train_12_t_b0_7487,ent_bank_train_12_t_b0,ent_bank_train_12_t_b1
ent_bank,eval,ent_bank_train_886_t_b0_7488,ent_bank_train_886_t_b0,ent_bank_train_886_t_b1
ent_bank,eval,ent_bank_train_898_f_b0_7489,ent_bank_train_898_f_b0,ent_bank_train_898_f_b1
ent_bank,eval,ent_bank_train_1004_f_b0_7490,ent_bank_train_1004_f_b0,ent_bank_train_1004_f_b1
ent_bank,eval,ent_bank_train_188_t_b0_7491,ent_bank_train_188_t_b0,ent_bank_train_188_t_b1
ent_bank,eval,ent_bank_train_747_t_b0_7492,ent_bank_train_747_t_b0,ent_bank_train_747_t_b1
ent_bank,eval,ent_bank_train_1072_t_b0_7493,ent_bank_train_1072_t_b0,ent_bank_train_1072_t_b1
ent_bank,eval,ent_bank_test_212_f_b0_7494,ent_bank_test_212_f_b0,ent_bank_test_212_f_b1
ent_bank,eval,ent_bank_train_356_f_b0_7495,ent_bank_train_356_f_b0,ent_bank_train_356_f_b1
ent_bank,eval,ent_bank_test_241_t_b0_7496,ent_bank_test_241_t_b0,ent_bank_test_241_t_b1
ent_bank,eval,ent_bank_test_296_f_b0_7497,ent_bank_test_296_f_b0,ent_bank_test_296_f_b1
ent_bank,eval,ent_bank_train_229_t_b0_7498,ent_bank_train_229_t_b0,ent_bank_train_229_t_b1
ent_bank,eval,ent_bank_train_1221_f_b0_7499,ent_bank_train_1221_f_b0,ent_bank_train_1221_f_b1
ent_bank,eval,ent_bank_train_259_t_b0_7500,ent_bank_train_259_t_b0,ent_bank_train_259_t_b1
ent_bank,eval,ent_bank_train_1195_f_b0_7501,ent_bank_train_1195_f_b0,ent_bank_train_1195_f_b1
ent_bank,eval,ent_bank_train_937_t_b0_7502,ent_bank_train_937_t_b0,ent_bank_train_937_t_b1
ent_bank,eval,ent_bank_train_1001_t_b0_7503,ent_bank_train_1001_t_b0,ent_bank_train_1001_t_b1
ent_bank,eval,ent_bank_train_866_t_b0_7504,ent_bank_train_866_t_b0,ent_bank_train_866_t_b1
ent_bank,eval,ent_bank_test_306_t_b0_7505,ent_bank_test_306_t_b0,ent_bank_test_306_t_b1
ent_bank,eval,ent_bank_test_80_t_b0_7506,ent_bank_test_80_t_b0,ent_bank_test_80_t_b1
ent_bank,eval,ent_bank_train_762_t_b0_7507,ent_bank_train_762_t_b0,ent_bank_train_762_t_b1
ent_bank,eval,ent_bank_train_680_t_b0_7508,ent_bank_train_680_t_b0,ent_bank_train_680_t_b1
ent_bank,eval,ent_bank_test_112_t_b0_7509,ent_bank_test_112_t_b0,ent_bank_test_112_t_b1
ent_bank,eval,ent_bank_train_942_t_b0_7510,ent_bank_train_942_t_b0,ent_bank_train_942_t_b1
ent_bank,eval,ent_bank_test_100_t_b0_7511,ent_bank_test_100_t_b0,ent_bank_test_100_t_b1
ent_bank,eval,ent_bank_train_393_f_b0_7512,ent_bank_train_393_f_b0,ent_bank_train_393_f_b1
ent_bank,eval,ent_bank_train_249_f_b0_7513,ent_bank_train_249_f_b0,ent_bank_train_249_f_b1
ent_bank,eval,ent_bank_train_200_t_b0_7514,ent_bank_train_200_t_b0,ent_bank_train_200_t_b1
ent_bank,eval,ent_bank_train_392_f_b0_7515,ent_bank_train_392_f_b0,ent_bank_train_392_f_b1
ent_bank,eval,ent_bank_train_854_t_b0_7516,ent_bank_train_854_t_b0,ent_bank_train_854_t_b1
ent_bank,eval,ent_bank_train_483_t_b0_7517,ent_bank_train_483_t_b0,ent_bank_train_483_t_b1
ent_bank,eval,ent_bank_train_801_t_b0_7518,ent_bank_train_801_t_b0,ent_bank_train_801_t_b1
ent_bank,eval,ent_bank_dev_99_f_b0_7519,ent_bank_dev_99_f_b0,ent_bank_dev_99_f_b1
ent_bank,eval,ent_bank_train_1260_f_b0_7520,ent_bank_train_1260_f_b0,ent_bank_train_1260_f_b1
ent_bank,eval,ent_bank_train_1163_f_b0_7521,ent_bank_train_1163_f_b0,ent_bank_train_1163_f_b1
ent_bank,eval,ent_bank_train_367_f_b0_7522,ent_bank_train_367_f_b0,ent_bank_train_367_f_b1
ent_bank,eval,ent_bank_test_153_t_b0_7523,ent_bank_test_153_t_b0,ent_bank_test_153_t_b1
ent_bank,eval,ent_bank_train_206_t_b0_7524,ent_bank_train_206_t_b0,ent_bank_train_206_t_b1
ent_bank,eval,ent_bank_train_222_t_b0_7525,ent_bank_train_222_t_b0,ent_bank_train_222_t_b1
ent_bank,eval,ent_bank_test_191_t_b0_7526,ent_bank_test_191_t_b0,ent_bank_test_191_t_b1
ent_bank,eval,ent_bank_dev_44_f_b0_7527,ent_bank_dev_44_f_b0,ent_bank_dev_44_f_b1
ent_bank,eval,ent_bank_test_49_t_b0_7528,ent_bank_test_49_t_b0,ent_bank_test_49_t_b1
ent_bank,eval,ent_bank_train_175_t_b0_7529,ent_bank_train_175_t_b0,ent_bank_train_175_t_b1
ent_bank,eval,ent_bank_train_465_t_b0_7530,ent_bank_train_465_t_b0,ent_bank_train_465_t_b1
ent_bank,eval,ent_bank_train_130_f_b0_7531,ent_bank_train_130_f_b0,ent_bank_train_130_f_b1
ent_bank,eval,ent_bank_test_18_t_b0_7532,ent_bank_test_18_t_b0,ent_bank_test_18_t_b1
ent_bank,eval,ent_bank_train_6_t_b0_7533,ent_bank_train_6_t_b0,ent_bank_train_6_t_b1
ent_bank,eval,ent_bank_dev_132_t_b0_7534,ent_bank_dev_132_t_b0,ent_bank_dev_132_t_b1
ent_bank,eval,ent_bank_train_1009_t_b0_7535,ent_bank_train_1009_t_b0,ent_bank_train_1009_t_b1
ent_bank,eval,ent_bank_train_804_f_b0_7536,ent_bank_train_804_f_b0,ent_bank_train_804_f_b1
ent_bank,eval,ent_bank_test_74_t_b0_7537,ent_bank_test_74_t_b0,ent_bank_test_74_t_b1
ent_bank,eval,ent_bank_train_1238_f_b0_7538,ent_bank_train_1238_f_b0,ent_bank_train_1238_f_b1
ent_bank,eval,ent_bank_train_40_f_b0_7539,ent_bank_train_40_f_b0,ent_bank_train_40_f_b1
ent_bank,eval,ent_bank_train_419_t_b0_7540,ent_bank_train_419_t_b0,ent_bank_train_419_t_b1
ent_bank,eval,ent_bank_test_254_t_b0_7541,ent_bank_test_254_t_b0,ent_bank_test_254_t_b1
ent_bank,eval,ent_bank_train_35_t_b0_7542,ent_bank_train_35_t_b0,ent_bank_train_35_t_b1
ent_bank,eval,ent_bank_train_122_t_b0_7543,ent_bank_train_122_t_b0,ent_bank_train_122_t_b1
ent_bank,eval,ent_bank_train_1124_f_b0_7544,ent_bank_train_1124_f_b0,ent_bank_train_1124_f_b1
ent_bank,eval,ent_bank_test_331_f_b0_7545,ent_bank_test_331_f_b0,ent_bank_test_331_f_b1
ent_bank,eval,ent_bank_train_391_f_b0_7546,ent_bank_train_391_f_b0,ent_bank_train_391_f_b1
ent_bank,eval,ent_bank_train_750_f_b0_7547,ent_bank_train_750_f_b0,ent_bank_train_750_f_b1
ent_bank,eval,ent_bank_train_119_t_b0_7548,ent_bank_train_119_t_b0,ent_bank_train_119_t_b1
ent_bank,eval,ent_bank_train_1243_t_b0_7549,ent_bank_train_1243_t_b0,ent_bank_train_1243_t_b1
ent_bank,eval,ent_bank_train_912_t_b0_7550,ent_bank_train_912_t_b0,ent_bank_train_912_t_b1
ent_bank,eval,ent_bank_dev_112_t_b0_7551,ent_bank_dev_112_t_b0,ent_bank_dev_112_t_b1
ent_bank,eval,ent_bank_dev_85_f_b0_7552,ent_bank_dev_85_f_b0,ent_bank_dev_85_f_b1
ent_bank,eval,ent_bank_train_943_f_b0_7553,ent_bank_train_943_f_b0,ent_bank_train_943_f_b1
ent_bank,eval,ent_bank_dev_22_t_b0_7554,ent_bank_dev_22_t_b0,ent_bank_dev_22_t_b1
ent_bank,eval,ent_bank_train_306_f_b0_7555,ent_bank_train_306_f_b0,ent_bank_train_306_f_b1
ent_bank,eval,ent_bank_train_140_t_b0_7556,ent_bank_train_140_t_b0,ent_bank_train_140_t_b1
ent_bank,eval,ent_bank_test_318_f_b0_7557,ent_bank_test_318_f_b0,ent_bank_test_318_f_b1
ent_bank,eval,ent_bank_train_788_t_b0_7558,ent_bank_train_788_t_b0,ent_bank_train_788_t_b1
ent_bank,eval,ent_bank_train_1130_f_b0_7559,ent_bank_train_1130_f_b0,ent_bank_train_1130_f_b1
ent_bank,eval,ent_bank_train_696_t_b0_7560,ent_bank_train_696_t_b0,ent_bank_train_696_t_b1
ent_bank,eval,ent_bank_test_205_f_b0_7561,ent_bank_test_205_f_b0,ent_bank_test_205_f_b1
ent_bank,eval,ent_bank_train_335_f_b0_7562,ent_bank_train_335_f_b0,ent_bank_train_335_f_b1
ent_bank,eval,ent_bank_train_272_f_b0_7563,ent_bank_train_272_f_b0,ent_bank_train_272_f_b1
ent_bank,eval,ent_bank_train_233_f_b0_7564,ent_bank_train_233_f_b0,ent_bank_train_233_f_b1
ent_bank,eval,ent_bank_train_238_t_b0_7565,ent_bank_train_238_t_b0,ent_bank_train_238_t_b1
ent_bank,eval,ent_bank_dev_175_t_b0_7566,ent_bank_dev_175_t_b0,ent_bank_dev_175_t_b1
ent_bank,eval,ent_bank_dev_89_f_b0_7567,ent_bank_dev_89_f_b0,ent_bank_dev_89_f_b1
ent_bank,eval,ent_bank_test_156_f_b0_7568,ent_bank_test_156_f_b0,ent_bank_test_156_f_b1
ent_bank,eval,ent_bank_train_409_f_b0_7569,ent_bank_train_409_f_b0,ent_bank_train_409_f_b1
ent_bank,eval,ent_bank_test_201_f_b0_7570,ent_bank_test_201_f_b0,ent_bank_test_201_f_b1
ent_bank,eval,ent_bank_train_80_t_b0_7571,ent_bank_train_80_t_b0,ent_bank_train_80_t_b1
ent_bank,eval,ent_bank_train_661_f_b0_7572,ent_bank_train_661_f_b0,ent_bank_train_661_f_b1
ent_bank,eval,ent_bank_test_158_f_b0_7573,ent_bank_test_158_f_b0,ent_bank_test_158_f_b1
ent_bank,eval,ent_bank_test_159_f_b0_7574,ent_bank_test_159_f_b0,ent_bank_test_159_f_b1
ent_bank,eval,ent_bank_dev_149_t_b0_7575,ent_bank_dev_149_t_b0,ent_bank_dev_149_t_b1
ent_bank,eval,ent_bank_dev_41_f_b0_7576,ent_bank_dev_41_f_b0,ent_bank_dev_41_f_b1
ent_bank,eval,ent_bank_test_121_t_b0_7577,ent_bank_test_121_t_b0,ent_bank_test_121_t_b1
ent_bank,eval,ent_bank_train_451_t_b0_7578,ent_bank_train_451_t_b0,ent_bank_train_451_t_b1
ent_bank,eval,ent_bank_train_111_t_b0_7579,ent_bank_train_111_t_b0,ent_bank_train_111_t_b1
ent_bank,eval,ent_bank_dev_147_t_b0_7580,ent_bank_dev_147_t_b0,ent_bank_dev_147_t_b1
ent_bank,eval,ent_bank_dev_31_f_b0_7581,ent_bank_dev_31_f_b0,ent_bank_dev_31_f_b1
ent_bank,eval,ent_bank_test_143_f_b0_7582,ent_bank_test_143_f_b0,ent_bank_test_143_f_b1
ent_bank,eval,ent_bank_train_1078_f_b0_7583,ent_bank_train_1078_f_b0,ent_bank_train_1078_f_b1
ent_bank,eval,ent_bank_train_131_t_b0_7584,ent_bank_train_131_t_b0,ent_bank_train_131_t_b1
ent_bank,eval,ent_bank_train_112_t_b0_7585,ent_bank_train_112_t_b0,ent_bank_train_112_t_b1
ent_bank,eval,ent_bank_train_29_f_b0_7586,ent_bank_train_29_f_b0,ent_bank_train_29_f_b1
ent_bank,eval,ent_bank_train_1293_f_b0_7587,ent_bank_train_1293_f_b0,ent_bank_train_1293_f_b1
ent_bank,eval,ent_bank_test_146_t_b0_7588,ent_bank_test_146_t_b0,ent_bank_test_146_t_b1
ent_bank,eval,ent_bank_train_1014_f_b0_7589,ent_bank_train_1014_f_b0,ent_bank_train_1014_f_b1
ent_bank,eval,ent_bank_train_168_f_b0_7590,ent_bank_train_168_f_b0,ent_bank_train_168_f_b1
ent_bank,eval,ent_bank_test_313_f_b0_7591,ent_bank_test_313_f_b0,ent_bank_test_313_f_b1
ent_bank,eval,ent_bank_train_444_f_b0_7592,ent_bank_train_444_f_b0,ent_bank_train_444_f_b1
ent_bank,eval,ent_bank_dev_97_f_b0_7593,ent_bank_dev_97_f_b0,ent_bank_dev_97_f_b1
ent_bank,eval,ent_bank_train_840_t_b0_7594,ent_bank_train_840_t_b0,ent_bank_train_840_t_b1
ent_bank,eval,ent_bank_train_688_t_b0_7595,ent_bank_train_688_t_b0,ent_bank_train_688_t_b1
ent_bank,eval,ent_bank_train_355_t_b0_7596,ent_bank_train_355_t_b0,ent_bank_train_355_t_b1
ent_bank,eval,ent_bank_test_296_t_b0_7597,ent_bank_test_296_t_b0,ent_bank_test_296_t_b1
ent_bank,eval,ent_bank_train_546_t_b0_7598,ent_bank_train_546_t_b0,ent_bank_train_546_t_b1
ent_bank,eval,ent_bank_dev_88_t_b0_7599,ent_bank_dev_88_t_b0,ent_bank_dev_88_t_b1
ent_bank,eval,ent_bank_train_634_t_b0_7600,ent_bank_train_634_t_b0,ent_bank_train_634_t_b1
ent_bank,eval,ent_bank_train_1120_t_b0_7601,ent_bank_train_1120_t_b0,ent_bank_train_1120_t_b1
ent_bank,eval,ent_bank_train_379_f_b0_7602,ent_bank_train_379_f_b0,ent_bank_train_379_f_b1
ent_bank,eval,ent_bank_train_268_t_b0_7603,ent_bank_train_268_t_b0,ent_bank_train_268_t_b1
ent_bank,eval,ent_bank_test_28_f_b0_7604,ent_bank_test_28_f_b0,ent_bank_test_28_f_b1
ent_bank,eval,ent_bank_train_1024_t_b0_7605,ent_bank_train_1024_t_b0,ent_bank_train_1024_t_b1
ent_bank,eval,ent_bank_train_1102_f_b0_7606,ent_bank_train_1102_f_b0,ent_bank_train_1102_f_b1
ent_bank,eval,ent_bank_train_685_t_b0_7607,ent_bank_train_685_t_b0,ent_bank_train_685_t_b1
ent_bank,eval,ent_bank_train_972_f_b0_7608,ent_bank_train_972_f_b0,ent_bank_train_972_f_b1
ent_bank,eval,ent_bank_train_256_f_b0_7609,ent_bank_train_256_f_b0,ent_bank_train_256_f_b1
ent_bank,eval,ent_bank_train_212_f_b0_7610,ent_bank_train_212_f_b0,ent_bank_train_212_f_b1
ent_bank,eval,ent_bank_train_684_t_b0_7611,ent_bank_train_684_t_b0,ent_bank_train_684_t_b1
ent_bank,eval,ent_bank_train_24_f_b0_7612,ent_bank_train_24_f_b0,ent_bank_train_24_f_b1
ent_bank,eval,ent_bank_train_1028_t_b0_7613,ent_bank_train_1028_t_b0,ent_bank_train_1028_t_b1
ent_bank,eval,ent_bank_train_771_t_b0_7614,ent_bank_train_771_t_b0,ent_bank_train_771_t_b1
ent_bank,eval,ent_bank_train_406_t_b0_7615,ent_bank_train_406_t_b0,ent_bank_train_406_t_b1
ent_bank,eval,ent_bank_test_145_t_b0_7616,ent_bank_test_145_t_b0,ent_bank_test_145_t_b1
ent_bank,eval,ent_bank_train_1172_f_b0_7617,ent_bank_train_1172_f_b0,ent_bank_train_1172_f_b1
ent_bank,eval,ent_bank_dev_116_t_b0_7618,ent_bank_dev_116_t_b0,ent_bank_dev_116_t_b1
ent_bank,eval,ent_bank_train_39_t_b0_7619,ent_bank_train_39_t_b0,ent_bank_train_39_t_b1
ent_bank,eval,ent_bank_train_426_t_b0_7620,ent_bank_train_426_t_b0,ent_bank_train_426_t_b1
ent_bank,eval,ent_bank_test_312_f_b0_7621,ent_bank_test_312_f_b0,ent_bank_test_312_f_b1
ent_bank,eval,ent_bank_test_140_t_b0_7622,ent_bank_test_140_t_b0,ent_bank_test_140_t_b1
ent_bank,eval,ent_bank_train_445_t_b0_7623,ent_bank_train_445_t_b0,ent_bank_train_445_t_b1
ent_bank,eval,ent_bank_train_156_f_b0_7624,ent_bank_train_156_f_b0,ent_bank_train_156_f_b1
ent_bank,eval,ent_bank_train_376_t_b0_7625,ent_bank_train_376_t_b0,ent_bank_train_376_t_b1
ent_bank,eval,ent_bank_test_336_t_b0_7626,ent_bank_test_336_t_b0,ent_bank_test_336_t_b1
ent_bank,eval,ent_bank_dev_125_f_b0_7627,ent_bank_dev_125_f_b0,ent_bank_dev_125_f_b1
ent_bank,eval,ent_bank_train_1107_t_b0_7628,ent_bank_train_1107_t_b0,ent_bank_train_1107_t_b1
ent_bank,eval,ent_bank_train_427_t_b0_7629,ent_bank_train_427_t_b0,ent_bank_train_427_t_b1
ent_bank,eval,ent_bank_train_768_f_b0_7630,ent_bank_train_768_f_b0,ent_bank_train_768_f_b1
ent_bank,eval,ent_bank_train_1122_f_b0_7631,ent_bank_train_1122_f_b0,ent_bank_train_1122_f_b1
ent_bank,eval,ent_bank_train_259_f_b0_7632,ent_bank_train_259_f_b0,ent_bank_train_259_f_b1
ent_bank,eval,ent_bank_train_234_t_b0_7633,ent_bank_train_234_t_b0,ent_bank_train_234_t_b1
ent_bank,eval,ent_bank_train_1289_t_b0_7634,ent_bank_train_1289_t_b0,ent_bank_train_1289_t_b1
ent_bank,eval,ent_bank_train_1158_t_b0_7635,ent_bank_train_1158_t_b0,ent_bank_train_1158_t_b1
ent_bank,eval,ent_bank_test_273_f_b0_7636,ent_bank_test_273_f_b0,ent_bank_test_273_f_b1
ent_bank,eval,ent_bank_dev_152_t_b0_7637,ent_bank_dev_152_t_b0,ent_bank_dev_152_t_b1
ent_bank,eval,ent_bank_train_126_t_b0_7638,ent_bank_train_126_t_b0,ent_bank_train_126_t_b1
ent_bank,eval,ent_bank_test_255_t_b0_7639,ent_bank_test_255_t_b0,ent_bank_test_255_t_b1
ent_bank,eval,ent_bank_test_97_f_b0_7640,ent_bank_test_97_f_b0,ent_bank_test_97_f_b1
ent_bank,eval,ent_bank_train_1069_f_b0_7641,ent_bank_train_1069_f_b0,ent_bank_train_1069_f_b1
ent_bank,eval,ent_bank_train_336_f_b0_7642,ent_bank_train_336_f_b0,ent_bank_train_336_f_b1
ent_bank,eval,ent_bank_test_252_t_b0_7643,ent_bank_test_252_t_b0,ent_bank_test_252_t_b1
ent_bank,eval,ent_bank_train_311_t_b0_7644,ent_bank_train_311_t_b0,ent_bank_train_311_t_b1
ent_bank,eval,ent_bank_dev_26_t_b0_7645,ent_bank_dev_26_t_b0,ent_bank_dev_26_t_b1
ent_bank,eval,ent_bank_train_110_f_b0_7646,ent_bank_train_110_f_b0,ent_bank_train_110_f_b1
ent_bank,eval,ent_bank_train_527_t_b0_7647,ent_bank_train_527_t_b0,ent_bank_train_527_t_b1
ent_bank,eval,ent_bank_train_130_t_b0_7648,ent_bank_train_130_t_b0,ent_bank_train_130_t_b1
ent_bank,eval,ent_bank_train_1229_f_b0_7649,ent_bank_train_1229_f_b0,ent_bank_train_1229_f_b1
ent_bank,eval,ent_bank_train_1234_t_b0_7650,ent_bank_train_1234_t_b0,ent_bank_train_1234_t_b1
ent_bank,eval,ent_bank_test_117_t_b0_7651,ent_bank_test_117_t_b0,ent_bank_test_117_t_b1
ent_bank,eval,ent_bank_train_1200_f_b0_7652,ent_bank_train_1200_f_b0,ent_bank_train_1200_f_b1
ent_bank,eval,ent_bank_train_883_f_b0_7653,ent_bank_train_883_f_b0,ent_bank_train_883_f_b1
ent_bank,eval,ent_bank_test_199_f_b0_7654,ent_bank_test_199_f_b0,ent_bank_test_199_f_b1
ent_bank,eval,ent_bank_train_722_f_b0_7655,ent_bank_train_722_f_b0,ent_bank_train_722_f_b1
ent_bank,eval,ent_bank_dev_16_f_b0_7656,ent_bank_dev_16_f_b0,ent_bank_dev_16_f_b1
ent_bank,eval,ent_bank_test_321_t_b0_7657,ent_bank_test_321_t_b0,ent_bank_test_321_t_b1
ent_bank,eval,ent_bank_train_618_t_b0_7658,ent_bank_train_618_t_b0,ent_bank_train_618_t_b1
ent_bank,eval,ent_bank_train_144_f_b0_7659,ent_bank_train_144_f_b0,ent_bank_train_144_f_b1
ent_bank,eval,ent_bank_test_265_t_b0_7660,ent_bank_test_265_t_b0,ent_bank_test_265_t_b1
ent_bank,eval,ent_bank_test_187_t_b0_7661,ent_bank_test_187_t_b0,ent_bank_test_187_t_b1
ent_bank,eval,ent_bank_train_37_t_b0_7662,ent_bank_train_37_t_b0,ent_bank_train_37_t_b1
ent_bank,eval,ent_bank_train_810_f_b0_7663,ent_bank_train_810_f_b0,ent_bank_train_810_f_b1
ent_bank,eval,ent_bank_train_456_f_b0_7664,ent_bank_train_456_f_b0,ent_bank_train_456_f_b1
ent_bank,eval,ent_bank_train_1025_t_b0_7665,ent_bank_train_1025_t_b0,ent_bank_train_1025_t_b1
ent_bank,eval,ent_bank_train_559_f_b0_7666,ent_bank_train_559_f_b0,ent_bank_train_559_f_b1
ent_bank,eval,ent_bank_train_1250_f_b0_7667,ent_bank_train_1250_f_b0,ent_bank_train_1250_f_b1
ent_bank,eval,ent_bank_train_697_f_b0_7668,ent_bank_train_697_f_b0,ent_bank_train_697_f_b1
ent_bank,eval,ent_bank_train_537_f_b0_7669,ent_bank_train_537_f_b0,ent_bank_train_537_f_b1
ent_bank,eval,ent_bank_train_258_f_b0_7670,ent_bank_train_258_f_b0,ent_bank_train_258_f_b1
ent_bank,eval,ent_bank_train_925_t_b0_7671,ent_bank_train_925_t_b0,ent_bank_train_925_t_b1
ent_bank,eval,ent_bank_train_1099_f_b0_7672,ent_bank_train_1099_f_b0,ent_bank_train_1099_f_b1
ent_bank,eval,ent_bank_dev_2_t_b0_7673,ent_bank_dev_2_t_b0,ent_bank_dev_2_t_b1
ent_bank,eval,ent_bank_train_525_t_b0_7674,ent_bank_train_525_t_b0,ent_bank_train_525_t_b1
ent_bank,eval,ent_bank_train_667_t_b0_7675,ent_bank_train_667_t_b0,ent_bank_train_667_t_b1
ent_bank,eval,ent_bank_train_737_t_b0_7676,ent_bank_train_737_t_b0,ent_bank_train_737_t_b1
ent_bank,eval,ent_bank_train_326_t_b0_7677,ent_bank_train_326_t_b0,ent_bank_train_326_t_b1
ent_bank,eval,ent_bank_train_649_f_b0_7678,ent_bank_train_649_f_b0,ent_bank_train_649_f_b1
ent_bank,eval,ent_bank_train_1299_t_b0_7679,ent_bank_train_1299_t_b0,ent_bank_train_1299_t_b1
ent_bank,eval,ent_bank_test_55_t_b0_7680,ent_bank_test_55_t_b0,ent_bank_test_55_t_b1
ent_bank,eval,ent_bank_train_652_t_b0_7681,ent_bank_train_652_t_b0,ent_bank_train_652_t_b1
ent_bank,eval,ent_bank_train_83_t_b0_7682,ent_bank_train_83_t_b0,ent_bank_train_83_t_b1
ent_bank,eval,ent_bank_train_1097_t_b0_7683,ent_bank_train_1097_t_b0,ent_bank_train_1097_t_b1
ent_bank,eval,ent_bank_train_682_f_b0_7684,ent_bank_train_682_f_b0,ent_bank_train_682_f_b1
ent_bank,eval,ent_bank_train_802_f_b0_7685,ent_bank_train_802_f_b0,ent_bank_train_802_f_b1
ent_bank,eval,ent_bank_train_856_t_b0_7686,ent_bank_train_856_t_b0,ent_bank_train_856_t_b1
ent_bank,eval,ent_bank_train_1037_f_b0_7687,ent_bank_train_1037_f_b0,ent_bank_train_1037_f_b1
ent_bank,eval,ent_bank_train_1056_t_b0_7688,ent_bank_train_1056_t_b0,ent_bank_train_1056_t_b1
ent_bank,eval,ent_bank_train_87_t_b0_7689,ent_bank_train_87_t_b0,ent_bank_train_87_t_b1
ent_bank,eval,ent_bank_train_476_t_b0_7690,ent_bank_train_476_t_b0,ent_bank_train_476_t_b1
ent_bank,eval,ent_bank_train_1210_f_b0_7691,ent_bank_train_1210_f_b0,ent_bank_train_1210_f_b1
ent_bank,eval,ent_bank_test_246_f_b0_7692,ent_bank_test_246_f_b0,ent_bank_test_246_f_b1
ent_bank,eval,ent_bank_train_508_f_b0_7693,ent_bank_train_508_f_b0,ent_bank_train_508_f_b1
ent_bank,eval,ent_bank_train_889_t_b0_7694,ent_bank_train_889_t_b0,ent_bank_train_889_t_b1
ent_bank,eval,ent_bank_train_909_t_b0_7695,ent_bank_train_909_t_b0,ent_bank_train_909_t_b1
ent_bank,eval,ent_bank_train_1087_t_b0_7696,ent_bank_train_1087_t_b0,ent_bank_train_1087_t_b1
ent_bank,eval,ent_bank_train_281_t_b0_7697,ent_bank_train_281_t_b0,ent_bank_train_281_t_b1
ent_bank,eval,ent_bank_train_1233_f_b0_7698,ent_bank_train_1233_f_b0,ent_bank_train_1233_f_b1
ent_bank,eval,ent_bank_train_577_t_b0_7699,ent_bank_train_577_t_b0,ent_bank_train_577_t_b1
ent_bank,eval,ent_bank_train_1301_f_b0_7700,ent_bank_train_1301_f_b0,ent_bank_train_1301_f_b1
ent_bank,eval,ent_bank_train_1047_f_b0_7701,ent_bank_train_1047_f_b0,ent_bank_train_1047_f_b1
ent_bank,eval,ent_bank_test_16_f_b0_7702,ent_bank_test_16_f_b0,ent_bank_test_16_f_b1
ent_bank,eval,ent_bank_train_1234_f_b0_7703,ent_bank_train_1234_f_b0,ent_bank_train_1234_f_b1
ent_bank,eval,ent_bank_train_1159_f_b0_7704,ent_bank_train_1159_f_b0,ent_bank_train_1159_f_b1
ent_bank,eval,ent_bank_train_607_t_b0_7705,ent_bank_train_607_t_b0,ent_bank_train_607_t_b1
ent_bank,eval,ent_bank_train_275_t_b0_7706,ent_bank_train_275_t_b0,ent_bank_train_275_t_b1
ent_bank,eval,ent_bank_train_1147_t_b0_7707,ent_bank_train_1147_t_b0,ent_bank_train_1147_t_b1
ent_bank,eval,ent_bank_train_1270_t_b0_7708,ent_bank_train_1270_t_b0,ent_bank_train_1270_t_b1
ent_bank,eval,ent_bank_test_5_f_b0_7709,ent_bank_test_5_f_b0,ent_bank_test_5_f_b1
ent_bank,eval,ent_bank_train_586_t_b0_7710,ent_bank_train_586_t_b0,ent_bank_train_586_t_b1
ent_bank,eval,ent_bank_train_344_t_b0_7711,ent_bank_train_344_t_b0,ent_bank_train_344_t_b1
ent_bank,eval,ent_bank_train_1290_t_b0_7712,ent_bank_train_1290_t_b0,ent_bank_train_1290_t_b1
ent_bank,eval,ent_bank_train_1211_f_b0_7713,ent_bank_train_1211_f_b0,ent_bank_train_1211_f_b1
ent_bank,eval,ent_bank_train_658_t_b0_7714,ent_bank_train_658_t_b0,ent_bank_train_658_t_b1
ent_bank,eval,ent_bank_dev_155_f_b0_7715,ent_bank_dev_155_f_b0,ent_bank_dev_155_f_b1
ent_bank,eval,ent_bank_train_646_f_b0_7716,ent_bank_train_646_f_b0,ent_bank_train_646_f_b1
ent_bank,eval,ent_bank_train_1089_f_b0_7717,ent_bank_train_1089_f_b0,ent_bank_train_1089_f_b1
ent_bank,eval,ent_bank_train_880_f_b0_7718,ent_bank_train_880_f_b0,ent_bank_train_880_f_b1
ent_bank,eval,ent_bank_train_211_t_b0_7719,ent_bank_train_211_t_b0,ent_bank_train_211_t_b1
ent_bank,eval,ent_bank_train_679_t_b0_7720,ent_bank_train_679_t_b0,ent_bank_train_679_t_b1
ent_bank,eval,ent_bank_train_361_t_b0_7721,ent_bank_train_361_t_b0,ent_bank_train_361_t_b1
ent_bank,eval,ent_bank_dev_107_t_b0_7722,ent_bank_dev_107_t_b0,ent_bank_dev_107_t_b1
ent_bank,eval,ent_bank_dev_28_f_b0_7723,ent_bank_dev_28_f_b0,ent_bank_dev_28_f_b1
ent_bank,eval,ent_bank_train_213_f_b0_7724,ent_bank_train_213_f_b0,ent_bank_train_213_f_b1
ent_bank,eval,ent_bank_test_14_f_b0_7725,ent_bank_test_14_f_b0,ent_bank_test_14_f_b1
ent_bank,eval,ent_bank_test_292_f_b0_7726,ent_bank_test_292_f_b0,ent_bank_test_292_f_b1
ent_bank,eval,ent_bank_train_692_f_b0_7727,ent_bank_train_692_f_b0,ent_bank_train_692_f_b1
ent_bank,eval,ent_bank_dev_62_t_b0_7728,ent_bank_dev_62_t_b0,ent_bank_dev_62_t_b1
ent_bank,eval,ent_bank_train_217_t_b0_7729,ent_bank_train_217_t_b0,ent_bank_train_217_t_b1
ent_bank,eval,ent_bank_train_112_f_b0_7730,ent_bank_train_112_f_b0,ent_bank_train_112_f_b1
ent_bank,eval,ent_bank_train_1191_t_b0_7731,ent_bank_train_1191_t_b0,ent_bank_train_1191_t_b1
ent_bank,eval,ent_bank_train_1135_t_b0_7732,ent_bank_train_1135_t_b0,ent_bank_train_1135_t_b1
ent_bank,eval,ent_bank_train_1179_t_b0_7733,ent_bank_train_1179_t_b0,ent_bank_train_1179_t_b1
ent_bank,eval,ent_bank_dev_58_t_b0_7734,ent_bank_dev_58_t_b0,ent_bank_dev_58_t_b1
ent_bank,eval,ent_bank_train_19_t_b0_7735,ent_bank_train_19_t_b0,ent_bank_train_19_t_b1
ent_bank,eval,ent_bank_train_488_t_b0_7736,ent_bank_train_488_t_b0,ent_bank_train_488_t_b1
ent_bank,eval,ent_bank_test_216_f_b0_7737,ent_bank_test_216_f_b0,ent_bank_test_216_f_b1
ent_bank,eval,ent_bank_train_1128_f_b0_7738,ent_bank_train_1128_f_b0,ent_bank_train_1128_f_b1
ent_bank,eval,ent_bank_train_897_f_b0_7739,ent_bank_train_897_f_b0,ent_bank_train_897_f_b1
ent_bank,eval,ent_bank_train_1101_t_b0_7740,ent_bank_train_1101_t_b0,ent_bank_train_1101_t_b1
ent_bank,eval,ent_bank_test_259_t_b0_7741,ent_bank_test_259_t_b0,ent_bank_test_259_t_b1
ent_bank,eval,ent_bank_train_1241_f_b0_7742,ent_bank_train_1241_f_b0,ent_bank_train_1241_f_b1
ent_bank,eval,ent_bank_test_276_t_b0_7743,ent_bank_test_276_t_b0,ent_bank_test_276_t_b1
ent_bank,eval,ent_bank_train_875_t_b0_7744,ent_bank_train_875_t_b0,ent_bank_train_875_t_b1
ent_bank,eval,ent_bank_train_248_f_b0_7745,ent_bank_train_248_f_b0,ent_bank_train_248_f_b1
ent_bank,eval,ent_bank_train_940_t_b0_7746,ent_bank_train_940_t_b0,ent_bank_train_940_t_b1
ent_bank,eval,ent_bank_train_343_f_b0_7747,ent_bank_train_343_f_b0,ent_bank_train_343_f_b1
ent_bank,eval,ent_bank_test_327_f_b0_7748,ent_bank_test_327_f_b0,ent_bank_test_327_f_b1
ent_bank,eval,ent_bank_train_896_t_b0_7749,ent_bank_train_896_t_b0,ent_bank_train_896_t_b1
ent_bank,eval,ent_bank_train_38_t_b0_7750,ent_bank_train_38_t_b0,ent_bank_train_38_t_b1
ent_bank,eval,ent_bank_train_1264_f_b0_7751,ent_bank_train_1264_f_b0,ent_bank_train_1264_f_b1
ent_bank,eval,ent_bank_train_95_f_b0_7752,ent_bank_train_95_f_b0,ent_bank_train_95_f_b1
ent_bank,eval,ent_bank_test_335_f_b0_7753,ent_bank_test_335_f_b0,ent_bank_test_335_f_b1
ent_bank,eval,ent_bank_train_1002_t_b0_7754,ent_bank_train_1002_t_b0,ent_bank_train_1002_t_b1
ent_bank,eval,ent_bank_train_667_f_b0_7755,ent_bank_train_667_f_b0,ent_bank_train_667_f_b1
ent_bank,eval,ent_bank_train_92_t_b0_7756,ent_bank_train_92_t_b0,ent_bank_train_92_t_b1
ent_bank,eval,ent_bank_train_829_f_b0_7757,ent_bank_train_829_f_b0,ent_bank_train_829_f_b1
ent_bank,eval,ent_bank_train_89_f_b0_7758,ent_bank_train_89_f_b0,ent_bank_train_89_f_b1
ent_bank,eval,ent_bank_train_195_t_b0_7759,ent_bank_train_195_t_b0,ent_bank_train_195_t_b1
ent_bank,eval,ent_bank_train_148_f_b0_7760,ent_bank_train_148_f_b0,ent_bank_train_148_f_b1
ent_bank,eval,ent_bank_test_44_t_b0_7761,ent_bank_test_44_t_b0,ent_bank_test_44_t_b1
ent_bank,eval,ent_bank_test_103_t_b0_7762,ent_bank_test_103_t_b0,ent_bank_test_103_t_b1
ent_bank,eval,ent_bank_train_1046_f_b0_7763,ent_bank_train_1046_f_b0,ent_bank_train_1046_f_b1
ent_bank,eval,ent_bank_train_977_f_b0_7764,ent_bank_train_977_f_b0,ent_bank_train_977_f_b1
ent_bank,eval,ent_bank_train_220_t_b0_7765,ent_bank_train_220_t_b0,ent_bank_train_220_t_b1
ent_bank,eval,ent_bank_train_1310_t_b0_7766,ent_bank_train_1310_t_b0,ent_bank_train_1310_t_b1
ent_bank,eval,ent_bank_train_420_f_b0_7767,ent_bank_train_420_f_b0,ent_bank_train_420_f_b1
ent_bank,eval,ent_bank_train_1109_f_b0_7768,ent_bank_train_1109_f_b0,ent_bank_train_1109_f_b1
ent_bank,eval,ent_bank_train_399_f_b0_7769,ent_bank_train_399_f_b0,ent_bank_train_399_f_b1
ent_bank,eval,ent_bank_train_83_f_b0_7770,ent_bank_train_83_f_b0,ent_bank_train_83_f_b1
ent_bank,eval,ent_bank_test_267_t_b0_7771,ent_bank_test_267_t_b0,ent_bank_test_267_t_b1
ent_bank,eval,ent_bank_train_1307_t_b0_7772,ent_bank_train_1307_t_b0,ent_bank_train_1307_t_b1
ent_bank,eval,ent_bank_test_94_f_b0_7773,ent_bank_test_94_f_b0,ent_bank_test_94_f_b1
ent_bank,eval,ent_bank_dev_93_f_b0_7774,ent_bank_dev_93_f_b0,ent_bank_dev_93_f_b1
ent_bank,eval,ent_bank_train_1000_f_b0_7775,ent_bank_train_1000_f_b0,ent_bank_train_1000_f_b1
ent_bank,eval,ent_bank_test_24_f_b0_7776,ent_bank_test_24_f_b0,ent_bank_test_24_f_b1
ent_bank,eval,ent_bank_test_92_f_b0_7777,ent_bank_test_92_f_b0,ent_bank_test_92_f_b1
ent_bank,eval,ent_bank_test_43_f_b0_7778,ent_bank_test_43_f_b0,ent_bank_test_43_f_b1
ent_bank,eval,ent_bank_train_541_t_b0_7779,ent_bank_train_541_t_b0,ent_bank_train_541_t_b1
ent_bank,eval,ent_bank_train_1000_t_b0_7780,ent_bank_train_1000_t_b0,ent_bank_train_1000_t_b1
ent_bank,eval,ent_bank_test_157_t_b0_7781,ent_bank_test_157_t_b0,ent_bank_test_157_t_b1
ent_bank,eval,ent_bank_train_439_f_b0_7782,ent_bank_train_439_f_b0,ent_bank_train_439_f_b1
ent_bank,eval,ent_bank_train_919_t_b0_7783,ent_bank_train_919_t_b0,ent_bank_train_919_t_b1
ent_bank,eval,ent_bank_train_729_f_b0_7784,ent_bank_train_729_f_b0,ent_bank_train_729_f_b1
ent_bank,eval,ent_bank_train_1006_t_b0_7785,ent_bank_train_1006_t_b0,ent_bank_train_1006_t_b1
ent_bank,eval,ent_bank_train_1168_t_b0_7786,ent_bank_train_1168_t_b0,ent_bank_train_1168_t_b1
ent_bank,eval,ent_bank_train_894_t_b0_7787,ent_bank_train_894_t_b0,ent_bank_train_894_t_b1
ent_bank,eval,ent_bank_dev_80_f_b0_7788,ent_bank_dev_80_f_b0,ent_bank_dev_80_f_b1
ent_bank,eval,ent_bank_train_131_f_b0_7789,ent_bank_train_131_f_b0,ent_bank_train_131_f_b1
ent_bank,eval,ent_bank_train_178_f_b0_7790,ent_bank_train_178_f_b0,ent_bank_train_178_f_b1
ent_bank,eval,ent_bank_train_1215_f_b0_7791,ent_bank_train_1215_f_b0,ent_bank_train_1215_f_b1
ent_bank,eval,ent_bank_train_1040_t_b0_7792,ent_bank_train_1040_t_b0,ent_bank_train_1040_t_b1
ent_bank,eval,ent_bank_test_237_f_b0_7793,ent_bank_test_237_f_b0,ent_bank_test_237_f_b1
ent_bank,eval,ent_bank_train_1297_t_b0_7794,ent_bank_train_1297_t_b0,ent_bank_train_1297_t_b1
ent_bank,eval,ent_bank_train_168_t_b0_7795,ent_bank_train_168_t_b0,ent_bank_train_168_t_b1
ent_bank,eval,ent_bank_train_1109_t_b0_7796,ent_bank_train_1109_t_b0,ent_bank_train_1109_t_b1
ent_bank,eval,ent_bank_test_37_f_b0_7797,ent_bank_test_37_f_b0,ent_bank_test_37_f_b1
ent_bank,eval,ent_bank_train_542_t_b0_7798,ent_bank_train_542_t_b0,ent_bank_train_542_t_b1
ent_bank,eval,ent_bank_test_149_f_b0_7799,ent_bank_test_149_f_b0,ent_bank_test_149_f_b1
ent_bank,eval,ent_bank_train_755_t_b0_7800,ent_bank_train_755_t_b0,ent_bank_train_755_t_b1
ent_bank,eval,ent_bank_test_22_f_b0_7801,ent_bank_test_22_f_b0,ent_bank_test_22_f_b1
ent_bank,eval,ent_bank_train_599_t_b0_7802,ent_bank_train_599_t_b0,ent_bank_train_599_t_b1
ent_bank,eval,ent_bank_train_706_t_b0_7803,ent_bank_train_706_t_b0,ent_bank_train_706_t_b1
ent_bank,eval,ent_bank_train_322_t_b0_7804,ent_bank_train_322_t_b0,ent_bank_train_322_t_b1
ent_bank,eval,ent_bank_train_839_t_b0_7805,ent_bank_train_839_t_b0,ent_bank_train_839_t_b1
ent_bank,eval,ent_bank_train_1008_t_b0_7806,ent_bank_train_1008_t_b0,ent_bank_train_1008_t_b1
ent_bank,eval,ent_bank_train_43_f_b0_7807,ent_bank_train_43_f_b0,ent_bank_train_43_f_b1
ent_bank,eval,ent_bank_train_539_f_b0_7808,ent_bank_train_539_f_b0,ent_bank_train_539_f_b1
ent_bank,eval,ent_bank_dev_31_t_b0_7809,ent_bank_dev_31_t_b0,ent_bank_dev_31_t_b1
ent_bank,eval,ent_bank_test_299_f_b0_7810,ent_bank_test_299_f_b0,ent_bank_test_299_f_b1
ent_bank,eval,ent_bank_test_274_t_b0_7811,ent_bank_test_274_t_b0,ent_bank_test_274_t_b1
ent_bank,eval,ent_bank_train_961_f_b0_7812,ent_bank_train_961_f_b0,ent_bank_train_961_f_b1
ent_bank,eval,ent_bank_train_1269_f_b0_7813,ent_bank_train_1269_f_b0,ent_bank_train_1269_f_b1
ent_bank,eval,ent_bank_dev_35_f_b0_7814,ent_bank_dev_35_f_b0,ent_bank_dev_35_f_b1
ent_bank,eval,ent_bank_train_1020_f_b0_7815,ent_bank_train_1020_f_b0,ent_bank_train_1020_f_b1
ent_bank,eval,ent_bank_train_861_f_b0_7816,ent_bank_train_861_f_b0,ent_bank_train_861_f_b1
ent_bank,eval,ent_bank_test_288_f_b0_7817,ent_bank_test_288_f_b0,ent_bank_test_288_f_b1
ent_bank,eval,ent_bank_train_1117_t_b0_7818,ent_bank_train_1117_t_b0,ent_bank_train_1117_t_b1
ent_bank,eval,ent_bank_test_99_t_b0_7819,ent_bank_test_99_t_b0,ent_bank_test_99_t_b1
ent_bank,eval,ent_bank_test_113_f_b0_7820,ent_bank_test_113_f_b0,ent_bank_test_113_f_b1
ent_bank,eval,ent_bank_train_876_f_b0_7821,ent_bank_train_876_f_b0,ent_bank_train_876_f_b1
ent_bank,eval,ent_bank_train_198_t_b0_7822,ent_bank_train_198_t_b0,ent_bank_train_198_t_b1
ent_bank,eval,ent_bank_train_795_t_b0_7823,ent_bank_train_795_t_b0,ent_bank_train_795_t_b1
ent_bank,eval,ent_bank_train_834_f_b0_7824,ent_bank_train_834_f_b0,ent_bank_train_834_f_b1
ent_bank,eval,ent_bank_test_64_f_b0_7825,ent_bank_test_64_f_b0,ent_bank_test_64_f_b1
ent_bank,eval,ent_bank_test_114_f_b0_7826,ent_bank_test_114_f_b0,ent_bank_test_114_f_b1
ent_bank,eval,ent_bank_train_43_t_b0_7827,ent_bank_train_43_t_b0,ent_bank_train_43_t_b1
ent_bank,eval,ent_bank_dev_182_f_b0_7828,ent_bank_dev_182_f_b0,ent_bank_dev_182_f_b1
ent_bank,eval,ent_bank_train_264_f_b0_7829,ent_bank_train_264_f_b0,ent_bank_train_264_f_b1
ent_bank,eval,ent_bank_train_1045_f_b0_7830,ent_bank_train_1045_f_b0,ent_bank_train_1045_f_b1
ent_bank,eval,ent_bank_test_275_f_b0_7831,ent_bank_test_275_f_b0,ent_bank_test_275_f_b1
ent_bank,eval,ent_bank_train_646_t_b0_7832,ent_bank_train_646_t_b0,ent_bank_train_646_t_b1
ent_bank,eval,ent_bank_train_512_t_b0_7833,ent_bank_train_512_t_b0,ent_bank_train_512_t_b1
ent_bank,eval,ent_bank_train_429_f_b0_7834,ent_bank_train_429_f_b0,ent_bank_train_429_f_b1
ent_bank,eval,ent_bank_train_139_f_b0_7835,ent_bank_train_139_f_b0,ent_bank_train_139_f_b1
ent_bank,eval,ent_bank_train_111_f_b0_7836,ent_bank_train_111_f_b0,ent_bank_train_111_f_b1
ent_bank,eval,ent_bank_train_226_t_b0_7837,ent_bank_train_226_t_b0,ent_bank_train_226_t_b1
ent_bank,eval,ent_bank_train_428_t_b0_7838,ent_bank_train_428_t_b0,ent_bank_train_428_t_b1
ent_bank,eval,ent_bank_train_611_t_b0_7839,ent_bank_train_611_t_b0,ent_bank_train_611_t_b1
ent_bank,eval,ent_bank_dev_72_f_b0_7840,ent_bank_dev_72_f_b0,ent_bank_dev_72_f_b1
ent_bank,eval,ent_bank_train_67_f_b0_7841,ent_bank_train_67_f_b0,ent_bank_train_67_f_b1
ent_bank,eval,ent_bank_train_1031_t_b0_7842,ent_bank_train_1031_t_b0,ent_bank_train_1031_t_b1
ent_bank,eval,ent_bank_dev_114_f_b0_7843,ent_bank_dev_114_f_b0,ent_bank_dev_114_f_b1
ent_bank,eval,ent_bank_train_80_f_b0_7844,ent_bank_train_80_f_b0,ent_bank_train_80_f_b1
ent_bank,eval,ent_bank_train_440_f_b0_7845,ent_bank_train_440_f_b0,ent_bank_train_440_f_b1
ent_bank,eval,ent_bank_train_611_f_b0_7846,ent_bank_train_611_f_b0,ent_bank_train_611_f_b1
ent_bank,eval,ent_bank_train_645_t_b0_7847,ent_bank_train_645_t_b0,ent_bank_train_645_t_b1
ent_bank,eval,ent_bank_test_192_f_b0_7848,ent_bank_test_192_f_b0,ent_bank_test_192_f_b1
ent_bank,eval,ent_bank_train_1034_t_b0_7849,ent_bank_train_1034_t_b0,ent_bank_train_1034_t_b1
ent_bank,eval,ent_bank_train_251_f_b0_7850,ent_bank_train_251_f_b0,ent_bank_train_251_f_b1
ent_bank,eval,ent_bank_train_506_f_b0_7851,ent_bank_train_506_f_b0,ent_bank_train_506_f_b1
ent_bank,eval,ent_bank_train_706_f_b0_7852,ent_bank_train_706_f_b0,ent_bank_train_706_f_b1
ent_bank,eval,ent_bank_train_502_t_b0_7853,ent_bank_train_502_t_b0,ent_bank_train_502_t_b1
snli,train,snli_13670_b0_5854,snli_13670_b0,snli_13670_b1
snli,train,snli_94168_b0_5855,snli_94168_b0,snli_94168_b1
snli,train,snli_459686_b0_5856,snli_459686_b0,snli_459686_b1
snli,train,snli_68916_b0_5857,snli_68916_b0,snli_68916_b1
snli,train,snli_466810_b0_5858,snli_466810_b0,snli_466810_b1
snli,train,snli_346535_b0_5859,snli_346535_b0,snli_346535_b1
snli,train,snli_436037_b0_5860,snli_436037_b0,snli_436037_b1
snli,train,snli_257502_b0_5861,snli_257502_b0,snli_257502_b1
snli,train,snli_313397_b0_5862,snli_313397_b0,snli_313397_b1
snli,train,snli_236427_b0_5863,snli_236427_b0,snli_236427_b1
snli,train,snli_129590_b0_5864,snli_129590_b0,snli_129590_b1
snli,train,snli_172651_b0_5865,snli_172651_b0,snli_172651_b1
snli,train,snli_61711_b0_5866,snli_61711_b0,snli_61711_b1
snli,train,snli_517950_b0_5867,snli_517950_b0,snli_517950_b1
snli,train,snli_127482_b0_5868,snli_127482_b0,snli_127482_b1
snli,train,snli_515196_b0_5869,snli_515196_b0,snli_515196_b1
snli,train,snli_407442_b0_5870,snli_407442_b0,snli_407442_b1
snli,train,snli_25922_b0_5871,snli_25922_b0,snli_25922_b1
snli,train,snli_306282_b0_5872,snli_306282_b0,snli_306282_b1
snli,train,snli_139602_b0_5873,snli_139602_b0,snli_139602_b1
snli,train,snli_158494_b0_5874,snli_158494_b0,snli_158494_b1
snli,train,snli_470720_b0_5875,snli_470720_b0,snli_470720_b1
snli,train,snli_257749_b0_5876,snli_257749_b0,snli_257749_b1
snli,train,snli_309292_b0_5877,snli_309292_b0,snli_309292_b1
snli,train,snli_13655_b0_5878,snli_13655_b0,snli_13655_b1
snli,train,snli_402741_b0_5879,snli_402741_b0,snli_402741_b1
snli,train,snli_174390_b0_5880,snli_174390_b0,snli_174390_b1
snli,train,snli_20805_b0_5881,snli_20805_b0,snli_20805_b1
snli,train,snli_462016_b0_5882,snli_462016_b0,snli_462016_b1
snli,train,snli_276732_b0_5883,snli_276732_b0,snli_276732_b1
snli,train,snli_365468_b0_5884,snli_365468_b0,snli_365468_b1
snli,train,snli_213139_b0_5885,snli_213139_b0,snli_213139_b1
snli,train,snli_304893_b0_5886,snli_304893_b0,snli_304893_b1
snli,train,snli_362013_b0_5887,snli_362013_b0,snli_362013_b1
snli,train,snli_29488_b0_5888,snli_29488_b0,snli_29488_b1
snli,train,snli_94360_b0_5889,snli_94360_b0,snli_94360_b1
snli,train,snli_181977_b0_5890,snli_181977_b0,snli_181977_b1
snli,train,snli_501873_b0_5891,snli_501873_b0,snli_501873_b1
snli,train,snli_81107_b0_5892,snli_81107_b0,snli_81107_b1
snli,train,snli_244515_b0_5893,snli_244515_b0,snli_244515_b1
snli,train,snli_135164_b0_5894,snli_135164_b0,snli_135164_b1
snli,train,snli_300647_b0_5895,snli_300647_b0,snli_300647_b1
snli,train,snli_462246_b0_5896,snli_462246_b0,snli_462246_b1
snli,train,snli_487330_b0_5897,snli_487330_b0,snli_487330_b1
snli,train,snli_115697_b0_5898,snli_115697_b0,snli_115697_b1
snli,train,snli_55146_b0_5899,snli_55146_b0,snli_55146_b1
snli,train,snli_264295_b0_5900,snli_264295_b0,snli_264295_b1
snli,train,snli_103127_b0_5901,snli_103127_b0,snli_103127_b1
snli,train,snli_89982_b0_5902,snli_89982_b0,snli_89982_b1
snli,train,snli_175335_b0_5903,snli_175335_b0,snli_175335_b1
snli,train,snli_335693_b0_5904,snli_335693_b0,snli_335693_b1
snli,train,snli_422544_b0_5905,snli_422544_b0,snli_422544_b1
snli,train,snli_442392_b0_5906,snli_442392_b0,snli_442392_b1
snli,train,snli_298325_b0_5907,snli_298325_b0,snli_298325_b1
snli,train,snli_3735_b0_5908,snli_3735_b0,snli_3735_b1
snli,train,snli_498748_b0_5909,snli_498748_b0,snli_498748_b1
snli,train,snli_490445_b0_5910,snli_490445_b0,snli_490445_b1
snli,train,snli_514512_b0_5911,snli_514512_b0,snli_514512_b1
snli,train,snli_88777_b0_5912,snli_88777_b0,snli_88777_b1
snli,train,snli_260069_b0_5913,snli_260069_b0,snli_260069_b1
snli,train,snli_341298_b0_5914,snli_341298_b0,snli_341298_b1
snli,train,snli_270844_b0_5915,snli_270844_b0,snli_270844_b1
snli,train,snli_217908_b0_5916,snli_217908_b0,snli_217908_b1
snli,train,snli_469344_b0_5917,snli_469344_b0,snli_469344_b1
snli,train,snli_362469_b0_5918,snli_362469_b0,snli_362469_b1
snli,train,snli_124958_b0_5919,snli_124958_b0,snli_124958_b1
snli,train,snli_308738_b0_5920,snli_308738_b0,snli_308738_b1
snli,train,snli_314630_b0_5921,snli_314630_b0,snli_314630_b1
snli,train,snli_367802_b0_5922,snli_367802_b0,snli_367802_b1
snli,train,snli_50431_b0_5923,snli_50431_b0,snli_50431_b1
snli,train,snli_531609_b0_5924,snli_531609_b0,snli_531609_b1
snli,train,snli_441577_b0_5925,snli_441577_b0,snli_441577_b1
snli,train,snli_23088_b0_5926,snli_23088_b0,snli_23088_b1
snli,train,snli_521490_b0_5927,snli_521490_b0,snli_521490_b1
snli,train,snli_14178_b0_5928,snli_14178_b0,snli_14178_b1
snli,train,snli_356517_b0_5929,snli_356517_b0,snli_356517_b1
snli,train,snli_524513_b0_5930,snli_524513_b0,snli_524513_b1
snli,train,snli_144085_b0_5931,snli_144085_b0,snli_144085_b1
snli,train,snli_300883_b0_5932,snli_300883_b0,snli_300883_b1
snli,train,snli_91103_b0_5933,snli_91103_b0,snli_91103_b1
snli,train,snli_476792_b0_5934,snli_476792_b0,snli_476792_b1
snli,train,snli_272917_b0_5935,snli_272917_b0,snli_272917_b1
snli,train,snli_104410_b0_5936,snli_104410_b0,snli_104410_b1
snli,train,snli_81844_b0_5937,snli_81844_b0,snli_81844_b1
snli,train,snli_12440_b0_5938,snli_12440_b0,snli_12440_b1
snli,train,snli_29152_b0_5939,snli_29152_b0,snli_29152_b1
snli,train,snli_260071_b0_5940,snli_260071_b0,snli_260071_b1
snli,train,snli_213758_b0_5941,snli_213758_b0,snli_213758_b1
snli,train,snli_545321_b0_5942,snli_545321_b0,snli_545321_b1
snli,train,snli_397687_b0_5943,snli_397687_b0,snli_397687_b1
snli,train,snli_201940_b0_5944,snli_201940_b0,snli_201940_b1
snli,train,snli_365757_b0_5945,snli_365757_b0,snli_365757_b1
snli,train,snli_69556_b0_5946,snli_69556_b0,snli_69556_b1
snli,train,snli_40575_b0_5947,snli_40575_b0,snli_40575_b1
snli,train,snli_347387_b0_5948,snli_347387_b0,snli_347387_b1
snli,train,snli_75953_b0_5949,snli_75953_b0,snli_75953_b1
snli,train,snli_500284_b0_5950,snli_500284_b0,snli_500284_b1
snli,train,snli_417594_b0_5951,snli_417594_b0,snli_417594_b1
snli,train,snli_196668_b0_5952,snli_196668_b0,snli_196668_b1
snli,train,snli_235989_b0_5953,snli_235989_b0,snli_235989_b1
snli,train,snli_478724_b0_5954,snli_478724_b0,snli_478724_b1
snli,train,snli_462866_b0_5955,snli_462866_b0,snli_462866_b1
snli,train,snli_294141_b0_5956,snli_294141_b0,snli_294141_b1
snli,train,snli_126775_b0_5957,snli_126775_b0,snli_126775_b1
snli,train,snli_97177_b0_5958,snli_97177_b0,snli_97177_b1
snli,train,snli_131440_b0_5959,snli_131440_b0,snli_131440_b1
snli,train,snli_74462_b0_5960,snli_74462_b0,snli_74462_b1
snli,train,snli_200450_b0_5961,snli_200450_b0,snli_200450_b1
snli,train,snli_136251_b0_5962,snli_136251_b0,snli_136251_b1
snli,train,snli_89090_b0_5963,snli_89090_b0,snli_89090_b1
snli,train,snli_102186_b0_5964,snli_102186_b0,snli_102186_b1
snli,train,snli_464447_b0_5965,snli_464447_b0,snli_464447_b1
snli,train,snli_145797_b0_5966,snli_145797_b0,snli_145797_b1
snli,train,snli_7468_b0_5967,snli_7468_b0,snli_7468_b1
snli,train,snli_117640_b0_5968,snli_117640_b0,snli_117640_b1
snli,train,snli_263951_b0_5969,snli_263951_b0,snli_263951_b1
snli,train,snli_32380_b0_5970,snli_32380_b0,snli_32380_b1
snli,train,snli_122078_b0_5971,snli_122078_b0,snli_122078_b1
snli,train,snli_397662_b0_5972,snli_397662_b0,snli_397662_b1
snli,train,snli_162747_b0_5973,snli_162747_b0,snli_162747_b1
snli,train,snli_79010_b0_5974,snli_79010_b0,snli_79010_b1
snli,train,snli_528615_b0_5975,snli_528615_b0,snli_528615_b1
snli,train,snli_105475_b0_5976,snli_105475_b0,snli_105475_b1
snli,train,snli_366663_b0_5977,snli_366663_b0,snli_366663_b1
snli,train,snli_476483_b0_5978,snli_476483_b0,snli_476483_b1
snli,train,snli_293935_b0_5979,snli_293935_b0,snli_293935_b1
snli,train,snli_102205_b0_5980,snli_102205_b0,snli_102205_b1
snli,train,snli_187243_b0_5981,snli_187243_b0,snli_187243_b1
snli,train,snli_449372_b0_5982,snli_449372_b0,snli_449372_b1
snli,train,snli_94277_b0_5983,snli_94277_b0,snli_94277_b1
snli,train,snli_71143_b0_5984,snli_71143_b0,snli_71143_b1
snli,train,snli_497788_b0_5985,snli_497788_b0,snli_497788_b1
snli,train,snli_193666_b0_5986,snli_193666_b0,snli_193666_b1
snli,train,snli_474545_b0_5987,snli_474545_b0,snli_474545_b1
snli,train,snli_84975_b0_5988,snli_84975_b0,snli_84975_b1
snli,train,snli_341006_b0_5989,snli_341006_b0,snli_341006_b1
snli,train,snli_266918_b0_5990,snli_266918_b0,snli_266918_b1
snli,train,snli_58883_b0_5991,snli_58883_b0,snli_58883_b1
snli,train,snli_246324_b0_5992,snli_246324_b0,snli_246324_b1
snli,train,snli_276925_b0_5993,snli_276925_b0,snli_276925_b1
snli,train,snli_449189_b0_5994,snli_449189_b0,snli_449189_b1
snli,train,snli_423867_b0_5995,snli_423867_b0,snli_423867_b1
snli,train,snli_339989_b0_5996,snli_339989_b0,snli_339989_b1
snli,train,snli_503218_b0_5997,snli_503218_b0,snli_503218_b1
snli,train,snli_338804_b0_5998,snli_338804_b0,snli_338804_b1
snli,train,snli_387902_b0_5999,snli_387902_b0,snli_387902_b1
snli,train,snli_184017_b0_6000,snli_184017_b0,snli_184017_b1
snli,train,snli_144446_b0_6001,snli_144446_b0,snli_144446_b1
snli,train,snli_179552_b0_6002,snli_179552_b0,snli_179552_b1
snli,train,snli_474552_b0_6003,snli_474552_b0,snli_474552_b1
snli,train,snli_375445_b0_6004,snli_375445_b0,snli_375445_b1
snli,train,snli_380734_b0_6005,snli_380734_b0,snli_380734_b1
snli,train,snli_364352_b0_6006,snli_364352_b0,snli_364352_b1
snli,train,snli_505378_b0_6007,snli_505378_b0,snli_505378_b1
snli,train,snli_538005_b0_6008,snli_538005_b0,snli_538005_b1
snli,train,snli_254165_b0_6009,snli_254165_b0,snli_254165_b1
snli,train,snli_141890_b0_6010,snli_141890_b0,snli_141890_b1
snli,train,snli_535867_b0_6011,snli_535867_b0,snli_535867_b1
snli,train,snli_383129_b0_6012,snli_383129_b0,snli_383129_b1
snli,train,snli_519111_b0_6013,snli_519111_b0,snli_519111_b1
snli,train,snli_87853_b0_6014,snli_87853_b0,snli_87853_b1
snli,train,snli_544270_b0_6015,snli_544270_b0,snli_544270_b1
snli,train,snli_178646_b0_6016,snli_178646_b0,snli_178646_b1
snli,train,snli_241232_b0_6017,snli_241232_b0,snli_241232_b1
snli,train,snli_467850_b0_6018,snli_467850_b0,snli_467850_b1
snli,train,snli_416304_b0_6019,snli_416304_b0,snli_416304_b1
snli,train,snli_354097_b0_6020,snli_354097_b0,snli_354097_b1
snli,train,snli_427190_b0_6021,snli_427190_b0,snli_427190_b1
snli,train,snli_517889_b0_6022,snli_517889_b0,snli_517889_b1
snli,train,snli_479288_b0_6023,snli_479288_b0,snli_479288_b1
snli,train,snli_409858_b0_6024,snli_409858_b0,snli_409858_b1
snli,train,snli_14518_b0_6025,snli_14518_b0,snli_14518_b1
snli,train,snli_91016_b0_6026,snli_91016_b0,snli_91016_b1
snli,train,snli_470101_b0_6027,snli_470101_b0,snli_470101_b1
snli,train,snli_311083_b0_6028,snli_311083_b0,snli_311083_b1
snli,train,snli_386126_b0_6029,snli_386126_b0,snli_386126_b1
snli,train,snli_71168_b0_6030,snli_71168_b0,snli_71168_b1
snli,train,snli_165614_b0_6031,snli_165614_b0,snli_165614_b1
snli,train,snli_147074_b0_6032,snli_147074_b0,snli_147074_b1
snli,train,snli_168328_b0_6033,snli_168328_b0,snli_168328_b1
snli,train,snli_493485_b0_6034,snli_493485_b0,snli_493485_b1
snli,train,snli_319320_b0_6035,snli_319320_b0,snli_319320_b1
snli,train,snli_304496_b0_6036,snli_304496_b0,snli_304496_b1
snli,train,snli_303203_b0_6037,snli_303203_b0,snli_303203_b1
snli,train,snli_4797_b0_6038,snli_4797_b0,snli_4797_b1
snli,train,snli_314832_b0_6039,snli_314832_b0,snli_314832_b1
snli,train,snli_23677_b0_6040,snli_23677_b0,snli_23677_b1
snli,train,snli_291365_b0_6041,snli_291365_b0,snli_291365_b1
snli,train,snli_274616_b0_6042,snli_274616_b0,snli_274616_b1
snli,train,snli_145726_b0_6043,snli_145726_b0,snli_145726_b1
snli,train,snli_493279_b0_6044,snli_493279_b0,snli_493279_b1
snli,train,snli_340782_b0_6045,snli_340782_b0,snli_340782_b1
snli,train,snli_41947_b0_6046,snli_41947_b0,snli_41947_b1
snli,train,snli_15966_b0_6047,snli_15966_b0,snli_15966_b1
snli,train,snli_387319_b0_6048,snli_387319_b0,snli_387319_b1
snli,train,snli_313107_b0_6049,snli_313107_b0,snli_313107_b1
snli,train,snli_391555_b0_6050,snli_391555_b0,snli_391555_b1
snli,train,snli_365578_b0_6051,snli_365578_b0,snli_365578_b1
snli,train,snli_93451_b0_6052,snli_93451_b0,snli_93451_b1
snli,train,snli_205816_b0_6053,snli_205816_b0,snli_205816_b1
snli,train,snli_1375_b0_6054,snli_1375_b0,snli_1375_b1
snli,train,snli_163520_b0_6055,snli_163520_b0,snli_163520_b1
snli,train,snli_341822_b0_6056,snli_341822_b0,snli_341822_b1
snli,train,snli_377731_b0_6057,snli_377731_b0,snli_377731_b1
snli,train,snli_186810_b0_6058,snli_186810_b0,snli_186810_b1
snli,train,snli_58648_b0_6059,snli_58648_b0,snli_58648_b1
snli,train,snli_501221_b0_6060,snli_501221_b0,snli_501221_b1
snli,train,snli_457212_b0_6061,snli_457212_b0,snli_457212_b1
snli,train,snli_298826_b0_6062,snli_298826_b0,snli_298826_b1
snli,train,snli_12200_b0_6063,snli_12200_b0,snli_12200_b1
snli,train,snli_267447_b0_6064,snli_267447_b0,snli_267447_b1
snli,train,snli_398159_b0_6065,snli_398159_b0,snli_398159_b1
snli,train,snli_310732_b0_6066,snli_310732_b0,snli_310732_b1
snli,train,snli_264838_b0_6067,snli_264838_b0,snli_264838_b1
snli,train,snli_257037_b0_6068,snli_257037_b0,snli_257037_b1
snli,train,snli_350263_b0_6069,snli_350263_b0,snli_350263_b1
snli,train,snli_511026_b0_6070,snli_511026_b0,snli_511026_b1
snli,train,snli_301603_b0_6071,snli_301603_b0,snli_301603_b1
snli,train,snli_44433_b0_6072,snli_44433_b0,snli_44433_b1
snli,train,snli_400048_b0_6073,snli_400048_b0,snli_400048_b1
snli,train,snli_344217_b0_6074,snli_344217_b0,snli_344217_b1
snli,train,snli_337415_b0_6075,snli_337415_b0,snli_337415_b1
snli,train,snli_85619_b0_6076,snli_85619_b0,snli_85619_b1
snli,train,snli_163066_b0_6077,snli_163066_b0,snli_163066_b1
snli,train,snli_334893_b0_6078,snli_334893_b0,snli_334893_b1
snli,train,snli_177063_b0_6079,snli_177063_b0,snli_177063_b1
snli,train,snli_252225_b0_6080,snli_252225_b0,snli_252225_b1
snli,train,snli_132301_b0_6081,snli_132301_b0,snli_132301_b1
snli,train,snli_147764_b0_6082,snli_147764_b0,snli_147764_b1
snli,train,snli_499826_b0_6083,snli_499826_b0,snli_499826_b1
snli,train,snli_136831_b0_6084,snli_136831_b0,snli_136831_b1
snli,train,snli_166558_b0_6085,snli_166558_b0,snli_166558_b1
snli,train,snli_56967_b0_6086,snli_56967_b0,snli_56967_b1
snli,train,snli_162027_b0_6087,snli_162027_b0,snli_162027_b1
snli,train,snli_338061_b0_6088,snli_338061_b0,snli_338061_b1
snli,train,snli_474377_b0_6089,snli_474377_b0,snli_474377_b1
snli,train,snli_98089_b0_6090,snli_98089_b0,snli_98089_b1
snli,train,snli_297116_b0_6091,snli_297116_b0,snli_297116_b1
snli,train,snli_41903_b0_6092,snli_41903_b0,snli_41903_b1
snli,train,snli_271715_b0_6093,snli_271715_b0,snli_271715_b1
snli,train,snli_199817_b0_6094,snli_199817_b0,snli_199817_b1
snli,train,snli_342435_b0_6095,snli_342435_b0,snli_342435_b1
snli,train,snli_506670_b0_6096,snli_506670_b0,snli_506670_b1
snli,train,snli_355284_b0_6097,snli_355284_b0,snli_355284_b1
snli,train,snli_403980_b0_6098,snli_403980_b0,snli_403980_b1
snli,train,snli_193939_b0_6099,snli_193939_b0,snli_193939_b1
snli,train,snli_406178_b0_6100,snli_406178_b0,snli_406178_b1
snli,train,snli_321011_b0_6101,snli_321011_b0,snli_321011_b1
snli,train,snli_347522_b0_6102,snli_347522_b0,snli_347522_b1
snli,train,snli_274373_b0_6103,snli_274373_b0,snli_274373_b1
snli,train,snli_204244_b0_6104,snli_204244_b0,snli_204244_b1
snli,train,snli_475912_b0_6105,snli_475912_b0,snli_475912_b1
snli,train,snli_138141_b0_6106,snli_138141_b0,snli_138141_b1
snli,train,snli_421366_b0_6107,snli_421366_b0,snli_421366_b1
snli,train,snli_74001_b0_6108,snli_74001_b0,snli_74001_b1
snli,train,snli_53047_b0_6109,snli_53047_b0,snli_53047_b1
snli,train,snli_272497_b0_6110,snli_272497_b0,snli_272497_b1
snli,train,snli_125942_b0_6111,snli_125942_b0,snli_125942_b1
snli,train,snli_205446_b0_6112,snli_205446_b0,snli_205446_b1
snli,train,snli_287059_b0_6113,snli_287059_b0,snli_287059_b1
snli,train,snli_372684_b0_6114,snli_372684_b0,snli_372684_b1
snli,train,snli_312771_b0_6115,snli_312771_b0,snli_312771_b1
snli,train,snli_218078_b0_6116,snli_218078_b0,snli_218078_b1
snli,train,snli_540509_b0_6117,snli_540509_b0,snli_540509_b1
snli,train,snli_116510_b0_6118,snli_116510_b0,snli_116510_b1
snli,train,snli_540188_b0_6119,snli_540188_b0,snli_540188_b1
snli,train,snli_155489_b0_6120,snli_155489_b0,snli_155489_b1
snli,train,snli_205375_b0_6121,snli_205375_b0,snli_205375_b1
snli,train,snli_71557_b0_6122,snli_71557_b0,snli_71557_b1
snli,train,snli_508766_b0_6123,snli_508766_b0,snli_508766_b1
snli,train,snli_413350_b0_6124,snli_413350_b0,snli_413350_b1
snli,train,snli_342210_b0_6125,snli_342210_b0,snli_342210_b1
snli,train,snli_125723_b0_6126,snli_125723_b0,snli_125723_b1
snli,train,snli_19300_b0_6127,snli_19300_b0,snli_19300_b1
snli,train,snli_184292_b0_6128,snli_184292_b0,snli_184292_b1
snli,train,snli_430519_b0_6129,snli_430519_b0,snli_430519_b1
snli,train,snli_137130_b0_6130,snli_137130_b0,snli_137130_b1
snli,train,snli_406320_b0_6131,snli_406320_b0,snli_406320_b1
snli,train,snli_332461_b0_6132,snli_332461_b0,snli_332461_b1
snli,train,snli_382009_b0_6133,snli_382009_b0,snli_382009_b1
snli,train,snli_231666_b0_6134,snli_231666_b0,snli_231666_b1
snli,train,snli_109627_b0_6135,snli_109627_b0,snli_109627_b1
snli,train,snli_398182_b0_6136,snli_398182_b0,snli_398182_b1
snli,train,snli_63274_b0_6137,snli_63274_b0,snli_63274_b1
snli,train,snli_285329_b0_6138,snli_285329_b0,snli_285329_b1
snli,train,snli_533416_b0_6139,snli_533416_b0,snli_533416_b1
snli,train,snli_171656_b0_6140,snli_171656_b0,snli_171656_b1
snli,train,snli_371373_b0_6141,snli_371373_b0,snli_371373_b1
snli,train,snli_340357_b0_6142,snli_340357_b0,snli_340357_b1
snli,train,snli_448435_b0_6143,snli_448435_b0,snli_448435_b1
snli,train,snli_458098_b0_6144,snli_458098_b0,snli_458098_b1
snli,train,snli_391250_b0_6145,snli_391250_b0,snli_391250_b1
snli,train,snli_385846_b0_6146,snli_385846_b0,snli_385846_b1
snli,train,snli_374337_b0_6147,snli_374337_b0,snli_374337_b1
snli,train,snli_436477_b0_6148,snli_436477_b0,snli_436477_b1
snli,train,snli_273841_b0_6149,snli_273841_b0,snli_273841_b1
snli,train,snli_68546_b0_6150,snli_68546_b0,snli_68546_b1
snli,train,snli_357461_b0_6151,snli_357461_b0,snli_357461_b1
snli,train,snli_464182_b0_6152,snli_464182_b0,snli_464182_b1
snli,train,snli_333948_b0_6153,snli_333948_b0,snli_333948_b1
snli,train,snli_508401_b0_6154,snli_508401_b0,snli_508401_b1
snli,train,snli_254344_b0_6155,snli_254344_b0,snli_254344_b1
snli,train,snli_396363_b0_6156,snli_396363_b0,snli_396363_b1
snli,train,snli_58002_b0_6157,snli_58002_b0,snli_58002_b1
snli,train,snli_422665_b0_6158,snli_422665_b0,snli_422665_b1
snli,train,snli_94122_b0_6159,snli_94122_b0,snli_94122_b1
snli,train,snli_147729_b0_6160,snli_147729_b0,snli_147729_b1
snli,train,snli_281825_b0_6161,snli_281825_b0,snli_281825_b1
snli,train,snli_41761_b0_6162,snli_41761_b0,snli_41761_b1
snli,train,snli_191774_b0_6163,snli_191774_b0,snli_191774_b1
snli,train,snli_58791_b0_6164,snli_58791_b0,snli_58791_b1
snli,train,snli_454294_b0_6165,snli_454294_b0,snli_454294_b1
snli,train,snli_102669_b0_6166,snli_102669_b0,snli_102669_b1
snli,train,snli_158871_b0_6167,snli_158871_b0,snli_158871_b1
snli,train,snli_357299_b0_6168,snli_357299_b0,snli_357299_b1
snli,train,snli_414592_b0_6169,snli_414592_b0,snli_414592_b1
snli,train,snli_536640_b0_6170,snli_536640_b0,snli_536640_b1
snli,train,snli_449870_b0_6171,snli_449870_b0,snli_449870_b1
snli,train,snli_150240_b0_6172,snli_150240_b0,snli_150240_b1
snli,train,snli_112303_b0_6173,snli_112303_b0,snli_112303_b1
snli,train,snli_513883_b0_6174,snli_513883_b0,snli_513883_b1
snli,train,snli_292987_b0_6175,snli_292987_b0,snli_292987_b1
snli,train,snli_165361_b0_6176,snli_165361_b0,snli_165361_b1
snli,train,snli_210345_b0_6177,snli_210345_b0,snli_210345_b1
snli,train,snli_277790_b0_6178,snli_277790_b0,snli_277790_b1
snli,train,snli_238098_b0_6179,snli_238098_b0,snli_238098_b1
snli,train,snli_272661_b0_6180,snli_272661_b0,snli_272661_b1
snli,train,snli_386323_b0_6181,snli_386323_b0,snli_386323_b1
snli,train,snli_116067_b0_6182,snli_116067_b0,snli_116067_b1
snli,train,snli_532658_b0_6183,snli_532658_b0,snli_532658_b1
snli,train,snli_368685_b0_6184,snli_368685_b0,snli_368685_b1
snli,train,snli_290535_b0_6185,snli_290535_b0,snli_290535_b1
snli,train,snli_515124_b0_6186,snli_515124_b0,snli_515124_b1
snli,train,snli_230037_b0_6187,snli_230037_b0,snli_230037_b1
snli,train,snli_351785_b0_6188,snli_351785_b0,snli_351785_b1
snli,train,snli_259122_b0_6189,snli_259122_b0,snli_259122_b1
snli,train,snli_534771_b0_6190,snli_534771_b0,snli_534771_b1
snli,train,snli_246665_b0_6191,snli_246665_b0,snli_246665_b1
snli,train,snli_47386_b0_6192,snli_47386_b0,snli_47386_b1
snli,train,snli_349133_b0_6193,snli_349133_b0,snli_349133_b1
snli,train,snli_362972_b0_6194,snli_362972_b0,snli_362972_b1
snli,train,snli_267374_b0_6195,snli_267374_b0,snli_267374_b1
snli,train,snli_203845_b0_6196,snli_203845_b0,snli_203845_b1
snli,train,snli_239807_b0_6197,snli_239807_b0,snli_239807_b1
snli,train,snli_358777_b0_6198,snli_358777_b0,snli_358777_b1
snli,train,snli_542472_b0_6199,snli_542472_b0,snli_542472_b1
snli,train,snli_4617_b0_6200,snli_4617_b0,snli_4617_b1
snli,train,snli_153790_b0_6201,snli_153790_b0,snli_153790_b1
snli,train,snli_331233_b0_6202,snli_331233_b0,snli_331233_b1
snli,train,snli_190527_b0_6203,snli_190527_b0,snli_190527_b1
snli,train,snli_140243_b0_6204,snli_140243_b0,snli_140243_b1
snli,train,snli_131843_b0_6205,snli_131843_b0,snli_131843_b1
snli,train,snli_380697_b0_6206,snli_380697_b0,snli_380697_b1
snli,train,snli_169048_b0_6207,snli_169048_b0,snli_169048_b1
snli,train,snli_278643_b0_6208,snli_278643_b0,snli_278643_b1
snli,train,snli_502716_b0_6209,snli_502716_b0,snli_502716_b1
snli,train,snli_536726_b0_6210,snli_536726_b0,snli_536726_b1
snli,train,snli_532938_b0_6211,snli_532938_b0,snli_532938_b1
snli,train,snli_418011_b0_6212,snli_418011_b0,snli_418011_b1
snli,train,snli_53323_b0_6213,snli_53323_b0,snli_53323_b1
snli,train,snli_245598_b0_6214,snli_245598_b0,snli_245598_b1
snli,train,snli_489779_b0_6215,snli_489779_b0,snli_489779_b1
snli,train,snli_287042_b0_6216,snli_287042_b0,snli_287042_b1
snli,train,snli_365002_b0_6217,snli_365002_b0,snli_365002_b1
snli,train,snli_160477_b0_6218,snli_160477_b0,snli_160477_b1
snli,train,snli_21904_b0_6219,snli_21904_b0,snli_21904_b1
snli,train,snli_9210_b0_6220,snli_9210_b0,snli_9210_b1
snli,train,snli_94645_b0_6221,snli_94645_b0,snli_94645_b1
snli,train,snli_73576_b0_6222,snli_73576_b0,snli_73576_b1
snli,train,snli_541227_b0_6223,snli_541227_b0,snli_541227_b1
snli,train,snli_5251_b0_6224,snli_5251_b0,snli_5251_b1
snli,train,snli_102995_b0_6225,snli_102995_b0,snli_102995_b1
snli,train,snli_310893_b0_6226,snli_310893_b0,snli_310893_b1
snli,train,snli_295471_b0_6227,snli_295471_b0,snli_295471_b1
snli,train,snli_460919_b0_6228,snli_460919_b0,snli_460919_b1
snli,train,snli_341376_b0_6229,snli_341376_b0,snli_341376_b1
snli,train,snli_78056_b0_6230,snli_78056_b0,snli_78056_b1
snli,train,snli_77683_b0_6231,snli_77683_b0,snli_77683_b1
snli,train,snli_135269_b0_6232,snli_135269_b0,snli_135269_b1
snli,train,snli_193822_b0_6233,snli_193822_b0,snli_193822_b1
snli,train,snli_258118_b0_6234,snli_258118_b0,snli_258118_b1
snli,train,snli_123450_b0_6235,snli_123450_b0,snli_123450_b1
snli,train,snli_12303_b0_6236,snli_12303_b0,snli_12303_b1
snli,train,snli_230910_b0_6237,snli_230910_b0,snli_230910_b1
snli,train,snli_197740_b0_6238,snli_197740_b0,snli_197740_b1
snli,train,snli_254736_b0_6239,snli_254736_b0,snli_254736_b1
snli,train,snli_496949_b0_6240,snli_496949_b0,snli_496949_b1
snli,train,snli_74863_b0_6241,snli_74863_b0,snli_74863_b1
snli,train,snli_31071_b0_6242,snli_31071_b0,snli_31071_b1
snli,train,snli_214646_b0_6243,snli_214646_b0,snli_214646_b1
snli,train,snli_484842_b0_6244,snli_484842_b0,snli_484842_b1
snli,train,snli_17734_b0_6245,snli_17734_b0,snli_17734_b1
snli,train,snli_82822_b0_6246,snli_82822_b0,snli_82822_b1
snli,train,snli_413757_b0_6247,snli_413757_b0,snli_413757_b1
snli,train,snli_196979_b0_6248,snli_196979_b0,snli_196979_b1
snli,train,snli_424307_b0_6249,snli_424307_b0,snli_424307_b1
snli,train,snli_11204_b0_6250,snli_11204_b0,snli_11204_b1
snli,train,snli_52142_b0_6251,snli_52142_b0,snli_52142_b1
snli,train,snli_131290_b0_6252,snli_131290_b0,snli_131290_b1
snli,train,snli_293158_b0_6253,snli_293158_b0,snli_293158_b1
snli,train,snli_353489_b0_6254,snli_353489_b0,snli_353489_b1
snli,train,snli_406772_b0_6255,snli_406772_b0,snli_406772_b1
snli,train,snli_426693_b0_6256,snli_426693_b0,snli_426693_b1
snli,train,snli_227141_b0_6257,snli_227141_b0,snli_227141_b1
snli,train,snli_283584_b0_6258,snli_283584_b0,snli_283584_b1
snli,train,snli_38009_b0_6259,snli_38009_b0,snli_38009_b1
snli,train,snli_117413_b0_6260,snli_117413_b0,snli_117413_b1
snli,train,snli_178090_b0_6261,snli_178090_b0,snli_178090_b1
snli,train,snli_496258_b0_6262,snli_496258_b0,snli_496258_b1
snli,train,snli_350933_b0_6263,snli_350933_b0,snli_350933_b1
snli,train,snli_350037_b0_6264,snli_350037_b0,snli_350037_b1
snli,train,snli_521276_b0_6265,snli_521276_b0,snli_521276_b1
snli,train,snli_347259_b0_6266,snli_347259_b0,snli_347259_b1
snli,train,snli_317681_b0_6267,snli_317681_b0,snli_317681_b1
snli,train,snli_92640_b0_6268,snli_92640_b0,snli_92640_b1
snli,train,snli_277604_b0_6269,snli_277604_b0,snli_277604_b1
snli,train,snli_515114_b0_6270,snli_515114_b0,snli_515114_b1
snli,train,snli_488029_b0_6271,snli_488029_b0,snli_488029_b1
snli,train,snli_454143_b0_6272,snli_454143_b0,snli_454143_b1
snli,train,snli_204443_b0_6273,snli_204443_b0,snli_204443_b1
snli,train,snli_18413_b0_6274,snli_18413_b0,snli_18413_b1
snli,train,snli_307523_b0_6275,snli_307523_b0,snli_307523_b1
snli,train,snli_502688_b0_6276,snli_502688_b0,snli_502688_b1
snli,train,snli_18941_b0_6277,snli_18941_b0,snli_18941_b1
snli,train,snli_303402_b0_6278,snli_303402_b0,snli_303402_b1
snli,train,snli_149663_b0_6279,snli_149663_b0,snli_149663_b1
snli,train,snli_524221_b0_6280,snli_524221_b0,snli_524221_b1
snli,train,snli_204592_b0_6281,snli_204592_b0,snli_204592_b1
snli,train,snli_165902_b0_6282,snli_165902_b0,snli_165902_b1
snli,train,snli_49238_b0_6283,snli_49238_b0,snli_49238_b1
snli,train,snli_537844_b0_6284,snli_537844_b0,snli_537844_b1
snli,train,snli_224553_b0_6285,snli_224553_b0,snli_224553_b1
snli,train,snli_123860_b0_6286,snli_123860_b0,snli_123860_b1
snli,train,snli_231109_b0_6287,snli_231109_b0,snli_231109_b1
snli,train,snli_128198_b0_6288,snli_128198_b0,snli_128198_b1
snli,train,snli_225355_b0_6289,snli_225355_b0,snli_225355_b1
snli,train,snli_235629_b0_6290,snli_235629_b0,snli_235629_b1
snli,train,snli_263492_b0_6291,snli_263492_b0,snli_263492_b1
snli,train,snli_14840_b0_6292,snli_14840_b0,snli_14840_b1
snli,train,snli_63724_b0_6293,snli_63724_b0,snli_63724_b1
snli,train,snli_2740_b0_6294,snli_2740_b0,snli_2740_b1
snli,train,snli_21908_b0_6295,snli_21908_b0,snli_21908_b1
snli,train,snli_373933_b0_6296,snli_373933_b0,snli_373933_b1
snli,train,snli_171808_b0_6297,snli_171808_b0,snli_171808_b1
snli,train,snli_432126_b0_6298,snli_432126_b0,snli_432126_b1
snli,train,snli_30415_b0_6299,snli_30415_b0,snli_30415_b1
snli,train,snli_536667_b0_6300,snli_536667_b0,snli_536667_b1
snli,train,snli_49365_b0_6301,snli_49365_b0,snli_49365_b1
snli,train,snli_98970_b0_6302,snli_98970_b0,snli_98970_b1
snli,train,snli_527251_b0_6303,snli_527251_b0,snli_527251_b1
snli,train,snli_295777_b0_6304,snli_295777_b0,snli_295777_b1
snli,train,snli_26408_b0_6305,snli_26408_b0,snli_26408_b1
snli,train,snli_82163_b0_6306,snli_82163_b0,snli_82163_b1
snli,train,snli_169209_b0_6307,snli_169209_b0,snli_169209_b1
snli,train,snli_289253_b0_6308,snli_289253_b0,snli_289253_b1
snli,train,snli_237156_b0_6309,snli_237156_b0,snli_237156_b1
snli,train,snli_181708_b0_6310,snli_181708_b0,snli_181708_b1
snli,train,snli_422497_b0_6311,snli_422497_b0,snli_422497_b1
snli,train,snli_394202_b0_6312,snli_394202_b0,snli_394202_b1
snli,train,snli_94726_b0_6313,snli_94726_b0,snli_94726_b1
snli,train,snli_516011_b0_6314,snli_516011_b0,snli_516011_b1
snli,train,snli_25182_b0_6315,snli_25182_b0,snli_25182_b1
snli,train,snli_519393_b0_6316,snli_519393_b0,snli_519393_b1
snli,train,snli_550140_b0_6317,snli_550140_b0,snli_550140_b1
snli,train,snli_290355_b0_6318,snli_290355_b0,snli_290355_b1
snli,train,snli_56541_b0_6319,snli_56541_b0,snli_56541_b1
snli,train,snli_295709_b0_6320,snli_295709_b0,snli_295709_b1
snli,train,snli_120095_b0_6321,snli_120095_b0,snli_120095_b1
snli,train,snli_322535_b0_6322,snli_322535_b0,snli_322535_b1
snli,train,snli_449089_b0_6323,snli_449089_b0,snli_449089_b1
snli,train,snli_115794_b0_6324,snli_115794_b0,snli_115794_b1
snli,train,snli_185555_b0_6325,snli_185555_b0,snli_185555_b1
snli,train,snli_231752_b0_6326,snli_231752_b0,snli_231752_b1
snli,train,snli_548741_b0_6327,snli_548741_b0,snli_548741_b1
snli,train,snli_144414_b0_6328,snli_144414_b0,snli_144414_b1
snli,train,snli_378237_b0_6329,snli_378237_b0,snli_378237_b1
snli,train,snli_402208_b0_6330,snli_402208_b0,snli_402208_b1
snli,train,snli_17398_b0_6331,snli_17398_b0,snli_17398_b1
snli,train,snli_264073_b0_6332,snli_264073_b0,snli_264073_b1
snli,train,snli_482878_b0_6333,snli_482878_b0,snli_482878_b1
snli,train,snli_189445_b0_6334,snli_189445_b0,snli_189445_b1
snli,train,snli_72837_b0_6335,snli_72837_b0,snli_72837_b1
snli,train,snli_172879_b0_6336,snli_172879_b0,snli_172879_b1
snli,train,snli_543780_b0_6337,snli_543780_b0,snli_543780_b1
snli,train,snli_60711_b0_6338,snli_60711_b0,snli_60711_b1
snli,train,snli_358362_b0_6339,snli_358362_b0,snli_358362_b1
snli,train,snli_467409_b0_6340,snli_467409_b0,snli_467409_b1
snli,train,snli_457259_b0_6341,snli_457259_b0,snli_457259_b1
snli,train,snli_232375_b0_6342,snli_232375_b0,snli_232375_b1
snli,train,snli_321004_b0_6343,snli_321004_b0,snli_321004_b1
snli,train,snli_11327_b0_6344,snli_11327_b0,snli_11327_b1
snli,train,snli_142843_b0_6345,snli_142843_b0,snli_142843_b1
snli,train,snli_150348_b0_6346,snli_150348_b0,snli_150348_b1
snli,train,snli_471270_b0_6347,snli_471270_b0,snli_471270_b1
snli,train,snli_120587_b0_6348,snli_120587_b0,snli_120587_b1
snli,train,snli_17749_b0_6349,snli_17749_b0,snli_17749_b1
snli,train,snli_347912_b0_6350,snli_347912_b0,snli_347912_b1
snli,train,snli_431053_b0_6351,snli_431053_b0,snli_431053_b1
snli,train,snli_535452_b0_6352,snli_535452_b0,snli_535452_b1
snli,train,snli_321204_b0_6353,snli_321204_b0,snli_321204_b1
snli,eval,snli_121438_b0_6354,snli_121438_b0,snli_121438_b1
snli,eval,snli_117866_b0_6355,snli_117866_b0,snli_117866_b1
snli,eval,snli_244012_b0_6356,snli_244012_b0,snli_244012_b1
snli,eval,snli_400401_b0_6357,snli_400401_b0,snli_400401_b1
snli,eval,snli_384366_b0_6358,snli_384366_b0,snli_384366_b1
snli,eval,snli_286489_b0_6359,snli_286489_b0,snli_286489_b1
snli,eval,snli_120355_b0_6360,snli_120355_b0,snli_120355_b1
snli,eval,snli_477015_b0_6361,snli_477015_b0,snli_477015_b1
snli,eval,snli_518063_b0_6362,snli_518063_b0,snli_518063_b1
snli,eval,snli_346510_b0_6363,snli_346510_b0,snli_346510_b1
snli,eval,snli_19147_b0_6364,snli_19147_b0,snli_19147_b1
snli,eval,snli_524097_b0_6365,snli_524097_b0,snli_524097_b1
snli,eval,snli_20920_b0_6366,snli_20920_b0,snli_20920_b1
snli,eval,snli_401138_b0_6367,snli_401138_b0,snli_401138_b1
snli,eval,snli_519766_b0_6368,snli_519766_b0,snli_519766_b1
snli,eval,snli_71833_b0_6369,snli_71833_b0,snli_71833_b1
snli,eval,snli_292351_b0_6370,snli_292351_b0,snli_292351_b1
snli,eval,snli_429866_b0_6371,snli_429866_b0,snli_429866_b1
snli,eval,snli_13101_b0_6372,snli_13101_b0,snli_13101_b1
snli,eval,snli_169279_b0_6373,snli_169279_b0,snli_169279_b1
snli,eval,snli_213040_b0_6374,snli_213040_b0,snli_213040_b1
snli,eval,snli_528261_b0_6375,snli_528261_b0,snli_528261_b1
snli,eval,snli_271265_b0_6376,snli_271265_b0,snli_271265_b1
snli,eval,snli_126237_b0_6377,snli_126237_b0,snli_126237_b1
snli,eval,snli_104348_b0_6378,snli_104348_b0,snli_104348_b1
snli,eval,snli_4458_b0_6379,snli_4458_b0,snli_4458_b1
snli,eval,snli_34214_b0_6380,snli_34214_b0,snli_34214_b1
snli,eval,snli_181831_b0_6381,snli_181831_b0,snli_181831_b1
snli,eval,snli_55111_b0_6382,snli_55111_b0,snli_55111_b1
snli,eval,snli_190413_b0_6383,snli_190413_b0,snli_190413_b1
snli,eval,snli_393458_b0_6384,snli_393458_b0,snli_393458_b1
snli,eval,snli_477846_b0_6385,snli_477846_b0,snli_477846_b1
snli,eval,snli_525107_b0_6386,snli_525107_b0,snli_525107_b1
snli,eval,snli_29584_b0_6387,snli_29584_b0,snli_29584_b1
snli,eval,snli_258125_b0_6388,snli_258125_b0,snli_258125_b1
snli,eval,snli_92447_b0_6389,snli_92447_b0,snli_92447_b1
snli,eval,snli_49656_b0_6390,snli_49656_b0,snli_49656_b1
snli,eval,snli_417483_b0_6391,snli_417483_b0,snli_417483_b1
snli,eval,snli_216664_b0_6392,snli_216664_b0,snli_216664_b1
snli,eval,snli_390373_b0_6393,snli_390373_b0,snli_390373_b1
snli,eval,snli_310355_b0_6394,snli_310355_b0,snli_310355_b1
snli,eval,snli_375901_b0_6395,snli_375901_b0,snli_375901_b1
snli,eval,snli_343863_b0_6396,snli_343863_b0,snli_343863_b1
snli,eval,snli_159892_b0_6397,snli_159892_b0,snli_159892_b1
snli,eval,snli_87010_b0_6398,snli_87010_b0,snli_87010_b1
snli,eval,snli_170031_b0_6399,snli_170031_b0,snli_170031_b1
snli,eval,snli_140342_b0_6400,snli_140342_b0,snli_140342_b1
snli,eval,snli_353281_b0_6401,snli_353281_b0,snli_353281_b1
snli,eval,snli_412297_b0_6402,snli_412297_b0,snli_412297_b1
snli,eval,snli_486018_b0_6403,snli_486018_b0,snli_486018_b1
snli,eval,snli_530470_b0_6404,snli_530470_b0,snli_530470_b1
snli,eval,snli_280999_b0_6405,snli_280999_b0,snli_280999_b1
snli,eval,snli_418883_b0_6406,snli_418883_b0,snli_418883_b1
snli,eval,snli_149923_b0_6407,snli_149923_b0,snli_149923_b1
snli,eval,snli_413538_b0_6408,snli_413538_b0,snli_413538_b1
snli,eval,snli_244710_b0_6409,snli_244710_b0,snli_244710_b1
snli,eval,snli_38709_b0_6410,snli_38709_b0,snli_38709_b1
snli,eval,snli_268210_b0_6411,snli_268210_b0,snli_268210_b1
snli,eval,snli_402446_b0_6412,snli_402446_b0,snli_402446_b1
snli,eval,snli_127796_b0_6413,snli_127796_b0,snli_127796_b1
snli,eval,snli_442970_b0_6414,snli_442970_b0,snli_442970_b1
snli,eval,snli_246664_b0_6415,snli_246664_b0,snli_246664_b1
snli,eval,snli_253418_b0_6416,snli_253418_b0,snli_253418_b1
snli,eval,snli_203636_b0_6417,snli_203636_b0,snli_203636_b1
snli,eval,snli_468175_b0_6418,snli_468175_b0,snli_468175_b1
snli,eval,snli_503025_b0_6419,snli_503025_b0,snli_503025_b1
snli,eval,snli_110119_b0_6420,snli_110119_b0,snli_110119_b1
snli,eval,snli_481804_b0_6421,snli_481804_b0,snli_481804_b1
snli,eval,snli_400180_b0_6422,snli_400180_b0,snli_400180_b1
snli,eval,snli_252948_b0_6423,snli_252948_b0,snli_252948_b1
snli,eval,snli_514466_b0_6424,snli_514466_b0,snli_514466_b1
snli,eval,snli_428886_b0_6425,snli_428886_b0,snli_428886_b1
snli,eval,snli_327702_b0_6426,snli_327702_b0,snli_327702_b1
snli,eval,snli_377293_b0_6427,snli_377293_b0,snli_377293_b1
snli,eval,snli_150105_b0_6428,snli_150105_b0,snli_150105_b1
snli,eval,snli_388716_b0_6429,snli_388716_b0,snli_388716_b1
snli,eval,snli_494053_b0_6430,snli_494053_b0,snli_494053_b1
snli,eval,snli_531862_b0_6431,snli_531862_b0,snli_531862_b1
snli,eval,snli_363932_b0_6432,snli_363932_b0,snli_363932_b1
snli,eval,snli_87893_b0_6433,snli_87893_b0,snli_87893_b1
snli,eval,snli_154029_b0_6434,snli_154029_b0,snli_154029_b1
snli,eval,snli_523155_b0_6435,snli_523155_b0,snli_523155_b1
snli,eval,snli_460652_b0_6436,snli_460652_b0,snli_460652_b1
snli,eval,snli_196035_b0_6437,snli_196035_b0,snli_196035_b1
snli,eval,snli_458450_b0_6438,snli_458450_b0,snli_458450_b1
snli,eval,snli_39643_b0_6439,snli_39643_b0,snli_39643_b1
snli,eval,snli_315429_b0_6440,snli_315429_b0,snli_315429_b1
snli,eval,snli_502829_b0_6441,snli_502829_b0,snli_502829_b1
snli,eval,snli_460992_b0_6442,snli_460992_b0,snli_460992_b1
snli,eval,snli_538656_b0_6443,snli_538656_b0,snli_538656_b1
snli,eval,snli_401143_b0_6444,snli_401143_b0,snli_401143_b1
snli,eval,snli_24496_b0_6445,snli_24496_b0,snli_24496_b1
snli,eval,snli_415825_b0_6446,snli_415825_b0,snli_415825_b1
snli,eval,snli_476929_b0_6447,snli_476929_b0,snli_476929_b1
snli,eval,snli_431747_b0_6448,snli_431747_b0,snli_431747_b1
snli,eval,snli_193944_b0_6449,snli_193944_b0,snli_193944_b1
snli,eval,snli_121626_b0_6450,snli_121626_b0,snli_121626_b1
snli,eval,snli_268257_b0_6451,snli_268257_b0,snli_268257_b1
snli,eval,snli_222092_b0_6452,snli_222092_b0,snli_222092_b1
snli,eval,snli_475254_b0_6453,snli_475254_b0,snli_475254_b1
snli,eval,snli_48890_b0_6454,snli_48890_b0,snli_48890_b1
snli,eval,snli_362654_b0_6455,snli_362654_b0,snli_362654_b1
snli,eval,snli_306463_b0_6456,snli_306463_b0,snli_306463_b1
snli,eval,snli_240548_b0_6457,snli_240548_b0,snli_240548_b1
snli,eval,snli_457250_b0_6458,snli_457250_b0,snli_457250_b1
snli,eval,snli_273284_b0_6459,snli_273284_b0,snli_273284_b1
snli,eval,snli_313325_b0_6460,snli_313325_b0,snli_313325_b1
snli,eval,snli_322248_b0_6461,snli_322248_b0,snli_322248_b1
snli,eval,snli_484327_b0_6462,snli_484327_b0,snli_484327_b1
snli,eval,snli_118737_b0_6463,snli_118737_b0,snli_118737_b1
snli,eval,snli_131955_b0_6464,snli_131955_b0,snli_131955_b1
snli,eval,snli_126678_b0_6465,snli_126678_b0,snli_126678_b1
snli,eval,snli_196129_b0_6466,snli_196129_b0,snli_196129_b1
snli,eval,snli_128217_b0_6467,snli_128217_b0,snli_128217_b1
snli,eval,snli_66959_b0_6468,snli_66959_b0,snli_66959_b1
snli,eval,snli_21473_b0_6469,snli_21473_b0,snli_21473_b1
snli,eval,snli_459843_b0_6470,snli_459843_b0,snli_459843_b1
snli,eval,snli_91664_b0_6471,snli_91664_b0,snli_91664_b1
snli,eval,snli_125296_b0_6472,snli_125296_b0,snli_125296_b1
snli,eval,snli_73401_b0_6473,snli_73401_b0,snli_73401_b1
snli,eval,snli_372000_b0_6474,snli_372000_b0,snli_372000_b1
snli,eval,snli_269447_b0_6475,snli_269447_b0,snli_269447_b1
snli,eval,snli_444477_b0_6476,snli_444477_b0,snli_444477_b1
snli,eval,snli_500331_b0_6477,snli_500331_b0,snli_500331_b1
snli,eval,snli_301016_b0_6478,snli_301016_b0,snli_301016_b1
snli,eval,snli_24398_b0_6479,snli_24398_b0,snli_24398_b1
snli,eval,snli_205306_b0_6480,snli_205306_b0,snli_205306_b1
snli,eval,snli_378467_b0_6481,snli_378467_b0,snli_378467_b1
snli,eval,snli_194586_b0_6482,snli_194586_b0,snli_194586_b1
snli,eval,snli_38484_b0_6483,snli_38484_b0,snli_38484_b1
snli,eval,snli_179637_b0_6484,snli_179637_b0,snli_179637_b1
snli,eval,snli_531294_b0_6485,snli_531294_b0,snli_531294_b1
snli,eval,snli_199190_b0_6486,snli_199190_b0,snli_199190_b1
snli,eval,snli_532461_b0_6487,snli_532461_b0,snli_532461_b1
snli,eval,snli_19003_b0_6488,snli_19003_b0,snli_19003_b1
snli,eval,snli_76579_b0_6489,snli_76579_b0,snli_76579_b1
snli,eval,snli_468258_b0_6490,snli_468258_b0,snli_468258_b1
snli,eval,snli_547061_b0_6491,snli_547061_b0,snli_547061_b1
snli,eval,snli_9819_b0_6492,snli_9819_b0,snli_9819_b1
snli,eval,snli_283125_b0_6493,snli_283125_b0,snli_283125_b1
snli,eval,snli_443791_b0_6494,snli_443791_b0,snli_443791_b1
snli,eval,snli_56454_b0_6495,snli_56454_b0,snli_56454_b1
snli,eval,snli_61679_b0_6496,snli_61679_b0,snli_61679_b1
snli,eval,snli_125866_b0_6497,snli_125866_b0,snli_125866_b1
snli,eval,snli_381814_b0_6498,snli_381814_b0,snli_381814_b1
snli,eval,snli_468332_b0_6499,snli_468332_b0,snli_468332_b1
snli,eval,snli_500848_b0_6500,snli_500848_b0,snli_500848_b1
snli,eval,snli_506008_b0_6501,snli_506008_b0,snli_506008_b1
snli,eval,snli_344094_b0_6502,snli_344094_b0,snli_344094_b1
snli,eval,snli_26352_b0_6503,snli_26352_b0,snli_26352_b1
snli,eval,snli_285004_b0_6504,snli_285004_b0,snli_285004_b1
snli,eval,snli_258903_b0_6505,snli_258903_b0,snli_258903_b1
snli,eval,snli_387993_b0_6506,snli_387993_b0,snli_387993_b1
snli,eval,snli_62730_b0_6507,snli_62730_b0,snli_62730_b1
snli,eval,snli_169786_b0_6508,snli_169786_b0,snli_169786_b1
snli,eval,snli_523072_b0_6509,snli_523072_b0,snli_523072_b1
snli,eval,snli_453306_b0_6510,snli_453306_b0,snli_453306_b1
snli,eval,snli_494637_b0_6511,snli_494637_b0,snli_494637_b1
snli,eval,snli_94818_b0_6512,snli_94818_b0,snli_94818_b1
snli,eval,snli_77205_b0_6513,snli_77205_b0,snli_77205_b1
snli,eval,snli_271777_b0_6514,snli_271777_b0,snli_271777_b1
snli,eval,snli_474460_b0_6515,snli_474460_b0,snli_474460_b1
snli,eval,snli_265975_b0_6516,snli_265975_b0,snli_265975_b1
snli,eval,snli_351193_b0_6517,snli_351193_b0,snli_351193_b1
snli,eval,snli_99242_b0_6518,snli_99242_b0,snli_99242_b1
snli,eval,snli_10743_b0_6519,snli_10743_b0,snli_10743_b1
snli,eval,snli_211099_b0_6520,snli_211099_b0,snli_211099_b1
snli,eval,snli_159527_b0_6521,snli_159527_b0,snli_159527_b1
snli,eval,snli_400108_b0_6522,snli_400108_b0,snli_400108_b1
snli,eval,snli_155320_b0_6523,snli_155320_b0,snli_155320_b1
snli,eval,snli_296707_b0_6524,snli_296707_b0,snli_296707_b1
snli,eval,snli_378736_b0_6525,snli_378736_b0,snli_378736_b1
snli,eval,snli_7005_b0_6526,snli_7005_b0,snli_7005_b1
snli,eval,snli_499669_b0_6527,snli_499669_b0,snli_499669_b1
snli,eval,snli_285556_b0_6528,snli_285556_b0,snli_285556_b1
snli,eval,snli_139928_b0_6529,snli_139928_b0,snli_139928_b1
snli,eval,snli_310513_b0_6530,snli_310513_b0,snli_310513_b1
snli,eval,snli_328120_b0_6531,snli_328120_b0,snli_328120_b1
snli,eval,snli_517707_b0_6532,snli_517707_b0,snli_517707_b1
snli,eval,snli_232241_b0_6533,snli_232241_b0,snli_232241_b1
snli,eval,snli_93052_b0_6534,snli_93052_b0,snli_93052_b1
snli,eval,snli_72151_b0_6535,snli_72151_b0,snli_72151_b1
snli,eval,snli_490232_b0_6536,snli_490232_b0,snli_490232_b1
snli,eval,snli_2439_b0_6537,snli_2439_b0,snli_2439_b1
snli,eval,snli_77512_b0_6538,snli_77512_b0,snli_77512_b1
snli,eval,snli_299330_b0_6539,snli_299330_b0,snli_299330_b1
snli,eval,snli_352931_b0_6540,snli_352931_b0,snli_352931_b1
snli,eval,snli_266112_b0_6541,snli_266112_b0,snli_266112_b1
snli,eval,snli_110525_b0_6542,snli_110525_b0,snli_110525_b1
snli,eval,snli_55593_b0_6543,snli_55593_b0,snli_55593_b1
snli,eval,snli_546363_b0_6544,snli_546363_b0,snli_546363_b1
snli,eval,snli_127257_b0_6545,snli_127257_b0,snli_127257_b1
snli,eval,snli_244224_b0_6546,snli_244224_b0,snli_244224_b1
snli,eval,snli_373127_b0_6547,snli_373127_b0,snli_373127_b1
snli,eval,snli_144619_b0_6548,snli_144619_b0,snli_144619_b1
snli,eval,snli_308952_b0_6549,snli_308952_b0,snli_308952_b1
snli,eval,snli_501393_b0_6550,snli_501393_b0,snli_501393_b1
snli,eval,snli_371774_b0_6551,snli_371774_b0,snli_371774_b1
snli,eval,snli_543955_b0_6552,snli_543955_b0,snli_543955_b1
snli,eval,snli_246074_b0_6553,snli_246074_b0,snli_246074_b1
snli,eval,snli_345605_b0_6554,snli_345605_b0,snli_345605_b1
snli,eval,snli_82458_b0_6555,snli_82458_b0,snli_82458_b1
snli,eval,snli_397517_b0_6556,snli_397517_b0,snli_397517_b1
snli,eval,snli_33390_b0_6557,snli_33390_b0,snli_33390_b1
snli,eval,snli_80277_b0_6558,snli_80277_b0,snli_80277_b1
snli,eval,snli_125012_b0_6559,snli_125012_b0,snli_125012_b1
snli,eval,snli_343987_b0_6560,snli_343987_b0,snli_343987_b1
snli,eval,snli_90059_b0_6561,snli_90059_b0,snli_90059_b1
snli,eval,snli_442715_b0_6562,snli_442715_b0,snli_442715_b1
snli,eval,snli_129339_b0_6563,snli_129339_b0,snli_129339_b1
snli,eval,snli_169135_b0_6564,snli_169135_b0,snli_169135_b1
snli,eval,snli_547592_b0_6565,snli_547592_b0,snli_547592_b1
snli,eval,snli_305778_b0_6566,snli_305778_b0,snli_305778_b1
snli,eval,snli_364218_b0_6567,snli_364218_b0,snli_364218_b1
snli,eval,snli_165312_b0_6568,snli_165312_b0,snli_165312_b1
snli,eval,snli_143619_b0_6569,snli_143619_b0,snli_143619_b1
snli,eval,snli_86002_b0_6570,snli_86002_b0,snli_86002_b1
snli,eval,snli_307564_b0_6571,snli_307564_b0,snli_307564_b1
snli,eval,snli_425531_b0_6572,snli_425531_b0,snli_425531_b1
snli,eval,snli_148396_b0_6573,snli_148396_b0,snli_148396_b1
snli,eval,snli_11416_b0_6574,snli_11416_b0,snli_11416_b1
snli,eval,snli_437438_b0_6575,snli_437438_b0,snli_437438_b1
snli,eval,snli_152673_b0_6576,snli_152673_b0,snli_152673_b1
snli,eval,snli_33860_b0_6577,snli_33860_b0,snli_33860_b1
snli,eval,snli_40374_b0_6578,snli_40374_b0,snli_40374_b1
snli,eval,snli_443567_b0_6579,snli_443567_b0,snli_443567_b1
snli,eval,snli_533023_b0_6580,snli_533023_b0,snli_533023_b1
snli,eval,snli_281492_b0_6581,snli_281492_b0,snli_281492_b1
snli,eval,snli_459253_b0_6582,snli_459253_b0,snli_459253_b1
snli,eval,snli_169787_b0_6583,snli_169787_b0,snli_169787_b1
snli,eval,snli_151106_b0_6584,snli_151106_b0,snli_151106_b1
snli,eval,snli_157690_b0_6585,snli_157690_b0,snli_157690_b1
snli,eval,snli_518316_b0_6586,snli_518316_b0,snli_518316_b1
snli,eval,snli_66497_b0_6587,snli_66497_b0,snli_66497_b1
snli,eval,snli_99583_b0_6588,snli_99583_b0,snli_99583_b1
snli,eval,snli_260816_b0_6589,snli_260816_b0,snli_260816_b1
snli,eval,snli_71417_b0_6590,snli_71417_b0,snli_71417_b1
snli,eval,snli_544373_b0_6591,snli_544373_b0,snli_544373_b1
snli,eval,snli_445124_b0_6592,snli_445124_b0,snli_445124_b1
snli,eval,snli_80601_b0_6593,snli_80601_b0,snli_80601_b1
snli,eval,snli_19058_b0_6594,snli_19058_b0,snli_19058_b1
snli,eval,snli_528450_b0_6595,snli_528450_b0,snli_528450_b1
snli,eval,snli_298602_b0_6596,snli_298602_b0,snli_298602_b1
snli,eval,snli_479967_b0_6597,snli_479967_b0,snli_479967_b1
snli,eval,snli_486227_b0_6598,snli_486227_b0,snli_486227_b1
snli,eval,snli_428307_b0_6599,snli_428307_b0,snli_428307_b1
snli,eval,snli_206017_b0_6600,snli_206017_b0,snli_206017_b1
snli,eval,snli_405811_b0_6601,snli_405811_b0,snli_405811_b1
snli,eval,snli_148554_b0_6602,snli_148554_b0,snli_148554_b1
snli,eval,snli_287102_b0_6603,snli_287102_b0,snli_287102_b1
snli,eval,snli_347430_b0_6604,snli_347430_b0,snli_347430_b1
snli,eval,snli_93432_b0_6605,snli_93432_b0,snli_93432_b1
snli,eval,snli_229339_b0_6606,snli_229339_b0,snli_229339_b1
snli,eval,snli_254038_b0_6607,snli_254038_b0,snli_254038_b1
snli,eval,snli_168389_b0_6608,snli_168389_b0,snli_168389_b1
snli,eval,snli_53913_b0_6609,snli_53913_b0,snli_53913_b1
snli,eval,snli_139133_b0_6610,snli_139133_b0,snli_139133_b1
snli,eval,snli_319158_b0_6611,snli_319158_b0,snli_319158_b1
snli,eval,snli_129915_b0_6612,snli_129915_b0,snli_129915_b1
snli,eval,snli_25678_b0_6613,snli_25678_b0,snli_25678_b1
snli,eval,snli_400064_b0_6614,snli_400064_b0,snli_400064_b1
snli,eval,snli_186453_b0_6615,snli_186453_b0,snli_186453_b1
snli,eval,snli_253068_b0_6616,snli_253068_b0,snli_253068_b1
snli,eval,snli_105743_b0_6617,snli_105743_b0,snli_105743_b1
snli,eval,snli_183793_b0_6618,snli_183793_b0,snli_183793_b1
snli,eval,snli_538421_b0_6619,snli_538421_b0,snli_538421_b1
snli,eval,snli_538783_b0_6620,snli_538783_b0,snli_538783_b1
snli,eval,snli_443357_b0_6621,snli_443357_b0,snli_443357_b1
snli,eval,snli_166242_b0_6622,snli_166242_b0,snli_166242_b1
snli,eval,snli_453344_b0_6623,snli_453344_b0,snli_453344_b1
snli,eval,snli_208450_b0_6624,snli_208450_b0,snli_208450_b1
snli,eval,snli_379757_b0_6625,snli_379757_b0,snli_379757_b1
snli,eval,snli_510282_b0_6626,snli_510282_b0,snli_510282_b1
snli,eval,snli_141975_b0_6627,snli_141975_b0,snli_141975_b1
snli,eval,snli_490653_b0_6628,snli_490653_b0,snli_490653_b1
snli,eval,snli_510672_b0_6629,snli_510672_b0,snli_510672_b1
snli,eval,snli_547382_b0_6630,snli_547382_b0,snli_547382_b1
snli,eval,snli_183416_b0_6631,snli_183416_b0,snli_183416_b1
snli,eval,snli_331166_b0_6632,snli_331166_b0,snli_331166_b1
snli,eval,snli_275455_b0_6633,snli_275455_b0,snli_275455_b1
snli,eval,snli_419051_b0_6634,snli_419051_b0,snli_419051_b1
snli,eval,snli_340244_b0_6635,snli_340244_b0,snli_340244_b1
snli,eval,snli_400696_b0_6636,snli_400696_b0,snli_400696_b1
snli,eval,snli_257575_b0_6637,snli_257575_b0,snli_257575_b1
snli,eval,snli_150200_b0_6638,snli_150200_b0,snli_150200_b1
snli,eval,snli_172400_b0_6639,snli_172400_b0,snli_172400_b1
snli,eval,snli_343601_b0_6640,snli_343601_b0,snli_343601_b1
snli,eval,snli_33894_b0_6641,snli_33894_b0,snli_33894_b1
snli,eval,snli_501015_b0_6642,snli_501015_b0,snli_501015_b1
snli,eval,snli_272429_b0_6643,snli_272429_b0,snli_272429_b1
snli,eval,snli_167304_b0_6644,snli_167304_b0,snli_167304_b1
snli,eval,snli_87051_b0_6645,snli_87051_b0,snli_87051_b1
snli,eval,snli_484529_b0_6646,snli_484529_b0,snli_484529_b1
snli,eval,snli_414158_b0_6647,snli_414158_b0,snli_414158_b1
snli,eval,snli_460265_b0_6648,snli_460265_b0,snli_460265_b1
snli,eval,snli_403587_b0_6649,snli_403587_b0,snli_403587_b1
snli,eval,snli_512426_b0_6650,snli_512426_b0,snli_512426_b1
snli,eval,snli_4242_b0_6651,snli_4242_b0,snli_4242_b1
snli,eval,snli_70933_b0_6652,snli_70933_b0,snli_70933_b1
snli,eval,snli_405206_b0_6653,snli_405206_b0,snli_405206_b1
snli,eval,snli_344314_b0_6654,snli_344314_b0,snli_344314_b1
snli,eval,snli_146923_b0_6655,snli_146923_b0,snli_146923_b1
snli,eval,snli_154244_b0_6656,snli_154244_b0,snli_154244_b1
snli,eval,snli_226495_b0_6657,snli_226495_b0,snli_226495_b1
snli,eval,snli_281405_b0_6658,snli_281405_b0,snli_281405_b1
snli,eval,snli_13956_b0_6659,snli_13956_b0,snli_13956_b1
snli,eval,snli_62177_b0_6660,snli_62177_b0,snli_62177_b1
snli,eval,snli_199678_b0_6661,snli_199678_b0,snli_199678_b1
snli,eval,snli_285875_b0_6662,snli_285875_b0,snli_285875_b1
snli,eval,snli_517235_b0_6663,snli_517235_b0,snli_517235_b1
snli,eval,snli_304310_b0_6664,snli_304310_b0,snli_304310_b1
snli,eval,snli_452478_b0_6665,snli_452478_b0,snli_452478_b1
snli,eval,snli_394629_b0_6666,snli_394629_b0,snli_394629_b1
snli,eval,snli_154833_b0_6667,snli_154833_b0,snli_154833_b1
snli,eval,snli_388073_b0_6668,snli_388073_b0,snli_388073_b1
snli,eval,snli_104603_b0_6669,snli_104603_b0,snli_104603_b1
snli,eval,snli_369051_b0_6670,snli_369051_b0,snli_369051_b1
snli,eval,snli_463156_b0_6671,snli_463156_b0,snli_463156_b1
snli,eval,snli_149590_b0_6672,snli_149590_b0,snli_149590_b1
snli,eval,snli_263681_b0_6673,snli_263681_b0,snli_263681_b1
snli,eval,snli_363044_b0_6674,snli_363044_b0,snli_363044_b1
snli,eval,snli_150724_b0_6675,snli_150724_b0,snli_150724_b1
snli,eval,snli_107090_b0_6676,snli_107090_b0,snli_107090_b1
snli,eval,snli_407383_b0_6677,snli_407383_b0,snli_407383_b1
snli,eval,snli_83462_b0_6678,snli_83462_b0,snli_83462_b1
snli,eval,snli_368733_b0_6679,snli_368733_b0,snli_368733_b1
snli,eval,snli_84589_b0_6680,snli_84589_b0,snli_84589_b1
snli,eval,snli_246545_b0_6681,snli_246545_b0,snli_246545_b1
snli,eval,snli_48919_b0_6682,snli_48919_b0,snli_48919_b1
snli,eval,snli_151689_b0_6683,snli_151689_b0,snli_151689_b1
snli,eval,snli_68220_b0_6684,snli_68220_b0,snli_68220_b1
snli,eval,snli_176962_b0_6685,snli_176962_b0,snli_176962_b1
snli,eval,snli_336485_b0_6686,snli_336485_b0,snli_336485_b1
snli,eval,snli_157815_b0_6687,snli_157815_b0,snli_157815_b1
snli,eval,snli_34668_b0_6688,snli_34668_b0,snli_34668_b1
snli,eval,snli_96700_b0_6689,snli_96700_b0,snli_96700_b1
snli,eval,snli_498853_b0_6690,snli_498853_b0,snli_498853_b1
snli,eval,snli_396379_b0_6691,snli_396379_b0,snli_396379_b1
snli,eval,snli_11886_b0_6692,snli_11886_b0,snli_11886_b1
snli,eval,snli_470362_b0_6693,snli_470362_b0,snli_470362_b1
snli,eval,snli_422833_b0_6694,snli_422833_b0,snli_422833_b1
snli,eval,snli_103492_b0_6695,snli_103492_b0,snli_103492_b1
snli,eval,snli_158419_b0_6696,snli_158419_b0,snli_158419_b1
snli,eval,snli_259433_b0_6697,snli_259433_b0,snli_259433_b1
snli,eval,snli_224659_b0_6698,snli_224659_b0,snli_224659_b1
snli,eval,snli_327977_b0_6699,snli_327977_b0,snli_327977_b1
snli,eval,snli_9146_b0_6700,snli_9146_b0,snli_9146_b1
snli,eval,snli_509370_b0_6701,snli_509370_b0,snli_509370_b1
snli,eval,snli_102418_b0_6702,snli_102418_b0,snli_102418_b1
snli,eval,snli_132237_b0_6703,snli_132237_b0,snli_132237_b1
snli,eval,snli_493048_b0_6704,snli_493048_b0,snli_493048_b1
snli,eval,snli_294872_b0_6705,snli_294872_b0,snli_294872_b1
snli,eval,snli_347718_b0_6706,snli_347718_b0,snli_347718_b1
snli,eval,snli_247593_b0_6707,snli_247593_b0,snli_247593_b1
snli,eval,snli_501598_b0_6708,snli_501598_b0,snli_501598_b1
snli,eval,snli_238903_b0_6709,snli_238903_b0,snli_238903_b1
snli,eval,snli_37897_b0_6710,snli_37897_b0,snli_37897_b1
snli,eval,snli_375354_b0_6711,snli_375354_b0,snli_375354_b1
snli,eval,snli_177540_b0_6712,snli_177540_b0,snli_177540_b1
snli,eval,snli_334451_b0_6713,snli_334451_b0,snli_334451_b1
snli,eval,snli_269175_b0_6714,snli_269175_b0,snli_269175_b1
snli,eval,snli_503684_b0_6715,snli_503684_b0,snli_503684_b1
snli,eval,snli_314924_b0_6716,snli_314924_b0,snli_314924_b1
snli,eval,snli_235323_b0_6717,snli_235323_b0,snli_235323_b1
snli,eval,snli_27310_b0_6718,snli_27310_b0,snli_27310_b1
snli,eval,snli_343642_b0_6719,snli_343642_b0,snli_343642_b1
snli,eval,snli_322764_b0_6720,snli_322764_b0,snli_322764_b1
snli,eval,snli_404622_b0_6721,snli_404622_b0,snli_404622_b1
snli,eval,snli_99011_b0_6722,snli_99011_b0,snli_99011_b1
snli,eval,snli_208948_b0_6723,snli_208948_b0,snli_208948_b1
snli,eval,snli_25239_b0_6724,snli_25239_b0,snli_25239_b1
snli,eval,snli_280128_b0_6725,snli_280128_b0,snli_280128_b1
snli,eval,snli_59126_b0_6726,snli_59126_b0,snli_59126_b1
snli,eval,snli_515041_b0_6727,snli_515041_b0,snli_515041_b1
snli,eval,snli_24447_b0_6728,snli_24447_b0,snli_24447_b1
snli,eval,snli_307346_b0_6729,snli_307346_b0,snli_307346_b1
snli,eval,snli_177971_b0_6730,snli_177971_b0,snli_177971_b1
snli,eval,snli_169772_b0_6731,snli_169772_b0,snli_169772_b1
snli,eval,snli_34483_b0_6732,snli_34483_b0,snli_34483_b1
snli,eval,snli_234388_b0_6733,snli_234388_b0,snli_234388_b1
snli,eval,snli_402088_b0_6734,snli_402088_b0,snli_402088_b1
snli,eval,snli_220108_b0_6735,snli_220108_b0,snli_220108_b1
snli,eval,snli_325400_b0_6736,snli_325400_b0,snli_325400_b1
snli,eval,snli_394766_b0_6737,snli_394766_b0,snli_394766_b1
snli,eval,snli_207230_b0_6738,snli_207230_b0,snli_207230_b1
snli,eval,snli_488880_b0_6739,snli_488880_b0,snli_488880_b1
snli,eval,snli_109911_b0_6740,snli_109911_b0,snli_109911_b1
snli,eval,snli_361429_b0_6741,snli_361429_b0,snli_361429_b1
snli,eval,snli_446961_b0_6742,snli_446961_b0,snli_446961_b1
snli,eval,snli_108892_b0_6743,snli_108892_b0,snli_108892_b1
snli,eval,snli_183827_b0_6744,snli_183827_b0,snli_183827_b1
snli,eval,snli_544416_b0_6745,snli_544416_b0,snli_544416_b1
snli,eval,snli_36851_b0_6746,snli_36851_b0,snli_36851_b1
snli,eval,snli_542017_b0_6747,snli_542017_b0,snli_542017_b1
snli,eval,snli_219460_b0_6748,snli_219460_b0,snli_219460_b1
snli,eval,snli_126709_b0_6749,snli_126709_b0,snli_126709_b1
snli,eval,snli_527276_b0_6750,snli_527276_b0,snli_527276_b1
snli,eval,snli_530532_b0_6751,snli_530532_b0,snli_530532_b1
snli,eval,snli_324067_b0_6752,snli_324067_b0,snli_324067_b1
snli,eval,snli_22181_b0_6753,snli_22181_b0,snli_22181_b1
snli,eval,snli_137473_b0_6754,snli_137473_b0,snli_137473_b1
snli,eval,snli_129427_b0_6755,snli_129427_b0,snli_129427_b1
snli,eval,snli_463991_b0_6756,snli_463991_b0,snli_463991_b1
snli,eval,snli_83231_b0_6757,snli_83231_b0,snli_83231_b1
snli,eval,snli_548988_b0_6758,snli_548988_b0,snli_548988_b1
snli,eval,snli_101610_b0_6759,snli_101610_b0,snli_101610_b1
snli,eval,snli_426987_b0_6760,snli_426987_b0,snli_426987_b1
snli,eval,snli_253800_b0_6761,snli_253800_b0,snli_253800_b1
snli,eval,snli_437525_b0_6762,snli_437525_b0,snli_437525_b1
snli,eval,snli_71488_b0_6763,snli_71488_b0,snli_71488_b1
snli,eval,snli_380771_b0_6764,snli_380771_b0,snli_380771_b1
snli,eval,snli_176996_b0_6765,snli_176996_b0,snli_176996_b1
snli,eval,snli_6360_b0_6766,snli_6360_b0,snli_6360_b1
snli,eval,snli_458397_b0_6767,snli_458397_b0,snli_458397_b1
snli,eval,snli_212761_b0_6768,snli_212761_b0,snli_212761_b1
snli,eval,snli_390562_b0_6769,snli_390562_b0,snli_390562_b1
snli,eval,snli_17739_b0_6770,snli_17739_b0,snli_17739_b1
snli,eval,snli_41427_b0_6771,snli_41427_b0,snli_41427_b1
snli,eval,snli_59378_b0_6772,snli_59378_b0,snli_59378_b1
snli,eval,snli_156786_b0_6773,snli_156786_b0,snli_156786_b1
snli,eval,snli_154807_b0_6774,snli_154807_b0,snli_154807_b1
snli,eval,snli_164486_b0_6775,snli_164486_b0,snli_164486_b1
snli,eval,snli_371281_b0_6776,snli_371281_b0,snli_371281_b1
snli,eval,snli_224400_b0_6777,snli_224400_b0,snli_224400_b1
snli,eval,snli_47178_b0_6778,snli_47178_b0,snli_47178_b1
snli,eval,snli_306127_b0_6779,snli_306127_b0,snli_306127_b1
snli,eval,snli_438814_b0_6780,snli_438814_b0,snli_438814_b1
snli,eval,snli_94255_b0_6781,snli_94255_b0,snli_94255_b1
snli,eval,snli_481552_b0_6782,snli_481552_b0,snli_481552_b1
snli,eval,snli_204641_b0_6783,snli_204641_b0,snli_204641_b1
snli,eval,snli_246741_b0_6784,snli_246741_b0,snli_246741_b1
snli,eval,snli_82420_b0_6785,snli_82420_b0,snli_82420_b1
snli,eval,snli_279442_b0_6786,snli_279442_b0,snli_279442_b1
snli,eval,snli_63406_b0_6787,snli_63406_b0,snli_63406_b1
snli,eval,snli_371273_b0_6788,snli_371273_b0,snli_371273_b1
snli,eval,snli_220906_b0_6789,snli_220906_b0,snli_220906_b1
snli,eval,snli_113437_b0_6790,snli_113437_b0,snli_113437_b1
snli,eval,snli_158941_b0_6791,snli_158941_b0,snli_158941_b1
snli,eval,snli_414499_b0_6792,snli_414499_b0,snli_414499_b1
snli,eval,snli_362908_b0_6793,snli_362908_b0,snli_362908_b1
snli,eval,snli_331239_b0_6794,snli_331239_b0,snli_331239_b1
snli,eval,snli_319742_b0_6795,snli_319742_b0,snli_319742_b1
snli,eval,snli_4405_b0_6796,snli_4405_b0,snli_4405_b1
snli,eval,snli_217797_b0_6797,snli_217797_b0,snli_217797_b1
snli,eval,snli_373872_b0_6798,snli_373872_b0,snli_373872_b1
snli,eval,snli_234569_b0_6799,snli_234569_b0,snli_234569_b1
snli,eval,snli_377034_b0_6800,snli_377034_b0,snli_377034_b1
snli,eval,snli_118183_b0_6801,snli_118183_b0,snli_118183_b1
snli,eval,snli_522895_b0_6802,snli_522895_b0,snli_522895_b1
snli,eval,snli_317853_b0_6803,snli_317853_b0,snli_317853_b1
snli,eval,snli_461446_b0_6804,snli_461446_b0,snli_461446_b1
snli,eval,snli_25828_b0_6805,snli_25828_b0,snli_25828_b1
snli,eval,snli_396477_b0_6806,snli_396477_b0,snli_396477_b1
snli,eval,snli_184034_b0_6807,snli_184034_b0,snli_184034_b1
snli,eval,snli_408844_b0_6808,snli_408844_b0,snli_408844_b1
snli,eval,snli_215310_b0_6809,snli_215310_b0,snli_215310_b1
snli,eval,snli_76139_b0_6810,snli_76139_b0,snli_76139_b1
snli,eval,snli_428899_b0_6811,snli_428899_b0,snli_428899_b1
snli,eval,snli_378804_b0_6812,snli_378804_b0,snli_378804_b1
snli,eval,snli_491916_b0_6813,snli_491916_b0,snli_491916_b1
snli,eval,snli_10845_b0_6814,snli_10845_b0,snli_10845_b1
snli,eval,snli_9434_b0_6815,snli_9434_b0,snli_9434_b1
snli,eval,snli_63649_b0_6816,snli_63649_b0,snli_63649_b1
snli,eval,snli_87119_b0_6817,snli_87119_b0,snli_87119_b1
snli,eval,snli_149149_b0_6818,snli_149149_b0,snli_149149_b1
snli,eval,snli_14939_b0_6819,snli_14939_b0,snli_14939_b1
snli,eval,snli_348932_b0_6820,snli_348932_b0,snli_348932_b1
snli,eval,snli_65402_b0_6821,snli_65402_b0,snli_65402_b1
snli,eval,snli_404477_b0_6822,snli_404477_b0,snli_404477_b1
snli,eval,snli_361167_b0_6823,snli_361167_b0,snli_361167_b1
snli,eval,snli_160743_b0_6824,snli_160743_b0,snli_160743_b1
snli,eval,snli_521139_b0_6825,snli_521139_b0,snli_521139_b1
snli,eval,snli_454103_b0_6826,snli_454103_b0,snli_454103_b1
snli,eval,snli_295805_b0_6827,snli_295805_b0,snli_295805_b1
snli,eval,snli_212482_b0_6828,snli_212482_b0,snli_212482_b1
snli,eval,snli_485294_b0_6829,snli_485294_b0,snli_485294_b1
snli,eval,snli_193616_b0_6830,snli_193616_b0,snli_193616_b1
snli,eval,snli_351342_b0_6831,snli_351342_b0,snli_351342_b1
snli,eval,snli_489422_b0_6832,snli_489422_b0,snli_489422_b1
snli,eval,snli_380687_b0_6833,snli_380687_b0,snli_380687_b1
snli,eval,snli_194000_b0_6834,snli_194000_b0,snli_194000_b1
snli,eval,snli_248928_b0_6835,snli_248928_b0,snli_248928_b1
snli,eval,snli_19062_b0_6836,snli_19062_b0,snli_19062_b1
snli,eval,snli_56738_b0_6837,snli_56738_b0,snli_56738_b1
snli,eval,snli_549008_b0_6838,snli_549008_b0,snli_549008_b1
snli,eval,snli_28222_b0_6839,snli_28222_b0,snli_28222_b1
snli,eval,snli_56423_b0_6840,snli_56423_b0,snli_56423_b1
snli,eval,snli_12722_b0_6841,snli_12722_b0,snli_12722_b1
snli,eval,snli_406447_b0_6842,snli_406447_b0,snli_406447_b1
snli,eval,snli_235667_b0_6843,snli_235667_b0,snli_235667_b1
snli,eval,snli_379641_b0_6844,snli_379641_b0,snli_379641_b1
snli,eval,snli_359864_b0_6845,snli_359864_b0,snli_359864_b1
snli,eval,snli_392774_b0_6846,snli_392774_b0,snli_392774_b1
snli,eval,snli_200621_b0_6847,snli_200621_b0,snli_200621_b1
snli,eval,snli_85905_b0_6848,snli_85905_b0,snli_85905_b1
snli,eval,snli_401780_b0_6849,snli_401780_b0,snli_401780_b1
snli,eval,snli_467919_b0_6850,snli_467919_b0,snli_467919_b1
snli,eval,snli_17144_b0_6851,snli_17144_b0,snli_17144_b1
snli,eval,snli_499432_b0_6852,snli_499432_b0,snli_499432_b1
snli,eval,snli_212191_b0_6853,snli_212191_b0,snli_212191_b1
copa,train,copa_train_221_b0_2000,copa_train_221_b0,copa_train_221_b1
copa,train,copa_validation_34_b0_2001,copa_validation_34_b0,copa_validation_34_b1
copa,train,copa_train_109_b0_2002,copa_train_109_b0,copa_train_109_b1
copa,train,copa_train_334_b0_2003,copa_train_334_b0,copa_train_334_b1
copa,train,copa_train_375_b0_2004,copa_train_375_b0,copa_train_375_b1
copa,train,copa_train_71_b0_2005,copa_train_71_b0,copa_train_71_b1
copa,train,copa_train_378_b0_2006,copa_train_378_b0,copa_train_378_b1
copa,train,copa_train_205_b0_2007,copa_train_205_b0,copa_train_205_b1
copa,train,copa_train_290_b0_2008,copa_train_290_b0,copa_train_290_b1
copa,train,copa_train_181_b0_2009,copa_train_181_b0,copa_train_181_b1
copa,train,copa_train_182_b0_2010,copa_train_182_b0,copa_train_182_b1
copa,train,copa_train_227_b0_2011,copa_train_227_b0,copa_train_227_b1
copa,train,copa_train_371_b0_2012,copa_train_371_b0,copa_train_371_b1
copa,train,copa_train_41_b0_2013,copa_train_41_b0,copa_train_41_b1
copa,train,copa_train_55_b0_2014,copa_train_55_b0,copa_train_55_b1
copa,train,copa_validation_8_b0_2015,copa_validation_8_b0,copa_validation_8_b1
copa,train,copa_train_142_b0_2016,copa_train_142_b0,copa_train_142_b1
copa,train,copa_train_148_b0_2017,copa_train_148_b0,copa_train_148_b1
copa,train,copa_train_292_b0_2018,copa_train_292_b0,copa_train_292_b1
copa,train,copa_train_145_b0_2019,copa_train_145_b0,copa_train_145_b1
copa,train,copa_train_235_b0_2020,copa_train_235_b0,copa_train_235_b1
copa,train,copa_validation_56_b0_2021,copa_validation_56_b0,copa_validation_56_b1
copa,train,copa_train_15_b0_2022,copa_train_15_b0,copa_train_15_b1
copa,train,copa_train_209_b0_2023,copa_train_209_b0,copa_train_209_b1
copa,train,copa_train_251_b0_2024,copa_train_251_b0,copa_train_251_b1
copa,train,copa_validation_18_b0_2025,copa_validation_18_b0,copa_validation_18_b1
copa,train,copa_train_119_b0_2026,copa_train_119_b0,copa_train_119_b1
copa,train,copa_validation_11_b0_2027,copa_validation_11_b0,copa_validation_11_b1
copa,train,copa_train_63_b0_2028,copa_train_63_b0,copa_train_63_b1
copa,train,copa_validation_40_b0_2029,copa_validation_40_b0,copa_validation_40_b1
copa,train,copa_train_391_b0_2030,copa_train_391_b0,copa_train_391_b1
copa,train,copa_train_54_b0_2031,copa_train_54_b0,copa_train_54_b1
copa,train,copa_validation_78_b0_2032,copa_validation_78_b0,copa_validation_78_b1
copa,train,copa_train_269_b0_2033,copa_train_269_b0,copa_train_269_b1
copa,train,copa_train_254_b0_2034,copa_train_254_b0,copa_train_254_b1
copa,train,copa_train_220_b0_2035,copa_train_220_b0,copa_train_220_b1
copa,train,copa_train_5_b0_2036,copa_train_5_b0,copa_train_5_b1
copa,train,copa_train_297_b0_2037,copa_train_297_b0,copa_train_297_b1
copa,train,copa_train_212_b0_2038,copa_train_212_b0,copa_train_212_b1
copa,train,copa_train_255_b0_2039,copa_train_255_b0,copa_train_255_b1
copa,train,copa_train_374_b0_2040,copa_train_374_b0,copa_train_374_b1
copa,train,copa_train_2_b0_2041,copa_train_2_b0,copa_train_2_b1
copa,train,copa_train_345_b0_2042,copa_train_345_b0,copa_train_345_b1
copa,train,copa_train_316_b0_2043,copa_train_316_b0,copa_train_316_b1
copa,train,copa_train_340_b0_2044,copa_train_340_b0,copa_train_340_b1
copa,train,copa_train_214_b0_2045,copa_train_214_b0,copa_train_214_b1
copa,train,copa_train_324_b0_2046,copa_train_324_b0,copa_train_324_b1
copa,train,copa_train_244_b0_2047,copa_train_244_b0,copa_train_244_b1
copa,train,copa_train_94_b0_2048,copa_train_94_b0,copa_train_94_b1
copa,train,copa_train_348_b0_2049,copa_train_348_b0,copa_train_348_b1
copa,train,copa_train_356_b0_2050,copa_train_356_b0,copa_train_356_b1
copa,train,copa_train_111_b0_2051,copa_train_111_b0,copa_train_111_b1
copa,train,copa_train_206_b0_2052,copa_train_206_b0,copa_train_206_b1
copa,train,copa_train_277_b0_2053,copa_train_277_b0,copa_train_277_b1
copa,train,copa_train_381_b0_2054,copa_train_381_b0,copa_train_381_b1
copa,train,copa_validation_83_b0_2055,copa_validation_83_b0,copa_validation_83_b1
copa,train,copa_validation_2_b0_2056,copa_validation_2_b0,copa_validation_2_b1
copa,train,copa_validation_53_b0_2057,copa_validation_53_b0,copa_validation_53_b1
copa,train,copa_train_246_b0_2058,copa_train_246_b0,copa_train_246_b1
copa,train,copa_train_98_b0_2059,copa_train_98_b0,copa_train_98_b1
copa,train,copa_validation_41_b0_2060,copa_validation_41_b0,copa_validation_41_b1
copa,train,copa_train_242_b0_2061,copa_train_242_b0,copa_train_242_b1
copa,train,copa_validation_35_b0_2062,copa_validation_35_b0,copa_validation_35_b1
copa,train,copa_train_185_b0_2063,copa_train_185_b0,copa_train_185_b1
copa,train,copa_train_88_b0_2064,copa_train_88_b0,copa_train_88_b1
copa,train,copa_validation_36_b0_2065,copa_validation_36_b0,copa_validation_36_b1
copa,train,copa_train_126_b0_2066,copa_train_126_b0,copa_train_126_b1
copa,train,copa_train_75_b0_2067,copa_train_75_b0,copa_train_75_b1
copa,train,copa_train_321_b0_2068,copa_train_321_b0,copa_train_321_b1
copa,train,copa_train_27_b0_2069,copa_train_27_b0,copa_train_27_b1
copa,train,copa_train_335_b0_2070,copa_train_335_b0,copa_train_335_b1
copa,train,copa_train_18_b0_2071,copa_train_18_b0,copa_train_18_b1
copa,train,copa_train_39_b0_2072,copa_train_39_b0,copa_train_39_b1
copa,train,copa_validation_74_b0_2073,copa_validation_74_b0,copa_validation_74_b1
copa,train,copa_validation_48_b0_2074,copa_validation_48_b0,copa_validation_48_b1
copa,train,copa_train_379_b0_2075,copa_train_379_b0,copa_train_379_b1
copa,train,copa_validation_4_b0_2076,copa_validation_4_b0,copa_validation_4_b1
copa,train,copa_validation_85_b0_2077,copa_validation_85_b0,copa_validation_85_b1
copa,train,copa_train_90_b0_2078,copa_train_90_b0,copa_train_90_b1
copa,train,copa_train_84_b0_2079,copa_train_84_b0,copa_train_84_b1
copa,train,copa_train_195_b0_2080,copa_train_195_b0,copa_train_195_b1
copa,train,copa_train_201_b0_2081,copa_train_201_b0,copa_train_201_b1
copa,train,copa_train_252_b0_2082,copa_train_252_b0,copa_train_252_b1
copa,train,copa_train_386_b0_2083,copa_train_386_b0,copa_train_386_b1
copa,train,copa_validation_37_b0_2084,copa_validation_37_b0,copa_validation_37_b1
copa,train,copa_validation_91_b0_2085,copa_validation_91_b0,copa_validation_91_b1
copa,train,copa_train_83_b0_2086,copa_train_83_b0,copa_train_83_b1
copa,train,copa_train_336_b0_2087,copa_train_336_b0,copa_train_336_b1
copa,train,copa_train_133_b0_2088,copa_train_133_b0,copa_train_133_b1
copa,train,copa_train_310_b0_2089,copa_train_310_b0,copa_train_310_b1
copa,train,copa_train_162_b0_2090,copa_train_162_b0,copa_train_162_b1
copa,train,copa_validation_76_b0_2091,copa_validation_76_b0,copa_validation_76_b1
copa,train,copa_train_89_b0_2092,copa_train_89_b0,copa_train_89_b1
copa,train,copa_train_85_b0_2093,copa_train_85_b0,copa_train_85_b1
copa,train,copa_train_155_b0_2094,copa_train_155_b0,copa_train_155_b1
copa,train,copa_train_19_b0_2095,copa_train_19_b0,copa_train_19_b1
copa,train,copa_validation_77_b0_2096,copa_validation_77_b0,copa_validation_77_b1
copa,train,copa_train_250_b0_2097,copa_train_250_b0,copa_train_250_b1
copa,train,copa_train_232_b0_2098,copa_train_232_b0,copa_train_232_b1
copa,train,copa_train_346_b0_2099,copa_train_346_b0,copa_train_346_b1
copa,train,copa_train_353_b0_2100,copa_train_353_b0,copa_train_353_b1
copa,train,copa_train_99_b0_2101,copa_train_99_b0,copa_train_99_b1
copa,train,copa_train_38_b0_2102,copa_train_38_b0,copa_train_38_b1
copa,train,copa_train_203_b0_2103,copa_train_203_b0,copa_train_203_b1
copa,train,copa_train_305_b0_2104,copa_train_305_b0,copa_train_305_b1
copa,train,copa_train_196_b0_2105,copa_train_196_b0,copa_train_196_b1
copa,train,copa_train_266_b0_2106,copa_train_266_b0,copa_train_266_b1
copa,train,copa_train_103_b0_2107,copa_train_103_b0,copa_train_103_b1
copa,train,copa_train_291_b0_2108,copa_train_291_b0,copa_train_291_b1
copa,train,copa_validation_86_b0_2109,copa_validation_86_b0,copa_validation_86_b1
copa,train,copa_train_222_b0_2110,copa_train_222_b0,copa_train_222_b1
copa,train,copa_train_147_b0_2111,copa_train_147_b0,copa_train_147_b1
copa,train,copa_validation_7_b0_2112,copa_validation_7_b0,copa_validation_7_b1
copa,train,copa_train_167_b0_2113,copa_train_167_b0,copa_train_167_b1
copa,train,copa_train_36_b0_2114,copa_train_36_b0,copa_train_36_b1
copa,train,copa_train_264_b0_2115,copa_train_264_b0,copa_train_264_b1
copa,train,copa_train_136_b0_2116,copa_train_136_b0,copa_train_136_b1
copa,train,copa_train_225_b0_2117,copa_train_225_b0,copa_train_225_b1
copa,train,copa_train_202_b0_2118,copa_train_202_b0,copa_train_202_b1
copa,train,copa_train_382_b0_2119,copa_train_382_b0,copa_train_382_b1
copa,train,copa_validation_45_b0_2120,copa_validation_45_b0,copa_validation_45_b1
copa,train,copa_train_124_b0_2121,copa_train_124_b0,copa_train_124_b1
copa,train,copa_train_164_b0_2122,copa_train_164_b0,copa_train_164_b1
copa,train,copa_train_308_b0_2123,copa_train_308_b0,copa_train_308_b1
copa,train,copa_validation_71_b0_2124,copa_validation_71_b0,copa_validation_71_b1
copa,train,copa_train_161_b0_2125,copa_train_161_b0,copa_train_161_b1
copa,train,copa_train_52_b0_2126,copa_train_52_b0,copa_train_52_b1
copa,train,copa_train_274_b0_2127,copa_train_274_b0,copa_train_274_b1
copa,train,copa_train_365_b0_2128,copa_train_365_b0,copa_train_365_b1
copa,train,copa_train_160_b0_2129,copa_train_160_b0,copa_train_160_b1
copa,train,copa_train_93_b0_2130,copa_train_93_b0,copa_train_93_b1
copa,train,copa_train_355_b0_2131,copa_train_355_b0,copa_train_355_b1
copa,train,copa_train_362_b0_2132,copa_train_362_b0,copa_train_362_b1
copa,train,copa_train_383_b0_2133,copa_train_383_b0,copa_train_383_b1
copa,train,copa_validation_15_b0_2134,copa_validation_15_b0,copa_validation_15_b1
copa,train,copa_train_44_b0_2135,copa_train_44_b0,copa_train_44_b1
copa,train,copa_train_236_b0_2136,copa_train_236_b0,copa_train_236_b1
copa,train,copa_train_354_b0_2137,copa_train_354_b0,copa_train_354_b1
copa,train,copa_train_223_b0_2138,copa_train_223_b0,copa_train_223_b1
copa,train,copa_validation_3_b0_2139,copa_validation_3_b0,copa_validation_3_b1
copa,train,copa_train_77_b0_2140,copa_train_77_b0,copa_train_77_b1
copa,train,copa_train_31_b0_2141,copa_train_31_b0,copa_train_31_b1
copa,train,copa_train_32_b0_2142,copa_train_32_b0,copa_train_32_b1
copa,train,copa_train_256_b0_2143,copa_train_256_b0,copa_train_256_b1
copa,train,copa_train_380_b0_2144,copa_train_380_b0,copa_train_380_b1
copa,train,copa_train_137_b0_2145,copa_train_137_b0,copa_train_137_b1
copa,train,copa_train_329_b0_2146,copa_train_329_b0,copa_train_329_b1
copa,train,copa_validation_5_b0_2147,copa_validation_5_b0,copa_validation_5_b1
copa,train,copa_train_300_b0_2148,copa_train_300_b0,copa_train_300_b1
copa,train,copa_validation_54_b0_2149,copa_validation_54_b0,copa_validation_54_b1
copa,train,copa_validation_75_b0_2150,copa_validation_75_b0,copa_validation_75_b1
copa,train,copa_train_253_b0_2151,copa_train_253_b0,copa_train_253_b1
copa,train,copa_train_153_b0_2152,copa_train_153_b0,copa_train_153_b1
copa,train,copa_validation_20_b0_2153,copa_validation_20_b0,copa_validation_20_b1
copa,train,copa_train_166_b0_2154,copa_train_166_b0,copa_train_166_b1
copa,train,copa_train_361_b0_2155,copa_train_361_b0,copa_train_361_b1
copa,train,copa_train_372_b0_2156,copa_train_372_b0,copa_train_372_b1
copa,train,copa_train_200_b0_2157,copa_train_200_b0,copa_train_200_b1
copa,train,copa_train_281_b0_2158,copa_train_281_b0,copa_train_281_b1
copa,train,copa_validation_68_b0_2159,copa_validation_68_b0,copa_validation_68_b1
copa,train,copa_train_208_b0_2160,copa_train_208_b0,copa_train_208_b1
copa,train,copa_train_0_b0_2161,copa_train_0_b0,copa_train_0_b1
copa,train,copa_train_299_b0_2162,copa_train_299_b0,copa_train_299_b1
copa,train,copa_train_43_b0_2163,copa_train_43_b0,copa_train_43_b1
copa,train,copa_train_189_b0_2164,copa_train_189_b0,copa_train_189_b1
copa,train,copa_train_46_b0_2165,copa_train_46_b0,copa_train_46_b1
copa,train,copa_train_229_b0_2166,copa_train_229_b0,copa_train_229_b1
copa,train,copa_train_159_b0_2167,copa_train_159_b0,copa_train_159_b1
copa,train,copa_train_128_b0_2168,copa_train_128_b0,copa_train_128_b1
copa,train,copa_train_367_b0_2169,copa_train_367_b0,copa_train_367_b1
copa,train,copa_train_198_b0_2170,copa_train_198_b0,copa_train_198_b1
copa,train,copa_validation_92_b0_2171,copa_validation_92_b0,copa_validation_92_b1
copa,train,copa_train_10_b0_2172,copa_train_10_b0,copa_train_10_b1
copa,train,copa_train_272_b0_2173,copa_train_272_b0,copa_train_272_b1
copa,train,copa_train_92_b0_2174,copa_train_92_b0,copa_train_92_b1
copa,train,copa_train_219_b0_2175,copa_train_219_b0,copa_train_219_b1
copa,train,copa_train_387_b0_2176,copa_train_387_b0,copa_train_387_b1
copa,train,copa_validation_90_b0_2177,copa_validation_90_b0,copa_validation_90_b1
copa,train,copa_train_70_b0_2178,copa_train_70_b0,copa_train_70_b1
copa,train,copa_train_388_b0_2179,copa_train_388_b0,copa_train_388_b1
copa,train,copa_train_320_b0_2180,copa_train_320_b0,copa_train_320_b1
copa,train,copa_validation_49_b0_2181,copa_validation_49_b0,copa_validation_49_b1
copa,train,copa_train_107_b0_2182,copa_train_107_b0,copa_train_107_b1
copa,train,copa_train_359_b0_2183,copa_train_359_b0,copa_train_359_b1
copa,train,copa_train_394_b0_2184,copa_train_394_b0,copa_train_394_b1
copa,train,copa_train_141_b0_2185,copa_train_141_b0,copa_train_141_b1
copa,train,copa_train_199_b0_2186,copa_train_199_b0,copa_train_199_b1
copa,train,copa_validation_97_b0_2187,copa_validation_97_b0,copa_validation_97_b1
copa,train,copa_train_399_b0_2188,copa_train_399_b0,copa_train_399_b1
copa,train,copa_train_358_b0_2189,copa_train_358_b0,copa_train_358_b1
copa,train,copa_train_331_b0_2190,copa_train_331_b0,copa_train_331_b1
copa,train,copa_train_45_b0_2191,copa_train_45_b0,copa_train_45_b1
copa,train,copa_validation_57_b0_2192,copa_validation_57_b0,copa_validation_57_b1
copa,train,copa_validation_19_b0_2193,copa_validation_19_b0,copa_validation_19_b1
copa,train,copa_train_47_b0_2194,copa_train_47_b0,copa_train_47_b1
copa,train,copa_validation_13_b0_2195,copa_validation_13_b0,copa_validation_13_b1
copa,train,copa_train_313_b0_2196,copa_train_313_b0,copa_train_313_b1
copa,train,copa_train_298_b0_2197,copa_train_298_b0,copa_train_298_b1
copa,train,copa_train_366_b0_2198,copa_train_366_b0,copa_train_366_b1
copa,train,copa_train_327_b0_2199,copa_train_327_b0,copa_train_327_b1
copa,train,copa_train_349_b0_2200,copa_train_349_b0,copa_train_349_b1
copa,train,copa_validation_9_b0_2201,copa_validation_9_b0,copa_validation_9_b1
copa,train,copa_validation_59_b0_2202,copa_validation_59_b0,copa_validation_59_b1
copa,train,copa_validation_88_b0_2203,copa_validation_88_b0,copa_validation_88_b1
copa,train,copa_train_114_b0_2204,copa_train_114_b0,copa_train_114_b1
copa,train,copa_train_123_b0_2205,copa_train_123_b0,copa_train_123_b1
copa,train,copa_train_150_b0_2206,copa_train_150_b0,copa_train_150_b1
copa,train,copa_train_33_b0_2207,copa_train_33_b0,copa_train_33_b1
copa,train,copa_train_144_b0_2208,copa_train_144_b0,copa_train_144_b1
copa,train,copa_validation_55_b0_2209,copa_validation_55_b0,copa_validation_55_b1
copa,train,copa_validation_39_b0_2210,copa_validation_39_b0,copa_validation_39_b1
copa,train,copa_validation_6_b0_2211,copa_validation_6_b0,copa_validation_6_b1
copa,train,copa_train_284_b0_2212,copa_train_284_b0,copa_train_284_b1
copa,train,copa_validation_65_b0_2213,copa_validation_65_b0,copa_validation_65_b1
copa,train,copa_validation_10_b0_2214,copa_validation_10_b0,copa_validation_10_b1
copa,train,copa_train_17_b0_2215,copa_train_17_b0,copa_train_17_b1
copa,train,copa_train_168_b0_2216,copa_train_168_b0,copa_train_168_b1
copa,train,copa_train_140_b0_2217,copa_train_140_b0,copa_train_140_b1
copa,train,copa_train_116_b0_2218,copa_train_116_b0,copa_train_116_b1
copa,train,copa_train_273_b0_2219,copa_train_273_b0,copa_train_273_b1
copa,train,copa_train_385_b0_2220,copa_train_385_b0,copa_train_385_b1
copa,train,copa_validation_50_b0_2221,copa_validation_50_b0,copa_validation_50_b1
copa,train,copa_train_328_b0_2222,copa_train_328_b0,copa_train_328_b1
copa,train,copa_validation_70_b0_2223,copa_validation_70_b0,copa_validation_70_b1
copa,train,copa_train_117_b0_2224,copa_train_117_b0,copa_train_117_b1
copa,train,copa_train_397_b0_2225,copa_train_397_b0,copa_train_397_b1
copa,train,copa_train_343_b0_2226,copa_train_343_b0,copa_train_343_b1
copa,train,copa_train_122_b0_2227,copa_train_122_b0,copa_train_122_b1
copa,train,copa_train_106_b0_2228,copa_train_106_b0,copa_train_106_b1
copa,train,copa_train_295_b0_2229,copa_train_295_b0,copa_train_295_b1
copa,train,copa_train_278_b0_2230,copa_train_278_b0,copa_train_278_b1
copa,train,copa_train_42_b0_2231,copa_train_42_b0,copa_train_42_b1
copa,train,copa_train_210_b0_2232,copa_train_210_b0,copa_train_210_b1
copa,train,copa_train_285_b0_2233,copa_train_285_b0,copa_train_285_b1
copa,train,copa_train_396_b0_2234,copa_train_396_b0,copa_train_396_b1
copa,train,copa_train_330_b0_2235,copa_train_330_b0,copa_train_330_b1
copa,train,copa_train_72_b0_2236,copa_train_72_b0,copa_train_72_b1
copa,train,copa_train_74_b0_2237,copa_train_74_b0,copa_train_74_b1
copa,train,copa_train_12_b0_2238,copa_train_12_b0,copa_train_12_b1
copa,train,copa_train_342_b0_2239,copa_train_342_b0,copa_train_342_b1
copa,train,copa_train_26_b0_2240,copa_train_26_b0,copa_train_26_b1
copa,train,copa_train_157_b0_2241,copa_train_157_b0,copa_train_157_b1
copa,train,copa_train_64_b0_2242,copa_train_64_b0,copa_train_64_b1
copa,train,copa_train_339_b0_2243,copa_train_339_b0,copa_train_339_b1
copa,train,copa_train_216_b0_2244,copa_train_216_b0,copa_train_216_b1
copa,train,copa_train_186_b0_2245,copa_train_186_b0,copa_train_186_b1
copa,train,copa_train_91_b0_2246,copa_train_91_b0,copa_train_91_b1
copa,train,copa_train_53_b0_2247,copa_train_53_b0,copa_train_53_b1
copa,train,copa_train_204_b0_2248,copa_train_204_b0,copa_train_204_b1
copa,train,copa_validation_69_b0_2249,copa_validation_69_b0,copa_validation_69_b1
copa,eval,copa_train_25_b0_2250,copa_train_25_b0,copa_train_25_b1
copa,eval,copa_train_190_b0_2251,copa_train_190_b0,copa_train_190_b1
copa,eval,copa_train_8_b0_2252,copa_train_8_b0,copa_train_8_b1
copa,eval,copa_train_121_b0_2253,copa_train_121_b0,copa_train_121_b1
copa,eval,copa_validation_80_b0_2254,copa_validation_80_b0,copa_validation_80_b1
copa,eval,copa_train_68_b0_2255,copa_train_68_b0,copa_train_68_b1
copa,eval,copa_train_337_b0_2256,copa_train_337_b0,copa_train_337_b1
copa,eval,copa_train_261_b0_2257,copa_train_261_b0,copa_train_261_b1
copa,eval,copa_validation_87_b0_2258,copa_validation_87_b0,copa_validation_87_b1
copa,eval,copa_train_262_b0_2259,copa_train_262_b0,copa_train_262_b1
copa,eval,copa_train_234_b0_2260,copa_train_234_b0,copa_train_234_b1
copa,eval,copa_train_347_b0_2261,copa_train_347_b0,copa_train_347_b1
copa,eval,copa_train_65_b0_2262,copa_train_65_b0,copa_train_65_b1
copa,eval,copa_validation_29_b0_2263,copa_validation_29_b0,copa_validation_29_b1
copa,eval,copa_train_6_b0_2264,copa_train_6_b0,copa_train_6_b1
copa,eval,copa_train_393_b0_2265,copa_train_393_b0,copa_train_393_b1
copa,eval,copa_train_61_b0_2266,copa_train_61_b0,copa_train_61_b1
copa,eval,copa_train_178_b0_2267,copa_train_178_b0,copa_train_178_b1
copa,eval,copa_train_325_b0_2268,copa_train_325_b0,copa_train_325_b1
copa,eval,copa_validation_32_b0_2269,copa_validation_32_b0,copa_validation_32_b1
copa,eval,copa_train_368_b0_2270,copa_train_368_b0,copa_train_368_b1
copa,eval,copa_validation_60_b0_2271,copa_validation_60_b0,copa_validation_60_b1
copa,eval,copa_train_13_b0_2272,copa_train_13_b0,copa_train_13_b1
copa,eval,copa_train_97_b0_2273,copa_train_97_b0,copa_train_97_b1
copa,eval,copa_train_293_b0_2274,copa_train_293_b0,copa_train_293_b1
copa,eval,copa_train_248_b0_2275,copa_train_248_b0,copa_train_248_b1
copa,eval,copa_validation_98_b0_2276,copa_validation_98_b0,copa_validation_98_b1
copa,eval,copa_train_213_b0_2277,copa_train_213_b0,copa_train_213_b1
copa,eval,copa_train_132_b0_2278,copa_train_132_b0,copa_train_132_b1
copa,eval,copa_train_158_b0_2279,copa_train_158_b0,copa_train_158_b1
copa,eval,copa_train_173_b0_2280,copa_train_173_b0,copa_train_173_b1
copa,eval,copa_validation_93_b0_2281,copa_validation_93_b0,copa_validation_93_b1
copa,eval,copa_train_118_b0_2282,copa_train_118_b0,copa_train_118_b1
copa,eval,copa_train_373_b0_2283,copa_train_373_b0,copa_train_373_b1
copa,eval,copa_train_130_b0_2284,copa_train_130_b0,copa_train_130_b1
copa,eval,copa_train_286_b0_2285,copa_train_286_b0,copa_train_286_b1
copa,eval,copa_train_303_b0_2286,copa_train_303_b0,copa_train_303_b1
copa,eval,copa_train_306_b0_2287,copa_train_306_b0,copa_train_306_b1
copa,eval,copa_train_338_b0_2288,copa_train_338_b0,copa_train_338_b1
copa,eval,copa_validation_26_b0_2289,copa_validation_26_b0,copa_validation_26_b1
copa,eval,copa_train_259_b0_2290,copa_train_259_b0,copa_train_259_b1
copa,eval,copa_train_37_b0_2291,copa_train_37_b0,copa_train_37_b1
copa,eval,copa_train_28_b0_2292,copa_train_28_b0,copa_train_28_b1
copa,eval,copa_train_149_b0_2293,copa_train_149_b0,copa_train_149_b1
copa,eval,copa_train_9_b0_2294,copa_train_9_b0,copa_train_9_b1
copa,eval,copa_train_296_b0_2295,copa_train_296_b0,copa_train_296_b1
copa,eval,copa_train_4_b0_2296,copa_train_4_b0,copa_train_4_b1
copa,eval,copa_train_48_b0_2297,copa_train_48_b0,copa_train_48_b1
copa,eval,copa_train_230_b0_2298,copa_train_230_b0,copa_train_230_b1
copa,eval,copa_train_60_b0_2299,copa_train_60_b0,copa_train_60_b1
copa,eval,copa_train_326_b0_2300,copa_train_326_b0,copa_train_326_b1
copa,eval,copa_train_151_b0_2301,copa_train_151_b0,copa_train_151_b1
copa,eval,copa_train_312_b0_2302,copa_train_312_b0,copa_train_312_b1
copa,eval,copa_validation_84_b0_2303,copa_validation_84_b0,copa_validation_84_b1
copa,eval,copa_train_197_b0_2304,copa_train_197_b0,copa_train_197_b1
copa,eval,copa_validation_27_b0_2305,copa_validation_27_b0,copa_validation_27_b1
copa,eval,copa_train_226_b0_2306,copa_train_226_b0,copa_train_226_b1
copa,eval,copa_train_67_b0_2307,copa_train_67_b0,copa_train_67_b1
copa,eval,copa_train_174_b0_2308,copa_train_174_b0,copa_train_174_b1
copa,eval,copa_train_102_b0_2309,copa_train_102_b0,copa_train_102_b1
copa,eval,copa_validation_12_b0_2310,copa_validation_12_b0,copa_validation_12_b1
copa,eval,copa_train_82_b0_2311,copa_train_82_b0,copa_train_82_b1
copa,eval,copa_train_50_b0_2312,copa_train_50_b0,copa_train_50_b1
copa,eval,copa_train_138_b0_2313,copa_train_138_b0,copa_train_138_b1
copa,eval,copa_validation_58_b0_2314,copa_validation_58_b0,copa_validation_58_b1
copa,eval,copa_train_179_b0_2315,copa_train_179_b0,copa_train_179_b1
copa,eval,copa_train_35_b0_2316,copa_train_35_b0,copa_train_35_b1
copa,eval,copa_train_389_b0_2317,copa_train_389_b0,copa_train_389_b1
copa,eval,copa_train_152_b0_2318,copa_train_152_b0,copa_train_152_b1
copa,eval,copa_train_171_b0_2319,copa_train_171_b0,copa_train_171_b1
copa,eval,copa_train_14_b0_2320,copa_train_14_b0,copa_train_14_b1
copa,eval,copa_train_23_b0_2321,copa_train_23_b0,copa_train_23_b1
copa,eval,copa_train_243_b0_2322,copa_train_243_b0,copa_train_243_b1
copa,eval,copa_train_350_b0_2323,copa_train_350_b0,copa_train_350_b1
copa,eval,copa_train_139_b0_2324,copa_train_139_b0,copa_train_139_b1
copa,eval,copa_train_247_b0_2325,copa_train_247_b0,copa_train_247_b1
copa,eval,copa_train_271_b0_2326,copa_train_271_b0,copa_train_271_b1
copa,eval,copa_train_249_b0_2327,copa_train_249_b0,copa_train_249_b1
copa,eval,copa_train_233_b0_2328,copa_train_233_b0,copa_train_233_b1
copa,eval,copa_train_80_b0_2329,copa_train_80_b0,copa_train_80_b1
copa,eval,copa_train_170_b0_2330,copa_train_170_b0,copa_train_170_b1
copa,eval,copa_validation_23_b0_2331,copa_validation_23_b0,copa_validation_23_b1
copa,eval,copa_train_309_b0_2332,copa_train_309_b0,copa_train_309_b1
copa,eval,copa_train_267_b0_2333,copa_train_267_b0,copa_train_267_b1
copa,eval,copa_train_100_b0_2334,copa_train_100_b0,copa_train_100_b1
copa,eval,copa_train_96_b0_2335,copa_train_96_b0,copa_train_96_b1
copa,eval,copa_validation_99_b0_2336,copa_validation_99_b0,copa_validation_99_b1
copa,eval,copa_validation_28_b0_2337,copa_validation_28_b0,copa_validation_28_b1
copa,eval,copa_validation_67_b0_2338,copa_validation_67_b0,copa_validation_67_b1
copa,eval,copa_train_265_b0_2339,copa_train_265_b0,copa_train_265_b1
copa,eval,copa_train_87_b0_2340,copa_train_87_b0,copa_train_87_b1
copa,eval,copa_validation_30_b0_2341,copa_validation_30_b0,copa_validation_30_b1
copa,eval,copa_train_218_b0_2342,copa_train_218_b0,copa_train_218_b1
copa,eval,copa_train_357_b0_2343,copa_train_357_b0,copa_train_357_b1
copa,eval,copa_train_215_b0_2344,copa_train_215_b0,copa_train_215_b1
copa,eval,copa_validation_0_b0_2345,copa_validation_0_b0,copa_validation_0_b1
copa,eval,copa_train_131_b0_2346,copa_train_131_b0,copa_train_131_b1
copa,eval,copa_train_16_b0_2347,copa_train_16_b0,copa_train_16_b1
copa,eval,copa_train_398_b0_2348,copa_train_398_b0,copa_train_398_b1
copa,eval,copa_train_105_b0_2349,copa_train_105_b0,copa_train_105_b1
copa,eval,copa_validation_16_b0_2350,copa_validation_16_b0,copa_validation_16_b1
copa,eval,copa_train_192_b0_2351,copa_train_192_b0,copa_train_192_b1
copa,eval,copa_validation_81_b0_2352,copa_validation_81_b0,copa_validation_81_b1
copa,eval,copa_train_110_b0_2353,copa_train_110_b0,copa_train_110_b1
copa,eval,copa_train_113_b0_2354,copa_train_113_b0,copa_train_113_b1
copa,eval,copa_train_30_b0_2355,copa_train_30_b0,copa_train_30_b1
copa,eval,copa_train_1_b0_2356,copa_train_1_b0,copa_train_1_b1
copa,eval,copa_train_194_b0_2357,copa_train_194_b0,copa_train_194_b1
copa,eval,copa_train_129_b0_2358,copa_train_129_b0,copa_train_129_b1
copa,eval,copa_validation_94_b0_2359,copa_validation_94_b0,copa_validation_94_b1
copa,eval,copa_train_172_b0_2360,copa_train_172_b0,copa_train_172_b1
copa,eval,copa_validation_62_b0_2361,copa_validation_62_b0,copa_validation_62_b1
copa,eval,copa_train_257_b0_2362,copa_train_257_b0,copa_train_257_b1
copa,eval,copa_validation_33_b0_2363,copa_validation_33_b0,copa_validation_33_b1
copa,eval,copa_train_258_b0_2364,copa_train_258_b0,copa_train_258_b1
copa,eval,copa_train_360_b0_2365,copa_train_360_b0,copa_train_360_b1
copa,eval,copa_validation_64_b0_2366,copa_validation_64_b0,copa_validation_64_b1
copa,eval,copa_train_177_b0_2367,copa_train_177_b0,copa_train_177_b1
copa,eval,copa_validation_51_b0_2368,copa_validation_51_b0,copa_validation_51_b1
copa,eval,copa_train_112_b0_2369,copa_train_112_b0,copa_train_112_b1
copa,eval,copa_train_11_b0_2370,copa_train_11_b0,copa_train_11_b1
copa,eval,copa_train_376_b0_2371,copa_train_376_b0,copa_train_376_b1
copa,eval,copa_train_231_b0_2372,copa_train_231_b0,copa_train_231_b1
copa,eval,copa_train_304_b0_2373,copa_train_304_b0,copa_train_304_b1
copa,eval,copa_train_165_b0_2374,copa_train_165_b0,copa_train_165_b1
copa,eval,copa_train_180_b0_2375,copa_train_180_b0,copa_train_180_b1
copa,eval,copa_train_51_b0_2376,copa_train_51_b0,copa_train_51_b1
copa,eval,copa_validation_21_b0_2377,copa_validation_21_b0,copa_validation_21_b1
copa,eval,copa_train_344_b0_2378,copa_train_344_b0,copa_train_344_b1
copa,eval,copa_train_135_b0_2379,copa_train_135_b0,copa_train_135_b1
copa,eval,copa_train_279_b0_2380,copa_train_279_b0,copa_train_279_b1
copa,eval,copa_train_395_b0_2381,copa_train_395_b0,copa_train_395_b1
copa,eval,copa_train_20_b0_2382,copa_train_20_b0,copa_train_20_b1
copa,eval,copa_train_294_b0_2383,copa_train_294_b0,copa_train_294_b1
copa,eval,copa_train_228_b0_2384,copa_train_228_b0,copa_train_228_b1
copa,eval,copa_train_238_b0_2385,copa_train_238_b0,copa_train_238_b1
copa,eval,copa_train_311_b0_2386,copa_train_311_b0,copa_train_311_b1
copa,eval,copa_train_276_b0_2387,copa_train_276_b0,copa_train_276_b1
copa,eval,copa_train_34_b0_2388,copa_train_34_b0,copa_train_34_b1
copa,eval,copa_train_283_b0_2389,copa_train_283_b0,copa_train_283_b1
copa,eval,copa_train_370_b0_2390,copa_train_370_b0,copa_train_370_b1
copa,eval,copa_train_224_b0_2391,copa_train_224_b0,copa_train_224_b1
copa,eval,copa_train_57_b0_2392,copa_train_57_b0,copa_train_57_b1
copa,eval,copa_train_154_b0_2393,copa_train_154_b0,copa_train_154_b1
copa,eval,copa_train_392_b0_2394,copa_train_392_b0,copa_train_392_b1
copa,eval,copa_train_40_b0_2395,copa_train_40_b0,copa_train_40_b1
copa,eval,copa_train_364_b0_2396,copa_train_364_b0,copa_train_364_b1
copa,eval,copa_validation_72_b0_2397,copa_validation_72_b0,copa_validation_72_b1
copa,eval,copa_train_175_b0_2398,copa_train_175_b0,copa_train_175_b1
copa,eval,copa_train_211_b0_2399,copa_train_211_b0,copa_train_211_b1
copa,eval,copa_train_22_b0_2400,copa_train_22_b0,copa_train_22_b1
copa,eval,copa_train_275_b0_2401,copa_train_275_b0,copa_train_275_b1
copa,eval,copa_validation_96_b0_2402,copa_validation_96_b0,copa_validation_96_b1
copa,eval,copa_train_134_b0_2403,copa_train_134_b0,copa_train_134_b1
copa,eval,copa_validation_46_b0_2404,copa_validation_46_b0,copa_validation_46_b1
copa,eval,copa_train_108_b0_2405,copa_train_108_b0,copa_train_108_b1
copa,eval,copa_train_322_b0_2406,copa_train_322_b0,copa_train_322_b1
copa,eval,copa_train_260_b0_2407,copa_train_260_b0,copa_train_260_b1
copa,eval,copa_train_217_b0_2408,copa_train_217_b0,copa_train_217_b1
copa,eval,copa_validation_61_b0_2409,copa_validation_61_b0,copa_validation_61_b1
copa,eval,copa_train_81_b0_2410,copa_train_81_b0,copa_train_81_b1
copa,eval,copa_train_79_b0_2411,copa_train_79_b0,copa_train_79_b1
copa,eval,copa_train_183_b0_2412,copa_train_183_b0,copa_train_183_b1
copa,eval,copa_validation_17_b0_2413,copa_validation_17_b0,copa_validation_17_b1
copa,eval,copa_validation_1_b0_2414,copa_validation_1_b0,copa_validation_1_b1
copa,eval,copa_train_239_b0_2415,copa_train_239_b0,copa_train_239_b1
copa,eval,copa_train_341_b0_2416,copa_train_341_b0,copa_train_341_b1
copa,eval,copa_validation_73_b0_2417,copa_validation_73_b0,copa_validation_73_b1
copa,eval,copa_train_3_b0_2418,copa_train_3_b0,copa_train_3_b1
copa,eval,copa_validation_95_b0_2419,copa_validation_95_b0,copa_validation_95_b1
copa,eval,copa_validation_52_b0_2420,copa_validation_52_b0,copa_validation_52_b1
copa,eval,copa_train_143_b0_2421,copa_train_143_b0,copa_train_143_b1
copa,eval,copa_validation_43_b0_2422,copa_validation_43_b0,copa_validation_43_b1
copa,eval,copa_validation_14_b0_2423,copa_validation_14_b0,copa_validation_14_b1
copa,eval,copa_train_66_b0_2424,copa_train_66_b0,copa_train_66_b1
copa,eval,copa_train_163_b0_2425,copa_train_163_b0,copa_train_163_b1
copa,eval,copa_train_76_b0_2426,copa_train_76_b0,copa_train_76_b1
copa,eval,copa_train_237_b0_2427,copa_train_237_b0,copa_train_237_b1
copa,eval,copa_train_363_b0_2428,copa_train_363_b0,copa_train_363_b1
copa,eval,copa_validation_82_b0_2429,copa_validation_82_b0,copa_validation_82_b1
copa,eval,copa_train_156_b0_2430,copa_train_156_b0,copa_train_156_b1
copa,eval,copa_train_146_b0_2431,copa_train_146_b0,copa_train_146_b1
copa,eval,copa_train_390_b0_2432,copa_train_390_b0,copa_train_390_b1
copa,eval,copa_train_323_b0_2433,copa_train_323_b0,copa_train_323_b1
copa,eval,copa_train_193_b0_2434,copa_train_193_b0,copa_train_193_b1
copa,eval,copa_train_280_b0_2435,copa_train_280_b0,copa_train_280_b1
copa,eval,copa_train_245_b0_2436,copa_train_245_b0,copa_train_245_b1
copa,eval,copa_train_24_b0_2437,copa_train_24_b0,copa_train_24_b1
copa,eval,copa_validation_66_b0_2438,copa_validation_66_b0,copa_validation_66_b1
copa,eval,copa_train_59_b0_2439,copa_train_59_b0,copa_train_59_b1
copa,eval,copa_train_21_b0_2440,copa_train_21_b0,copa_train_21_b1
copa,eval,copa_train_318_b0_2441,copa_train_318_b0,copa_train_318_b1
copa,eval,copa_validation_42_b0_2442,copa_validation_42_b0,copa_validation_42_b1
copa,eval,copa_train_188_b0_2443,copa_train_188_b0,copa_train_188_b1
copa,eval,copa_validation_31_b0_2444,copa_validation_31_b0,copa_validation_31_b1
copa,eval,copa_train_384_b0_2445,copa_train_384_b0,copa_train_384_b1
copa,eval,copa_validation_44_b0_2446,copa_validation_44_b0,copa_validation_44_b1
copa,eval,copa_train_62_b0_2447,copa_train_62_b0,copa_train_62_b1
copa,eval,copa_train_301_b0_2448,copa_train_301_b0,copa_train_301_b1
copa,eval,copa_train_86_b0_2449,copa_train_86_b0,copa_train_86_b1
copa,eval,copa_train_319_b0_2450,copa_train_319_b0,copa_train_319_b1
copa,eval,copa_train_125_b0_2451,copa_train_125_b0,copa_train_125_b1
copa,eval,copa_train_282_b0_2452,copa_train_282_b0,copa_train_282_b1
copa,eval,copa_train_307_b0_2453,copa_train_307_b0,copa_train_307_b1
copa,eval,copa_train_101_b0_2454,copa_train_101_b0,copa_train_101_b1
copa,eval,copa_train_240_b0_2455,copa_train_240_b0,copa_train_240_b1
copa,eval,copa_train_49_b0_2456,copa_train_49_b0,copa_train_49_b1
copa,eval,copa_train_58_b0_2457,copa_train_58_b0,copa_train_58_b1
copa,eval,copa_train_187_b0_2458,copa_train_187_b0,copa_train_187_b1
copa,eval,copa_train_169_b0_2459,copa_train_169_b0,copa_train_169_b1
copa,eval,copa_validation_24_b0_2460,copa_validation_24_b0,copa_validation_24_b1
copa,eval,copa_train_352_b0_2461,copa_train_352_b0,copa_train_352_b1
copa,eval,copa_validation_79_b0_2462,copa_validation_79_b0,copa_validation_79_b1
copa,eval,copa_train_317_b0_2463,copa_train_317_b0,copa_train_317_b1
copa,eval,copa_train_268_b0_2464,copa_train_268_b0,copa_train_268_b1
copa,eval,copa_train_207_b0_2465,copa_train_207_b0,copa_train_207_b1
copa,eval,copa_train_241_b0_2466,copa_train_241_b0,copa_train_241_b1
copa,eval,copa_train_288_b0_2467,copa_train_288_b0,copa_train_288_b1
copa,eval,copa_train_56_b0_2468,copa_train_56_b0,copa_train_56_b1
copa,eval,copa_train_302_b0_2469,copa_train_302_b0,copa_train_302_b1
copa,eval,copa_train_314_b0_2470,copa_train_314_b0,copa_train_314_b1
copa,eval,copa_train_270_b0_2471,copa_train_270_b0,copa_train_270_b1
copa,eval,copa_train_73_b0_2472,copa_train_73_b0,copa_train_73_b1
copa,eval,copa_validation_22_b0_2473,copa_validation_22_b0,copa_validation_22_b1
copa,eval,copa_train_263_b0_2474,copa_train_263_b0,copa_train_263_b1
copa,eval,copa_validation_89_b0_2475,copa_validation_89_b0,copa_validation_89_b1
copa,eval,copa_train_115_b0_2476,copa_train_115_b0,copa_train_115_b1
copa,eval,copa_train_287_b0_2477,copa_train_287_b0,copa_train_287_b1
copa,eval,copa_train_191_b0_2478,copa_train_191_b0,copa_train_191_b1
copa,eval,copa_train_104_b0_2479,copa_train_104_b0,copa_train_104_b1
copa,eval,copa_train_176_b0_2480,copa_train_176_b0,copa_train_176_b1
copa,eval,copa_train_333_b0_2481,copa_train_333_b0,copa_train_333_b1
copa,eval,copa_train_332_b0_2482,copa_train_332_b0,copa_train_332_b1
copa,eval,copa_train_7_b0_2483,copa_train_7_b0,copa_train_7_b1
copa,eval,copa_validation_47_b0_2484,copa_validation_47_b0,copa_validation_47_b1
copa,eval,copa_train_351_b0_2485,copa_train_351_b0,copa_train_351_b1
copa,eval,copa_train_69_b0_2486,copa_train_69_b0,copa_train_69_b1
copa,eval,copa_train_369_b0_2487,copa_train_369_b0,copa_train_369_b1
copa,eval,copa_train_127_b0_2488,copa_train_127_b0,copa_train_127_b1
copa,eval,copa_train_377_b0_2489,copa_train_377_b0,copa_train_377_b1
copa,eval,copa_train_78_b0_2490,copa_train_78_b0,copa_train_78_b1
copa,eval,copa_train_120_b0_2491,copa_train_120_b0,copa_train_120_b1
copa,eval,copa_train_315_b0_2492,copa_train_315_b0,copa_train_315_b1
copa,eval,copa_validation_38_b0_2493,copa_validation_38_b0,copa_validation_38_b1
copa,eval,copa_train_29_b0_2494,copa_train_29_b0,copa_train_29_b1
copa,eval,copa_validation_25_b0_2495,copa_validation_25_b0,copa_validation_25_b1
copa,eval,copa_train_184_b0_2496,copa_train_184_b0,copa_train_184_b1
copa,eval,copa_train_289_b0_2497,copa_train_289_b0,copa_train_289_b1
copa,eval,copa_validation_63_b0_2498,copa_validation_63_b0,copa_validation_63_b1
copa,eval,copa_train_95_b0_2499,copa_train_95_b0,copa_train_95_b1
rte,train,rte_train_382_b0_2500,rte_train_382_b0,rte_train_382_b1
rte,train,rte_train_1957_b0_2501,rte_train_1957_b0,rte_train_1957_b1
rte,train,rte_train_393_b0_2502,rte_train_393_b0,rte_train_393_b1
rte,train,rte_train_397_b0_2503,rte_train_397_b0,rte_train_397_b1
rte,train,rte_train_874_b0_2504,rte_train_874_b0,rte_train_874_b1
rte,train,rte_train_1977_b0_2505,rte_train_1977_b0,rte_train_1977_b1
rte,train,rte_train_1240_b0_2506,rte_train_1240_b0,rte_train_1240_b1
rte,train,rte_train_476_b0_2507,rte_train_476_b0,rte_train_476_b1
rte,train,rte_validation_101_b0_2508,rte_validation_101_b0,rte_validation_101_b1
rte,train,rte_train_68_b0_2509,rte_train_68_b0,rte_train_68_b1
rte,train,rte_train_577_b0_2510,rte_train_577_b0,rte_train_577_b1
rte,train,rte_validation_96_b0_2511,rte_validation_96_b0,rte_validation_96_b1
rte,train,rte_train_695_b0_2512,rte_train_695_b0,rte_train_695_b1
rte,train,rte_train_1131_b0_2513,rte_train_1131_b0,rte_train_1131_b1
rte,train,rte_train_236_b0_2514,rte_train_236_b0,rte_train_236_b1
rte,train,rte_train_930_b0_2515,rte_train_930_b0,rte_train_930_b1
rte,train,rte_train_627_b0_2516,rte_train_627_b0,rte_train_627_b1
rte,train,rte_train_464_b0_2517,rte_train_464_b0,rte_train_464_b1
rte,train,rte_train_965_b0_2518,rte_train_965_b0,rte_train_965_b1
rte,train,rte_train_1437_b0_2519,rte_train_1437_b0,rte_train_1437_b1
rte,train,rte_train_2215_b0_2520,rte_train_2215_b0,rte_train_2215_b1
rte,train,rte_train_1850_b0_2521,rte_train_1850_b0,rte_train_1850_b1
rte,train,rte_train_1180_b0_2522,rte_train_1180_b0,rte_train_1180_b1
rte,train,rte_train_2069_b0_2523,rte_train_2069_b0,rte_train_2069_b1
rte,train,rte_train_1574_b0_2524,rte_train_1574_b0,rte_train_1574_b1
rte,train,rte_train_776_b0_2525,rte_train_776_b0,rte_train_776_b1
rte,train,rte_train_1137_b0_2526,rte_train_1137_b0,rte_train_1137_b1
rte,train,rte_train_1151_b0_2527,rte_train_1151_b0,rte_train_1151_b1
rte,train,rte_train_288_b0_2528,rte_train_288_b0,rte_train_288_b1
rte,train,rte_train_2473_b0_2529,rte_train_2473_b0,rte_train_2473_b1
rte,train,rte_validation_141_b0_2530,rte_validation_141_b0,rte_validation_141_b1
rte,train,rte_train_2068_b0_2531,rte_train_2068_b0,rte_train_2068_b1
rte,train,rte_train_2174_b0_2532,rte_train_2174_b0,rte_train_2174_b1
rte,train,rte_validation_182_b0_2533,rte_validation_182_b0,rte_validation_182_b1
rte,train,rte_train_1061_b0_2534,rte_train_1061_b0,rte_train_1061_b1
rte,train,rte_train_67_b0_2535,rte_train_67_b0,rte_train_67_b1
rte,train,rte_train_1575_b0_2536,rte_train_1575_b0,rte_train_1575_b1
rte,train,rte_train_1380_b0_2537,rte_train_1380_b0,rte_train_1380_b1
rte,train,rte_train_423_b0_2538,rte_train_423_b0,rte_train_423_b1
rte,train,rte_train_49_b0_2539,rte_train_49_b0,rte_train_49_b1
rte,train,rte_train_59_b0_2540,rte_train_59_b0,rte_train_59_b1
rte,train,rte_validation_115_b0_2541,rte_validation_115_b0,rte_validation_115_b1
rte,train,rte_train_1256_b0_2542,rte_train_1256_b0,rte_train_1256_b1
rte,train,rte_train_873_b0_2543,rte_train_873_b0,rte_train_873_b1
rte,train,rte_train_790_b0_2544,rte_train_790_b0,rte_train_790_b1
rte,train,rte_train_273_b0_2545,rte_train_273_b0,rte_train_273_b1
rte,train,rte_train_1536_b0_2546,rte_train_1536_b0,rte_train_1536_b1
rte,train,rte_train_1075_b0_2547,rte_train_1075_b0,rte_train_1075_b1
rte,train,rte_train_1626_b0_2548,rte_train_1626_b0,rte_train_1626_b1
rte,train,rte_train_474_b0_2549,rte_train_474_b0,rte_train_474_b1
rte,train,rte_train_4_b0_2550,rte_train_4_b0,rte_train_4_b1
rte,train,rte_validation_122_b0_2551,rte_validation_122_b0,rte_validation_122_b1
rte,train,rte_train_1707_b0_2552,rte_train_1707_b0,rte_train_1707_b1
rte,train,rte_train_1084_b0_2553,rte_train_1084_b0,rte_train_1084_b1
rte,train,rte_train_638_b0_2554,rte_train_638_b0,rte_train_638_b1
rte,train,rte_train_1561_b0_2555,rte_train_1561_b0,rte_train_1561_b1
rte,train,rte_train_2452_b0_2556,rte_train_2452_b0,rte_train_2452_b1
rte,train,rte_train_1631_b0_2557,rte_train_1631_b0,rte_train_1631_b1
rte,train,rte_train_60_b0_2558,rte_train_60_b0,rte_train_60_b1
rte,train,rte_validation_146_b0_2559,rte_validation_146_b0,rte_validation_146_b1
rte,train,rte_train_2317_b0_2560,rte_train_2317_b0,rte_train_2317_b1
rte,train,rte_train_1531_b0_2561,rte_train_1531_b0,rte_train_1531_b1
rte,train,rte_train_1024_b0_2562,rte_train_1024_b0,rte_train_1024_b1
rte,train,rte_train_2170_b0_2563,rte_train_2170_b0,rte_train_2170_b1
rte,train,rte_train_1375_b0_2564,rte_train_1375_b0,rte_train_1375_b1
rte,train,rte_validation_82_b0_2565,rte_validation_82_b0,rte_validation_82_b1
rte,train,rte_train_473_b0_2566,rte_train_473_b0,rte_train_473_b1
rte,train,rte_train_1635_b0_2567,rte_train_1635_b0,rte_train_1635_b1
rte,train,rte_train_651_b0_2568,rte_train_651_b0,rte_train_651_b1
rte,train,rte_train_1026_b0_2569,rte_train_1026_b0,rte_train_1026_b1
rte,train,rte_train_2448_b0_2570,rte_train_2448_b0,rte_train_2448_b1
rte,train,rte_train_1501_b0_2571,rte_train_1501_b0,rte_train_1501_b1
rte,train,rte_train_576_b0_2572,rte_train_576_b0,rte_train_576_b1
rte,train,rte_train_1271_b0_2573,rte_train_1271_b0,rte_train_1271_b1
rte,train,rte_train_1350_b0_2574,rte_train_1350_b0,rte_train_1350_b1
rte,train,rte_train_383_b0_2575,rte_train_383_b0,rte_train_383_b1
rte,train,rte_train_1185_b0_2576,rte_train_1185_b0,rte_train_1185_b1
rte,train,rte_train_458_b0_2577,rte_train_458_b0,rte_train_458_b1
rte,train,rte_train_167_b0_2578,rte_train_167_b0,rte_train_167_b1
rte,train,rte_train_622_b0_2579,rte_train_622_b0,rte_train_622_b1
rte,train,rte_train_2108_b0_2580,rte_train_2108_b0,rte_train_2108_b1
rte,train,rte_train_1827_b0_2581,rte_train_1827_b0,rte_train_1827_b1
rte,train,rte_train_1134_b0_2582,rte_train_1134_b0,rte_train_1134_b1
rte,train,rte_validation_209_b0_2583,rte_validation_209_b0,rte_validation_209_b1
rte,train,rte_train_1686_b0_2584,rte_train_1686_b0,rte_train_1686_b1
rte,train,rte_train_1309_b0_2585,rte_train_1309_b0,rte_train_1309_b1
rte,train,rte_train_2345_b0_2586,rte_train_2345_b0,rte_train_2345_b1
rte,train,rte_train_581_b0_2587,rte_train_581_b0,rte_train_581_b1
rte,train,rte_train_1004_b0_2588,rte_train_1004_b0,rte_train_1004_b1
rte,train,rte_train_46_b0_2589,rte_train_46_b0,rte_train_46_b1
rte,train,rte_train_1467_b0_2590,rte_train_1467_b0,rte_train_1467_b1
rte,train,rte_train_1407_b0_2591,rte_train_1407_b0,rte_train_1407_b1
rte,train,rte_train_2086_b0_2592,rte_train_2086_b0,rte_train_2086_b1
rte,train,rte_train_1390_b0_2593,rte_train_1390_b0,rte_train_1390_b1
rte,train,rte_train_949_b0_2594,rte_train_949_b0,rte_train_949_b1
rte,train,rte_train_2035_b0_2595,rte_train_2035_b0,rte_train_2035_b1
rte,train,rte_train_838_b0_2596,rte_train_838_b0,rte_train_838_b1
rte,train,rte_validation_92_b0_2597,rte_validation_92_b0,rte_validation_92_b1
rte,train,rte_train_2192_b0_2598,rte_train_2192_b0,rte_train_2192_b1
rte,train,rte_train_2085_b0_2599,rte_train_2085_b0,rte_train_2085_b1
rte,train,rte_train_1073_b0_2600,rte_train_1073_b0,rte_train_1073_b1
rte,train,rte_train_1831_b0_2601,rte_train_1831_b0,rte_train_1831_b1
rte,train,rte_train_1291_b0_2602,rte_train_1291_b0,rte_train_1291_b1
rte,train,rte_train_1545_b0_2603,rte_train_1545_b0,rte_train_1545_b1
rte,train,rte_train_843_b0_2604,rte_train_843_b0,rte_train_843_b1
rte,train,rte_train_1985_b0_2605,rte_train_1985_b0,rte_train_1985_b1
rte,train,rte_train_1867_b0_2606,rte_train_1867_b0,rte_train_1867_b1
rte,train,rte_validation_215_b0_2607,rte_validation_215_b0,rte_validation_215_b1
rte,train,rte_train_1405_b0_2608,rte_train_1405_b0,rte_train_1405_b1
rte,train,rte_train_787_b0_2609,rte_train_787_b0,rte_train_787_b1
rte,train,rte_train_2361_b0_2610,rte_train_2361_b0,rte_train_2361_b1
rte,train,rte_train_1252_b0_2611,rte_train_1252_b0,rte_train_1252_b1
rte,train,rte_train_13_b0_2612,rte_train_13_b0,rte_train_13_b1
rte,train,rte_train_1101_b0_2613,rte_train_1101_b0,rte_train_1101_b1
rte,train,rte_train_385_b0_2614,rte_train_385_b0,rte_train_385_b1
rte,train,rte_validation_43_b0_2615,rte_validation_43_b0,rte_validation_43_b1
rte,train,rte_train_460_b0_2616,rte_train_460_b0,rte_train_460_b1
rte,train,rte_train_303_b0_2617,rte_train_303_b0,rte_train_303_b1
rte,train,rte_train_2454_b0_2618,rte_train_2454_b0,rte_train_2454_b1
rte,train,rte_train_204_b0_2619,rte_train_204_b0,rte_train_204_b1
rte,train,rte_train_144_b0_2620,rte_train_144_b0,rte_train_144_b1
rte,train,rte_train_1647_b0_2621,rte_train_1647_b0,rte_train_1647_b1
rte,train,rte_train_2184_b0_2622,rte_train_2184_b0,rte_train_2184_b1
rte,train,rte_train_1454_b0_2623,rte_train_1454_b0,rte_train_1454_b1
rte,train,rte_train_2135_b0_2624,rte_train_2135_b0,rte_train_2135_b1
rte,train,rte_validation_240_b0_2625,rte_validation_240_b0,rte_validation_240_b1
rte,train,rte_train_2209_b0_2626,rte_train_2209_b0,rte_train_2209_b1
rte,train,rte_train_654_b0_2627,rte_train_654_b0,rte_train_654_b1
rte,train,rte_train_625_b0_2628,rte_train_625_b0,rte_train_625_b1
rte,train,rte_train_2125_b0_2629,rte_train_2125_b0,rte_train_2125_b1
rte,train,rte_train_665_b0_2630,rte_train_665_b0,rte_train_665_b1
rte,train,rte_train_79_b0_2631,rte_train_79_b0,rte_train_79_b1
rte,train,rte_train_2279_b0_2632,rte_train_2279_b0,rte_train_2279_b1
rte,train,rte_validation_234_b0_2633,rte_validation_234_b0,rte_validation_234_b1
rte,train,rte_train_1718_b0_2634,rte_train_1718_b0,rte_train_1718_b1
rte,train,rte_train_1230_b0_2635,rte_train_1230_b0,rte_train_1230_b1
rte,train,rte_validation_17_b0_2636,rte_validation_17_b0,rte_validation_17_b1
rte,train,rte_train_72_b0_2637,rte_train_72_b0,rte_train_72_b1
rte,train,rte_train_2367_b0_2638,rte_train_2367_b0,rte_train_2367_b1
rte,train,rte_train_1576_b0_2639,rte_train_1576_b0,rte_train_1576_b1
rte,train,rte_train_265_b0_2640,rte_train_265_b0,rte_train_265_b1
rte,train,rte_train_191_b0_2641,rte_train_191_b0,rte_train_191_b1
rte,train,rte_train_2186_b0_2642,rte_train_2186_b0,rte_train_2186_b1
rte,train,rte_train_1621_b0_2643,rte_train_1621_b0,rte_train_1621_b1
rte,train,rte_train_2054_b0_2644,rte_train_2054_b0,rte_train_2054_b1
rte,train,rte_train_1975_b0_2645,rte_train_1975_b0,rte_train_1975_b1
rte,train,rte_train_1048_b0_2646,rte_train_1048_b0,rte_train_1048_b1
rte,train,rte_train_1032_b0_2647,rte_train_1032_b0,rte_train_1032_b1
rte,train,rte_train_1117_b0_2648,rte_train_1117_b0,rte_train_1117_b1
rte,train,rte_train_1618_b0_2649,rte_train_1618_b0,rte_train_1618_b1
rte,train,rte_train_1283_b0_2650,rte_train_1283_b0,rte_train_1283_b1
rte,train,rte_train_2023_b0_2651,rte_train_2023_b0,rte_train_2023_b1
rte,train,rte_train_75_b0_2652,rte_train_75_b0,rte_train_75_b1
rte,train,rte_train_422_b0_2653,rte_train_422_b0,rte_train_422_b1
rte,train,rte_validation_185_b0_2654,rte_validation_185_b0,rte_validation_185_b1
rte,train,rte_train_297_b0_2655,rte_train_297_b0,rte_train_297_b1
rte,train,rte_train_1926_b0_2656,rte_train_1926_b0,rte_train_1926_b1
rte,train,rte_train_1205_b0_2657,rte_train_1205_b0,rte_train_1205_b1
rte,train,rte_train_1199_b0_2658,rte_train_1199_b0,rte_train_1199_b1
rte,train,rte_train_1188_b0_2659,rte_train_1188_b0,rte_train_1188_b1
rte,train,rte_train_2302_b0_2660,rte_train_2302_b0,rte_train_2302_b1
rte,train,rte_train_28_b0_2661,rte_train_28_b0,rte_train_28_b1
rte,train,rte_train_471_b0_2662,rte_train_471_b0,rte_train_471_b1
rte,train,rte_train_1866_b0_2663,rte_train_1866_b0,rte_train_1866_b1
rte,train,rte_train_2060_b0_2664,rte_train_2060_b0,rte_train_2060_b1
rte,train,rte_train_2079_b0_2665,rte_train_2079_b0,rte_train_2079_b1
rte,train,rte_train_223_b0_2666,rte_train_223_b0,rte_train_223_b1
rte,train,rte_train_2016_b0_2667,rte_train_2016_b0,rte_train_2016_b1
rte,train,rte_train_535_b0_2668,rte_train_535_b0,rte_train_535_b1
rte,train,rte_train_260_b0_2669,rte_train_260_b0,rte_train_260_b1
rte,train,rte_train_2325_b0_2670,rte_train_2325_b0,rte_train_2325_b1
rte,train,rte_train_337_b0_2671,rte_train_337_b0,rte_train_337_b1
rte,train,rte_train_2330_b0_2672,rte_train_2330_b0,rte_train_2330_b1
rte,train,rte_train_222_b0_2673,rte_train_222_b0,rte_train_222_b1
rte,train,rte_train_346_b0_2674,rte_train_346_b0,rte_train_346_b1
rte,train,rte_train_927_b0_2675,rte_train_927_b0,rte_train_927_b1
rte,train,rte_validation_42_b0_2676,rte_validation_42_b0,rte_validation_42_b1
rte,train,rte_train_2443_b0_2677,rte_train_2443_b0,rte_train_2443_b1
rte,train,rte_train_2102_b0_2678,rte_train_2102_b0,rte_train_2102_b1
rte,train,rte_train_193_b0_2679,rte_train_193_b0,rte_train_193_b1
rte,train,rte_train_1793_b0_2680,rte_train_1793_b0,rte_train_1793_b1
rte,train,rte_train_2427_b0_2681,rte_train_2427_b0,rte_train_2427_b1
rte,train,rte_train_2402_b0_2682,rte_train_2402_b0,rte_train_2402_b1
rte,train,rte_train_246_b0_2683,rte_train_246_b0,rte_train_246_b1
rte,train,rte_train_2084_b0_2684,rte_train_2084_b0,rte_train_2084_b1
rte,train,rte_train_642_b0_2685,rte_train_642_b0,rte_train_642_b1
rte,train,rte_train_1723_b0_2686,rte_train_1723_b0,rte_train_1723_b1
rte,train,rte_train_2067_b0_2687,rte_train_2067_b0,rte_train_2067_b1
rte,train,rte_train_11_b0_2688,rte_train_11_b0,rte_train_11_b1
rte,train,rte_train_545_b0_2689,rte_train_545_b0,rte_train_545_b1
rte,train,rte_train_2096_b0_2690,rte_train_2096_b0,rte_train_2096_b1
rte,train,rte_train_2398_b0_2691,rte_train_2398_b0,rte_train_2398_b1
rte,train,rte_train_446_b0_2692,rte_train_446_b0,rte_train_446_b1
rte,train,rte_train_924_b0_2693,rte_train_924_b0,rte_train_924_b1
rte,train,rte_train_2003_b0_2694,rte_train_2003_b0,rte_train_2003_b1
rte,train,rte_train_2294_b0_2695,rte_train_2294_b0,rte_train_2294_b1
rte,train,rte_train_966_b0_2696,rte_train_966_b0,rte_train_966_b1
rte,train,rte_train_467_b0_2697,rte_train_467_b0,rte_train_467_b1
rte,train,rte_train_2231_b0_2698,rte_train_2231_b0,rte_train_2231_b1
rte,train,rte_train_2384_b0_2699,rte_train_2384_b0,rte_train_2384_b1
rte,train,rte_train_618_b0_2700,rte_train_618_b0,rte_train_618_b1
rte,train,rte_train_784_b0_2701,rte_train_784_b0,rte_train_784_b1
rte,train,rte_train_1476_b0_2702,rte_train_1476_b0,rte_train_1476_b1
rte,train,rte_train_956_b0_2703,rte_train_956_b0,rte_train_956_b1
rte,train,rte_train_12_b0_2704,rte_train_12_b0,rte_train_12_b1
rte,train,rte_train_1438_b0_2705,rte_train_1438_b0,rte_train_1438_b1
rte,train,rte_train_2091_b0_2706,rte_train_2091_b0,rte_train_2091_b1
rte,train,rte_train_1387_b0_2707,rte_train_1387_b0,rte_train_1387_b1
rte,train,rte_validation_142_b0_2708,rte_validation_142_b0,rte_validation_142_b1
rte,train,rte_train_249_b0_2709,rte_train_249_b0,rte_train_249_b1
rte,train,rte_train_2442_b0_2710,rte_train_2442_b0,rte_train_2442_b1
rte,train,rte_train_989_b0_2711,rte_train_989_b0,rte_train_989_b1
rte,train,rte_train_238_b0_2712,rte_train_238_b0,rte_train_238_b1
rte,train,rte_train_1264_b0_2713,rte_train_1264_b0,rte_train_1264_b1
rte,train,rte_train_1941_b0_2714,rte_train_1941_b0,rte_train_1941_b1
rte,train,rte_train_2385_b0_2715,rte_train_2385_b0,rte_train_2385_b1
rte,train,rte_train_1392_b0_2716,rte_train_1392_b0,rte_train_1392_b1
rte,train,rte_train_812_b0_2717,rte_train_812_b0,rte_train_812_b1
rte,train,rte_validation_183_b0_2718,rte_validation_183_b0,rte_validation_183_b1
rte,train,rte_train_818_b0_2719,rte_train_818_b0,rte_train_818_b1
rte,train,rte_train_671_b0_2720,rte_train_671_b0,rte_train_671_b1
rte,train,rte_train_722_b0_2721,rte_train_722_b0,rte_train_722_b1
rte,train,rte_train_497_b0_2722,rte_train_497_b0,rte_train_497_b1
rte,train,rte_train_2224_b0_2723,rte_train_2224_b0,rte_train_2224_b1
rte,train,rte_train_2077_b0_2724,rte_train_2077_b0,rte_train_2077_b1
rte,train,rte_train_804_b0_2725,rte_train_804_b0,rte_train_804_b1
rte,train,rte_train_137_b0_2726,rte_train_137_b0,rte_train_137_b1
rte,train,rte_train_376_b0_2727,rte_train_376_b0,rte_train_376_b1
rte,train,rte_train_2162_b0_2728,rte_train_2162_b0,rte_train_2162_b1
rte,train,rte_train_82_b0_2729,rte_train_82_b0,rte_train_82_b1
rte,train,rte_train_1494_b0_2730,rte_train_1494_b0,rte_train_1494_b1
rte,train,rte_train_767_b0_2731,rte_train_767_b0,rte_train_767_b1
rte,train,rte_train_702_b0_2732,rte_train_702_b0,rte_train_702_b1
rte,train,rte_train_614_b0_2733,rte_train_614_b0,rte_train_614_b1
rte,train,rte_validation_77_b0_2734,rte_validation_77_b0,rte_validation_77_b1
rte,train,rte_train_2360_b0_2735,rte_train_2360_b0,rte_train_2360_b1
rte,train,rte_train_2410_b0_2736,rte_train_2410_b0,rte_train_2410_b1
rte,train,rte_train_429_b0_2737,rte_train_429_b0,rte_train_429_b1
rte,train,rte_train_872_b0_2738,rte_train_872_b0,rte_train_872_b1
rte,train,rte_train_1681_b0_2739,rte_train_1681_b0,rte_train_1681_b1
rte,train,rte_train_1875_b0_2740,rte_train_1875_b0,rte_train_1875_b1
rte,train,rte_validation_84_b0_2741,rte_validation_84_b0,rte_validation_84_b1
rte,train,rte_train_2309_b0_2742,rte_train_2309_b0,rte_train_2309_b1
rte,train,rte_train_2390_b0_2743,rte_train_2390_b0,rte_train_2390_b1
rte,train,rte_train_1301_b0_2744,rte_train_1301_b0,rte_train_1301_b1
rte,train,rte_train_1750_b0_2745,rte_train_1750_b0,rte_train_1750_b1
rte,train,rte_train_1550_b0_2746,rte_train_1550_b0,rte_train_1550_b1
rte,train,rte_train_786_b0_2747,rte_train_786_b0,rte_train_786_b1
rte,train,rte_train_1421_b0_2748,rte_train_1421_b0,rte_train_1421_b1
rte,train,rte_validation_83_b0_2749,rte_validation_83_b0,rte_validation_83_b1
rte,train,rte_train_424_b0_2750,rte_train_424_b0,rte_train_424_b1
rte,train,rte_train_1858_b0_2751,rte_train_1858_b0,rte_train_1858_b1
rte,train,rte_train_1028_b0_2752,rte_train_1028_b0,rte_train_1028_b1
rte,train,rte_train_1627_b0_2753,rte_train_1627_b0,rte_train_1627_b1
rte,train,rte_train_1386_b0_2754,rte_train_1386_b0,rte_train_1386_b1
rte,train,rte_train_755_b0_2755,rte_train_755_b0,rte_train_755_b1
rte,train,rte_train_1108_b0_2756,rte_train_1108_b0,rte_train_1108_b1
rte,train,rte_train_1801_b0_2757,rte_train_1801_b0,rte_train_1801_b1
rte,train,rte_train_2015_b0_2758,rte_train_2015_b0,rte_train_2015_b1
rte,train,rte_train_1537_b0_2759,rte_train_1537_b0,rte_train_1537_b1
rte,train,rte_train_945_b0_2760,rte_train_945_b0,rte_train_945_b1
rte,train,rte_train_2474_b0_2761,rte_train_2474_b0,rte_train_2474_b1
rte,train,rte_train_2208_b0_2762,rte_train_2208_b0,rte_train_2208_b1
rte,train,rte_train_443_b0_2763,rte_train_443_b0,rte_train_443_b1
rte,train,rte_train_2355_b0_2764,rte_train_2355_b0,rte_train_2355_b1
rte,train,rte_train_2029_b0_2765,rte_train_2029_b0,rte_train_2029_b1
rte,train,rte_train_1013_b0_2766,rte_train_1013_b0,rte_train_1013_b1
rte,train,rte_train_1288_b0_2767,rte_train_1288_b0,rte_train_1288_b1
rte,train,rte_train_169_b0_2768,rte_train_169_b0,rte_train_169_b1
rte,train,rte_train_1614_b0_2769,rte_train_1614_b0,rte_train_1614_b1
rte,train,rte_train_2379_b0_2770,rte_train_2379_b0,rte_train_2379_b1
rte,train,rte_train_1307_b0_2771,rte_train_1307_b0,rte_train_1307_b1
rte,train,rte_train_318_b0_2772,rte_train_318_b0,rte_train_318_b1
rte,train,rte_train_2326_b0_2773,rte_train_2326_b0,rte_train_2326_b1
rte,train,rte_train_2405_b0_2774,rte_train_2405_b0,rte_train_2405_b1
rte,train,rte_train_2168_b0_2775,rte_train_2168_b0,rte_train_2168_b1
rte,train,rte_train_398_b0_2776,rte_train_398_b0,rte_train_398_b1
rte,train,rte_train_660_b0_2777,rte_train_660_b0,rte_train_660_b1
rte,train,rte_train_1760_b0_2778,rte_train_1760_b0,rte_train_1760_b1
rte,train,rte_train_1696_b0_2779,rte_train_1696_b0,rte_train_1696_b1
rte,train,rte_train_400_b0_2780,rte_train_400_b0,rte_train_400_b1
rte,train,rte_train_779_b0_2781,rte_train_779_b0,rte_train_779_b1
rte,train,rte_train_1458_b0_2782,rte_train_1458_b0,rte_train_1458_b1
rte,train,rte_validation_109_b0_2783,rte_validation_109_b0,rte_validation_109_b1
rte,train,rte_train_1943_b0_2784,rte_train_1943_b0,rte_train_1943_b1
rte,train,rte_train_1559_b0_2785,rte_train_1559_b0,rte_train_1559_b1
rte,train,rte_validation_67_b0_2786,rte_validation_67_b0,rte_validation_67_b1
rte,train,rte_train_590_b0_2787,rte_train_590_b0,rte_train_590_b1
rte,train,rte_train_805_b0_2788,rte_train_805_b0,rte_train_805_b1
rte,train,rte_train_1848_b0_2789,rte_train_1848_b0,rte_train_1848_b1
rte,train,rte_validation_173_b0_2790,rte_validation_173_b0,rte_validation_173_b1
rte,train,rte_train_1680_b0_2791,rte_train_1680_b0,rte_train_1680_b1
rte,train,rte_train_1952_b0_2792,rte_train_1952_b0,rte_train_1952_b1
rte,train,rte_train_756_b0_2793,rte_train_756_b0,rte_train_756_b1
rte,train,rte_train_528_b0_2794,rte_train_528_b0,rte_train_528_b1
rte,train,rte_train_734_b0_2795,rte_train_734_b0,rte_train_734_b1
rte,train,rte_train_365_b0_2796,rte_train_365_b0,rte_train_365_b1
rte,train,rte_train_2435_b0_2797,rte_train_2435_b0,rte_train_2435_b1
rte,train,rte_train_2178_b0_2798,rte_train_2178_b0,rte_train_2178_b1
rte,train,rte_train_1280_b0_2799,rte_train_1280_b0,rte_train_1280_b1
rte,train,rte_train_860_b0_2800,rte_train_860_b0,rte_train_860_b1
rte,train,rte_train_1819_b0_2801,rte_train_1819_b0,rte_train_1819_b1
rte,train,rte_validation_178_b0_2802,rte_validation_178_b0,rte_validation_178_b1
rte,train,rte_train_2348_b0_2803,rte_train_2348_b0,rte_train_2348_b1
rte,train,rte_train_1147_b0_2804,rte_train_1147_b0,rte_train_1147_b1
rte,train,rte_train_559_b0_2805,rte_train_559_b0,rte_train_559_b1
rte,train,rte_train_763_b0_2806,rte_train_763_b0,rte_train_763_b1
rte,train,rte_train_902_b0_2807,rte_train_902_b0,rte_train_902_b1
rte,train,rte_train_96_b0_2808,rte_train_96_b0,rte_train_96_b1
rte,train,rte_train_289_b0_2809,rte_train_289_b0,rte_train_289_b1
rte,train,rte_train_412_b0_2810,rte_train_412_b0,rte_train_412_b1
rte,train,rte_train_870_b0_2811,rte_train_870_b0,rte_train_870_b1
rte,train,rte_train_637_b0_2812,rte_train_637_b0,rte_train_637_b1
rte,train,rte_train_368_b0_2813,rte_train_368_b0,rte_train_368_b1
rte,train,rte_train_313_b0_2814,rte_train_313_b0,rte_train_313_b1
rte,train,rte_train_681_b0_2815,rte_train_681_b0,rte_train_681_b1
rte,train,rte_train_1462_b0_2816,rte_train_1462_b0,rte_train_1462_b1
rte,train,rte_train_88_b0_2817,rte_train_88_b0,rte_train_88_b1
rte,train,rte_train_562_b0_2818,rte_train_562_b0,rte_train_562_b1
rte,train,rte_train_1007_b0_2819,rte_train_1007_b0,rte_train_1007_b1
rte,train,rte_train_1030_b0_2820,rte_train_1030_b0,rte_train_1030_b1
rte,train,rte_train_1499_b0_2821,rte_train_1499_b0,rte_train_1499_b1
rte,train,rte_validation_28_b0_2822,rte_validation_28_b0,rte_validation_28_b1
rte,train,rte_train_1816_b0_2823,rte_train_1816_b0,rte_train_1816_b1
rte,train,rte_train_1655_b0_2824,rte_train_1655_b0,rte_train_1655_b1
rte,train,rte_train_2165_b0_2825,rte_train_2165_b0,rte_train_2165_b1
rte,train,rte_validation_145_b0_2826,rte_validation_145_b0,rte_validation_145_b1
rte,train,rte_train_1243_b0_2827,rte_train_1243_b0,rte_train_1243_b1
rte,train,rte_validation_165_b0_2828,rte_validation_165_b0,rte_validation_165_b1
rte,train,rte_train_1863_b0_2829,rte_train_1863_b0,rte_train_1863_b1
rte,train,rte_validation_154_b0_2830,rte_validation_154_b0,rte_validation_154_b1
rte,train,rte_train_1928_b0_2831,rte_train_1928_b0,rte_train_1928_b1
rte,train,rte_train_1915_b0_2832,rte_train_1915_b0,rte_train_1915_b1
rte,train,rte_train_1808_b0_2833,rte_train_1808_b0,rte_train_1808_b1
rte,train,rte_train_2228_b0_2834,rte_train_2228_b0,rte_train_2228_b1
rte,train,rte_train_789_b0_2835,rte_train_789_b0,rte_train_789_b1
rte,train,rte_train_1474_b0_2836,rte_train_1474_b0,rte_train_1474_b1
rte,train,rte_train_470_b0_2837,rte_train_470_b0,rte_train_470_b1
rte,train,rte_train_1326_b0_2838,rte_train_1326_b0,rte_train_1326_b1
rte,train,rte_validation_232_b0_2839,rte_validation_232_b0,rte_validation_232_b1
rte,train,rte_train_994_b0_2840,rte_train_994_b0,rte_train_994_b1
rte,train,rte_train_792_b0_2841,rte_train_792_b0,rte_train_792_b1
rte,train,rte_train_1322_b0_2842,rte_train_1322_b0,rte_train_1322_b1
rte,train,rte_train_1708_b0_2843,rte_train_1708_b0,rte_train_1708_b1
rte,train,rte_train_1497_b0_2844,rte_train_1497_b0,rte_train_1497_b1
rte,train,rte_train_2211_b0_2845,rte_train_2211_b0,rte_train_2211_b1
rte,train,rte_train_1745_b0_2846,rte_train_1745_b0,rte_train_1745_b1
rte,train,rte_train_1193_b0_2847,rte_train_1193_b0,rte_train_1193_b1
rte,train,rte_train_1665_b0_2848,rte_train_1665_b0,rte_train_1665_b1
rte,train,rte_train_291_b0_2849,rte_train_291_b0,rte_train_291_b1
rte,train,rte_train_2056_b0_2850,rte_train_2056_b0,rte_train_2056_b1
rte,train,rte_train_617_b0_2851,rte_train_617_b0,rte_train_617_b1
rte,train,rte_train_1759_b0_2852,rte_train_1759_b0,rte_train_1759_b1
rte,train,rte_train_1473_b0_2853,rte_train_1473_b0,rte_train_1473_b1
rte,train,rte_train_31_b0_2854,rte_train_31_b0,rte_train_31_b1
rte,train,rte_train_1818_b0_2855,rte_train_1818_b0,rte_train_1818_b1
rte,train,rte_train_2285_b0_2856,rte_train_2285_b0,rte_train_2285_b1
rte,train,rte_train_847_b0_2857,rte_train_847_b0,rte_train_847_b1
rte,train,rte_train_932_b0_2858,rte_train_932_b0,rte_train_932_b1
rte,train,rte_train_710_b0_2859,rte_train_710_b0,rte_train_710_b1
rte,train,rte_validation_176_b0_2860,rte_validation_176_b0,rte_validation_176_b1
rte,train,rte_train_2415_b0_2861,rte_train_2415_b0,rte_train_2415_b1
rte,train,rte_train_1406_b0_2862,rte_train_1406_b0,rte_train_1406_b1
rte,train,rte_validation_256_b0_2863,rte_validation_256_b0,rte_validation_256_b1
rte,train,rte_train_2377_b0_2864,rte_train_2377_b0,rte_train_2377_b1
rte,train,rte_train_544_b0_2865,rte_train_544_b0,rte_train_544_b1
rte,train,rte_train_145_b0_2866,rte_train_145_b0,rte_train_145_b1
rte,train,rte_train_506_b0_2867,rte_train_506_b0,rte_train_506_b1
rte,train,rte_train_953_b0_2868,rte_train_953_b0,rte_train_953_b1
rte,train,rte_validation_51_b0_2869,rte_validation_51_b0,rte_validation_51_b1
rte,train,rte_train_1785_b0_2870,rte_train_1785_b0,rte_train_1785_b1
rte,train,rte_train_2320_b0_2871,rte_train_2320_b0,rte_train_2320_b1
rte,train,rte_validation_162_b0_2872,rte_validation_162_b0,rte_validation_162_b1
rte,train,rte_train_1077_b0_2873,rte_train_1077_b0,rte_train_1077_b1
rte,train,rte_train_53_b0_2874,rte_train_53_b0,rte_train_53_b1
rte,train,rte_train_1412_b0_2875,rte_train_1412_b0,rte_train_1412_b1
rte,train,rte_train_329_b0_2876,rte_train_329_b0,rte_train_329_b1
rte,train,rte_train_1269_b0_2877,rte_train_1269_b0,rte_train_1269_b1
rte,train,rte_train_728_b0_2878,rte_train_728_b0,rte_train_728_b1
rte,train,rte_train_1995_b0_2879,rte_train_1995_b0,rte_train_1995_b1
rte,train,rte_train_933_b0_2880,rte_train_933_b0,rte_train_933_b1
rte,train,rte_train_2446_b0_2881,rte_train_2446_b0,rte_train_2446_b1
rte,train,rte_train_1457_b0_2882,rte_train_1457_b0,rte_train_1457_b1
rte,train,rte_train_1444_b0_2883,rte_train_1444_b0,rte_train_1444_b1
rte,train,rte_train_2419_b0_2884,rte_train_2419_b0,rte_train_2419_b1
rte,train,rte_train_1373_b0_2885,rte_train_1373_b0,rte_train_1373_b1
rte,train,rte_train_1944_b0_2886,rte_train_1944_b0,rte_train_1944_b1
rte,train,rte_train_1769_b0_2887,rte_train_1769_b0,rte_train_1769_b1
rte,train,rte_train_593_b0_2888,rte_train_593_b0,rte_train_593_b1
rte,train,rte_validation_107_b0_2889,rte_validation_107_b0,rte_validation_107_b1
rte,train,rte_train_557_b0_2890,rte_train_557_b0,rte_train_557_b1
rte,train,rte_train_2158_b0_2891,rte_train_2158_b0,rte_train_2158_b1
rte,train,rte_train_2103_b0_2892,rte_train_2103_b0,rte_train_2103_b1
rte,train,rte_train_70_b0_2893,rte_train_70_b0,rte_train_70_b1
rte,train,rte_validation_237_b0_2894,rte_validation_237_b0,rte_validation_237_b1
rte,train,rte_train_45_b0_2895,rte_train_45_b0,rte_train_45_b1
rte,train,rte_train_785_b0_2896,rte_train_785_b0,rte_train_785_b1
rte,train,rte_train_1496_b0_2897,rte_train_1496_b0,rte_train_1496_b1
rte,train,rte_train_2040_b0_2898,rte_train_2040_b0,rte_train_2040_b1
rte,train,rte_train_124_b0_2899,rte_train_124_b0,rte_train_124_b1
rte,train,rte_train_1624_b0_2900,rte_train_1624_b0,rte_train_1624_b1
rte,train,rte_train_409_b0_2901,rte_train_409_b0,rte_train_409_b1
rte,train,rte_train_903_b0_2902,rte_train_903_b0,rte_train_903_b1
rte,train,rte_train_77_b0_2903,rte_train_77_b0,rte_train_77_b1
rte,train,rte_train_584_b0_2904,rte_train_584_b0,rte_train_584_b1
rte,train,rte_train_2469_b0_2905,rte_train_2469_b0,rte_train_2469_b1
rte,train,rte_train_1284_b0_2906,rte_train_1284_b0,rte_train_1284_b1
rte,train,rte_validation_245_b0_2907,rte_validation_245_b0,rte_validation_245_b1
rte,train,rte_train_751_b0_2908,rte_train_751_b0,rte_train_751_b1
rte,train,rte_train_888_b0_2909,rte_train_888_b0,rte_train_888_b1
rte,train,rte_train_1374_b0_2910,rte_train_1374_b0,rte_train_1374_b1
rte,train,rte_train_1010_b0_2911,rte_train_1010_b0,rte_train_1010_b1
rte,train,rte_train_2458_b0_2912,rte_train_2458_b0,rte_train_2458_b1
rte,train,rte_train_1259_b0_2913,rte_train_1259_b0,rte_train_1259_b1
rte,train,rte_train_1805_b0_2914,rte_train_1805_b0,rte_train_1805_b1
rte,train,rte_validation_112_b0_2915,rte_validation_112_b0,rte_validation_112_b1
rte,train,rte_train_2157_b0_2916,rte_train_2157_b0,rte_train_2157_b1
rte,train,rte_train_450_b0_2917,rte_train_450_b0,rte_train_450_b1
rte,train,rte_train_1981_b0_2918,rte_train_1981_b0,rte_train_1981_b1
rte,train,rte_validation_208_b0_2919,rte_validation_208_b0,rte_validation_208_b1
rte,train,rte_train_551_b0_2920,rte_train_551_b0,rte_train_551_b1
rte,train,rte_train_513_b0_2921,rte_train_513_b0,rte_train_513_b1
rte,train,rte_train_1710_b0_2922,rte_train_1710_b0,rte_train_1710_b1
rte,train,rte_train_1936_b0_2923,rte_train_1936_b0,rte_train_1936_b1
rte,train,rte_train_1676_b0_2924,rte_train_1676_b0,rte_train_1676_b1
rte,train,rte_validation_60_b0_2925,rte_validation_60_b0,rte_validation_60_b1
rte,train,rte_train_445_b0_2926,rte_train_445_b0,rte_train_445_b1
rte,train,rte_train_1826_b0_2927,rte_train_1826_b0,rte_train_1826_b1
rte,train,rte_train_1733_b0_2928,rte_train_1733_b0,rte_train_1733_b1
rte,train,rte_train_496_b0_2929,rte_train_496_b0,rte_train_496_b1
rte,train,rte_train_749_b0_2930,rte_train_749_b0,rte_train_749_b1
rte,train,rte_train_1510_b0_2931,rte_train_1510_b0,rte_train_1510_b1
rte,train,rte_train_2000_b0_2932,rte_train_2000_b0,rte_train_2000_b1
rte,train,rte_validation_39_b0_2933,rte_validation_39_b0,rte_validation_39_b1
rte,train,rte_train_250_b0_2934,rte_train_250_b0,rte_train_250_b1
rte,train,rte_train_1360_b0_2935,rte_train_1360_b0,rte_train_1360_b1
rte,train,rte_train_444_b0_2936,rte_train_444_b0,rte_train_444_b1
rte,train,rte_train_1016_b0_2937,rte_train_1016_b0,rte_train_1016_b1
rte,train,rte_train_364_b0_2938,rte_train_364_b0,rte_train_364_b1
rte,train,rte_train_2142_b0_2939,rte_train_2142_b0,rte_train_2142_b1
rte,train,rte_train_1174_b0_2940,rte_train_1174_b0,rte_train_1174_b1
rte,train,rte_train_609_b0_2941,rte_train_609_b0,rte_train_609_b1
rte,train,rte_train_477_b0_2942,rte_train_477_b0,rte_train_477_b1
rte,train,rte_train_1982_b0_2943,rte_train_1982_b0,rte_train_1982_b1
rte,train,rte_train_2484_b0_2944,rte_train_2484_b0,rte_train_2484_b1
rte,train,rte_train_1716_b0_2945,rte_train_1716_b0,rte_train_1716_b1
rte,train,rte_train_285_b0_2946,rte_train_285_b0,rte_train_285_b1
rte,train,rte_train_1533_b0_2947,rte_train_1533_b0,rte_train_1533_b1
rte,train,rte_train_1122_b0_2948,rte_train_1122_b0,rte_train_1122_b1
rte,train,rte_train_1114_b0_2949,rte_train_1114_b0,rte_train_1114_b1
rte,train,rte_train_202_b0_2950,rte_train_202_b0,rte_train_202_b1
rte,train,rte_train_2036_b0_2951,rte_train_2036_b0,rte_train_2036_b1
rte,train,rte_train_415_b0_2952,rte_train_415_b0,rte_train_415_b1
rte,train,rte_train_161_b0_2953,rte_train_161_b0,rte_train_161_b1
rte,train,rte_train_570_b0_2954,rte_train_570_b0,rte_train_570_b1
rte,train,rte_validation_207_b0_2955,rte_validation_207_b0,rte_validation_207_b1
rte,train,rte_train_252_b0_2956,rte_train_252_b0,rte_train_252_b1
rte,train,rte_train_2249_b0_2957,rte_train_2249_b0,rte_train_2249_b1
rte,train,rte_train_1254_b0_2958,rte_train_1254_b0,rte_train_1254_b1
rte,train,rte_train_1191_b0_2959,rte_train_1191_b0,rte_train_1191_b1
rte,train,rte_train_857_b0_2960,rte_train_857_b0,rte_train_857_b1
rte,train,rte_train_516_b0_2961,rte_train_516_b0,rte_train_516_b1
rte,train,rte_train_2269_b0_2962,rte_train_2269_b0,rte_train_2269_b1
rte,train,rte_train_1305_b0_2963,rte_train_1305_b0,rte_train_1305_b1
rte,train,rte_train_2104_b0_2964,rte_train_2104_b0,rte_train_2104_b1
rte,train,rte_train_832_b0_2965,rte_train_832_b0,rte_train_832_b1
rte,train,rte_train_2111_b0_2966,rte_train_2111_b0,rte_train_2111_b1
rte,train,rte_train_436_b0_2967,rte_train_436_b0,rte_train_436_b1
rte,train,rte_train_1517_b0_2968,rte_train_1517_b0,rte_train_1517_b1
rte,train,rte_train_1568_b0_2969,rte_train_1568_b0,rte_train_1568_b1
rte,train,rte_train_1689_b0_2970,rte_train_1689_b0,rte_train_1689_b1
rte,train,rte_train_2316_b0_2971,rte_train_2316_b0,rte_train_2316_b1
rte,train,rte_train_495_b0_2972,rte_train_495_b0,rte_train_495_b1
rte,train,rte_train_1758_b0_2973,rte_train_1758_b0,rte_train_1758_b1
rte,train,rte_train_2284_b0_2974,rte_train_2284_b0,rte_train_2284_b1
rte,train,rte_validation_177_b0_2975,rte_validation_177_b0,rte_validation_177_b1
rte,train,rte_train_1140_b0_2976,rte_train_1140_b0,rte_train_1140_b1
rte,train,rte_train_1079_b0_2977,rte_train_1079_b0,rte_train_1079_b1
rte,train,rte_validation_58_b0_2978,rte_validation_58_b0,rte_validation_58_b1
rte,train,rte_train_1579_b0_2979,rte_train_1579_b0,rte_train_1579_b1
rte,train,rte_train_1316_b0_2980,rte_train_1316_b0,rte_train_1316_b1
rte,train,rte_train_395_b0_2981,rte_train_395_b0,rte_train_395_b1
rte,train,rte_train_141_b0_2982,rte_train_141_b0,rte_train_141_b1
rte,train,rte_train_1144_b0_2983,rte_train_1144_b0,rte_train_1144_b1
rte,train,rte_train_1086_b0_2984,rte_train_1086_b0,rte_train_1086_b1
rte,train,rte_train_2213_b0_2985,rte_train_2213_b0,rte_train_2213_b1
rte,train,rte_train_2057_b0_2986,rte_train_2057_b0,rte_train_2057_b1
rte,train,rte_train_1170_b0_2987,rte_train_1170_b0,rte_train_1170_b1
rte,train,rte_train_131_b0_2988,rte_train_131_b0,rte_train_131_b1
rte,train,rte_train_1823_b0_2989,rte_train_1823_b0,rte_train_1823_b1
rte,train,rte_train_317_b0_2990,rte_train_317_b0,rte_train_317_b1
rte,train,rte_train_1258_b0_2991,rte_train_1258_b0,rte_train_1258_b1
rte,train,rte_train_1228_b0_2992,rte_train_1228_b0,rte_train_1228_b1
rte,train,rte_train_2258_b0_2993,rte_train_2258_b0,rte_train_2258_b1
rte,train,rte_train_657_b0_2994,rte_train_657_b0,rte_train_657_b1
rte,train,rte_train_461_b0_2995,rte_train_461_b0,rte_train_461_b1
rte,train,rte_train_1403_b0_2996,rte_train_1403_b0,rte_train_1403_b1
rte,train,rte_validation_56_b0_2997,rte_validation_56_b0,rte_validation_56_b1
rte,train,rte_train_2221_b0_2998,rte_train_2221_b0,rte_train_2221_b1
rte,train,rte_train_35_b0_2999,rte_train_35_b0,rte_train_35_b1
rte,eval,rte_train_2466_b0_3000,rte_train_2466_b0,rte_train_2466_b1
rte,eval,rte_train_2212_b0_3001,rte_train_2212_b0,rte_train_2212_b1
rte,eval,rte_train_2445_b0_3002,rte_train_2445_b0,rte_train_2445_b1
rte,eval,rte_train_1798_b0_3003,rte_train_1798_b0,rte_train_1798_b1
rte,eval,rte_train_1085_b0_3004,rte_train_1085_b0,rte_train_1085_b1
rte,eval,rte_train_1452_b0_3005,rte_train_1452_b0,rte_train_1452_b1
rte,eval,rte_train_2094_b0_3006,rte_train_2094_b0,rte_train_2094_b1
rte,eval,rte_validation_69_b0_3007,rte_validation_69_b0,rte_validation_69_b1
rte,eval,rte_train_890_b0_3008,rte_train_890_b0,rte_train_890_b1
rte,eval,rte_validation_167_b0_3009,rte_validation_167_b0,rte_validation_167_b1
rte,eval,rte_train_1879_b0_3010,rte_train_1879_b0,rte_train_1879_b1
rte,eval,rte_train_359_b0_3011,rte_train_359_b0,rte_train_359_b1
rte,eval,rte_train_1857_b0_3012,rte_train_1857_b0,rte_train_1857_b1
rte,eval,rte_train_766_b0_3013,rte_train_766_b0,rte_train_766_b1
rte,eval,rte_train_2214_b0_3014,rte_train_2214_b0,rte_train_2214_b1
rte,eval,rte_train_1634_b0_3015,rte_train_1634_b0,rte_train_1634_b1
rte,eval,rte_train_86_b0_3016,rte_train_86_b0,rte_train_86_b1
rte,eval,rte_train_977_b0_3017,rte_train_977_b0,rte_train_977_b1
rte,eval,rte_train_406_b0_3018,rte_train_406_b0,rte_train_406_b1
rte,eval,rte_train_2406_b0_3019,rte_train_2406_b0,rte_train_2406_b1
rte,eval,rte_train_579_b0_3020,rte_train_579_b0,rte_train_579_b1
rte,eval,rte_train_750_b0_3021,rte_train_750_b0,rte_train_750_b1
rte,eval,rte_train_1239_b0_3022,rte_train_1239_b0,rte_train_1239_b1
rte,eval,rte_train_1803_b0_3023,rte_train_1803_b0,rte_train_1803_b1
rte,eval,rte_train_2080_b0_3024,rte_train_2080_b0,rte_train_2080_b1
rte,eval,rte_train_1327_b0_3025,rte_train_1327_b0,rte_train_1327_b1
rte,eval,rte_train_179_b0_3026,rte_train_179_b0,rte_train_179_b1
rte,eval,rte_train_969_b0_3027,rte_train_969_b0,rte_train_969_b1
rte,eval,rte_validation_78_b0_3028,rte_validation_78_b0,rte_validation_78_b1
rte,eval,rte_train_798_b0_3029,rte_train_798_b0,rte_train_798_b1
rte,eval,rte_train_360_b0_3030,rte_train_360_b0,rte_train_360_b1
rte,eval,rte_train_350_b0_3031,rte_train_350_b0,rte_train_350_b1
rte,eval,rte_train_1766_b0_3032,rte_train_1766_b0,rte_train_1766_b1
rte,eval,rte_train_839_b0_3033,rte_train_839_b0,rte_train_839_b1
rte,eval,rte_train_198_b0_3034,rte_train_198_b0,rte_train_198_b1
rte,eval,rte_train_160_b0_3035,rte_train_160_b0,rte_train_160_b1
rte,eval,rte_validation_22_b0_3036,rte_validation_22_b0,rte_validation_22_b1
rte,eval,rte_train_1009_b0_3037,rte_train_1009_b0,rte_train_1009_b1
rte,eval,rte_train_245_b0_3038,rte_train_245_b0,rte_train_245_b1
rte,eval,rte_train_739_b0_3039,rte_train_739_b0,rte_train_739_b1
rte,eval,rte_train_1470_b0_3040,rte_train_1470_b0,rte_train_1470_b1
rte,eval,rte_train_1118_b0_3041,rte_train_1118_b0,rte_train_1118_b1
rte,eval,rte_train_1605_b0_3042,rte_train_1605_b0,rte_train_1605_b1
rte,eval,rte_train_435_b0_3043,rte_train_435_b0,rte_train_435_b1
rte,eval,rte_train_1659_b0_3044,rte_train_1659_b0,rte_train_1659_b1
rte,eval,rte_train_799_b0_3045,rte_train_799_b0,rte_train_799_b1
rte,eval,rte_train_1053_b0_3046,rte_train_1053_b0,rte_train_1053_b1
rte,eval,rte_train_42_b0_3047,rte_train_42_b0,rte_train_42_b1
rte,eval,rte_train_1743_b0_3048,rte_train_1743_b0,rte_train_1743_b1
rte,eval,rte_train_2387_b0_3049,rte_train_2387_b0,rte_train_2387_b1
rte,eval,rte_train_256_b0_3050,rte_train_256_b0,rte_train_256_b1
rte,eval,rte_train_991_b0_3051,rte_train_991_b0,rte_train_991_b1
rte,eval,rte_train_864_b0_3052,rte_train_864_b0,rte_train_864_b1
rte,eval,rte_train_489_b0_3053,rte_train_489_b0,rte_train_489_b1
rte,eval,rte_train_1036_b0_3054,rte_train_1036_b0,rte_train_1036_b1
rte,eval,rte_train_185_b0_3055,rte_train_185_b0,rte_train_185_b1
rte,eval,rte_train_1014_b0_3056,rte_train_1014_b0,rte_train_1014_b1
rte,eval,rte_train_90_b0_3057,rte_train_90_b0,rte_train_90_b1
rte,eval,rte_train_689_b0_3058,rte_train_689_b0,rte_train_689_b1
rte,eval,rte_train_1741_b0_3059,rte_train_1741_b0,rte_train_1741_b1
rte,eval,rte_validation_156_b0_3060,rte_validation_156_b0,rte_validation_156_b1
rte,eval,rte_train_1860_b0_3061,rte_train_1860_b0,rte_train_1860_b1
rte,eval,rte_train_1970_b0_3062,rte_train_1970_b0,rte_train_1970_b1
rte,eval,rte_train_201_b0_3063,rte_train_201_b0,rte_train_201_b1
rte,eval,rte_train_1897_b0_3064,rte_train_1897_b0,rte_train_1897_b1
rte,eval,rte_train_2293_b0_3065,rte_train_2293_b0,rte_train_2293_b1
rte,eval,rte_train_1731_b0_3066,rte_train_1731_b0,rte_train_1731_b1
rte,eval,rte_train_1747_b0_3067,rte_train_1747_b0,rte_train_1747_b1
rte,eval,rte_validation_90_b0_3068,rte_validation_90_b0,rte_validation_90_b1
rte,eval,rte_train_1440_b0_3069,rte_train_1440_b0,rte_train_1440_b1
rte,eval,rte_train_109_b0_3070,rte_train_109_b0,rte_train_109_b1
rte,eval,rte_train_1100_b0_3071,rte_train_1100_b0,rte_train_1100_b1
rte,eval,rte_train_1788_b0_3072,rte_train_1788_b0,rte_train_1788_b1
rte,eval,rte_train_83_b0_3073,rte_train_83_b0,rte_train_83_b1
rte,eval,rte_train_922_b0_3074,rte_train_922_b0,rte_train_922_b1
rte,eval,rte_train_153_b0_3075,rte_train_153_b0,rte_train_153_b1
rte,eval,rte_train_1592_b0_3076,rte_train_1592_b0,rte_train_1592_b1
rte,eval,rte_train_230_b0_3077,rte_train_230_b0,rte_train_230_b1
rte,eval,rte_train_1455_b0_3078,rte_train_1455_b0,rte_train_1455_b1
rte,eval,rte_train_1042_b0_3079,rte_train_1042_b0,rte_train_1042_b1
rte,eval,rte_validation_26_b0_3080,rte_validation_26_b0,rte_validation_26_b1
rte,eval,rte_train_2457_b0_3081,rte_train_2457_b0,rte_train_2457_b1
rte,eval,rte_train_1700_b0_3082,rte_train_1700_b0,rte_train_1700_b1
rte,eval,rte_train_1413_b0_3083,rte_train_1413_b0,rte_train_1413_b1
rte,eval,rte_train_1542_b0_3084,rte_train_1542_b0,rte_train_1542_b1
rte,eval,rte_train_20_b0_3085,rte_train_20_b0,rte_train_20_b1
rte,eval,rte_train_173_b0_3086,rte_train_173_b0,rte_train_173_b1
rte,eval,rte_train_2018_b0_3087,rte_train_2018_b0,rte_train_2018_b1
rte,eval,rte_train_1619_b0_3088,rte_train_1619_b0,rte_train_1619_b1
rte,eval,rte_train_830_b0_3089,rte_train_830_b0,rte_train_830_b1
rte,eval,rte_train_1874_b0_3090,rte_train_1874_b0,rte_train_1874_b1
rte,eval,rte_train_1314_b0_3091,rte_train_1314_b0,rte_train_1314_b1
rte,eval,rte_train_921_b0_3092,rte_train_921_b0,rte_train_921_b1
rte,eval,rte_train_610_b0_3093,rte_train_610_b0,rte_train_610_b1
rte,eval,rte_train_1892_b0_3094,rte_train_1892_b0,rte_train_1892_b1
rte,eval,rte_validation_33_b0_3095,rte_validation_33_b0,rte_validation_33_b1
rte,eval,rte_train_2245_b0_3096,rte_train_2245_b0,rte_train_2245_b1
rte,eval,rte_train_1775_b0_3097,rte_train_1775_b0,rte_train_1775_b1
rte,eval,rte_train_1587_b0_3098,rte_train_1587_b0,rte_train_1587_b1
rte,eval,rte_train_1548_b0_3099,rte_train_1548_b0,rte_train_1548_b1
rte,eval,rte_train_878_b0_3100,rte_train_878_b0,rte_train_878_b1
rte,eval,rte_train_1925_b0_3101,rte_train_1925_b0,rte_train_1925_b1
rte,eval,rte_train_2411_b0_3102,rte_train_2411_b0,rte_train_2411_b1
rte,eval,rte_train_1215_b0_3103,rte_train_1215_b0,rte_train_1215_b1
rte,eval,rte_train_1512_b0_3104,rte_train_1512_b0,rte_train_1512_b1
rte,eval,rte_train_648_b0_3105,rte_train_648_b0,rte_train_648_b1
rte,eval,rte_train_1728_b0_3106,rte_train_1728_b0,rte_train_1728_b1
rte,eval,rte_train_2480_b0_3107,rte_train_2480_b0,rte_train_2480_b1
rte,eval,rte_train_519_b0_3108,rte_train_519_b0,rte_train_519_b1
rte,eval,rte_validation_121_b0_3109,rte_validation_121_b0,rte_validation_121_b1
rte,eval,rte_train_2257_b0_3110,rte_train_2257_b0,rte_train_2257_b1
rte,eval,rte_validation_1_b0_3111,rte_validation_1_b0,rte_validation_1_b1
rte,eval,rte_train_50_b0_3112,rte_train_50_b0,rte_train_50_b1
rte,eval,rte_train_130_b0_3113,rte_train_130_b0,rte_train_130_b1
rte,eval,rte_train_1942_b0_3114,rte_train_1942_b0,rte_train_1942_b1
rte,eval,rte_train_1959_b0_3115,rte_train_1959_b0,rte_train_1959_b1
rte,eval,rte_train_2451_b0_3116,rte_train_2451_b0,rte_train_2451_b1
rte,eval,rte_train_343_b0_3117,rte_train_343_b0,rte_train_343_b1
rte,eval,rte_train_2061_b0_3118,rte_train_2061_b0,rte_train_2061_b1
rte,eval,rte_train_1186_b0_3119,rte_train_1186_b0,rte_train_1186_b1
rte,eval,rte_train_1453_b0_3120,rte_train_1453_b0,rte_train_1453_b1
rte,eval,rte_train_2327_b0_3121,rte_train_2327_b0,rte_train_2327_b1
rte,eval,rte_train_1500_b0_3122,rte_train_1500_b0,rte_train_1500_b1
rte,eval,rte_train_612_b0_3123,rte_train_612_b0,rte_train_612_b1
rte,eval,rte_validation_13_b0_3124,rte_validation_13_b0,rte_validation_13_b1
rte,eval,rte_train_2282_b0_3125,rte_train_2282_b0,rte_train_2282_b1
rte,eval,rte_validation_95_b0_3126,rte_validation_95_b0,rte_validation_95_b1
rte,eval,rte_train_1206_b0_3127,rte_train_1206_b0,rte_train_1206_b1
rte,eval,rte_train_1044_b0_3128,rte_train_1044_b0,rte_train_1044_b1
rte,eval,rte_train_2051_b0_3129,rte_train_2051_b0,rte_train_2051_b1
rte,eval,rte_train_2037_b0_3130,rte_train_2037_b0,rte_train_2037_b1
rte,eval,rte_train_1691_b0_3131,rte_train_1691_b0,rte_train_1691_b1
rte,eval,rte_validation_155_b0_3132,rte_validation_155_b0,rte_validation_155_b1
rte,eval,rte_train_1904_b0_3133,rte_train_1904_b0,rte_train_1904_b1
rte,eval,rte_train_591_b0_3134,rte_train_591_b0,rte_train_591_b1
rte,eval,rte_train_2268_b0_3135,rte_train_2268_b0,rte_train_2268_b1
rte,eval,rte_validation_138_b0_3136,rte_validation_138_b0,rte_validation_138_b1
rte,eval,rte_train_725_b0_3137,rte_train_725_b0,rte_train_725_b1
rte,eval,rte_train_765_b0_3138,rte_train_765_b0,rte_train_765_b1
rte,eval,rte_train_2437_b0_3139,rte_train_2437_b0,rte_train_2437_b1
rte,eval,rte_train_520_b0_3140,rte_train_520_b0,rte_train_520_b1
rte,eval,rte_train_575_b0_3141,rte_train_575_b0,rte_train_575_b1
rte,eval,rte_train_645_b0_3142,rte_train_645_b0,rte_train_645_b1
rte,eval,rte_train_1522_b0_3143,rte_train_1522_b0,rte_train_1522_b1
rte,eval,rte_validation_8_b0_3144,rte_validation_8_b0,rte_validation_8_b1
rte,eval,rte_train_1378_b0_3145,rte_train_1378_b0,rte_train_1378_b1
rte,eval,rte_validation_251_b0_3146,rte_validation_251_b0,rte_validation_251_b1
rte,eval,rte_train_2488_b0_3147,rte_train_2488_b0,rte_train_2488_b1
rte,eval,rte_train_2119_b0_3148,rte_train_2119_b0,rte_train_2119_b1
rte,eval,rte_train_1370_b0_3149,rte_train_1370_b0,rte_train_1370_b1
rte,eval,rte_validation_98_b0_3150,rte_validation_98_b0,rte_validation_98_b1
rte,eval,rte_train_1195_b0_3151,rte_train_1195_b0,rte_train_1195_b1
rte,eval,rte_train_99_b0_3152,rte_train_99_b0,rte_train_99_b1
rte,eval,rte_train_957_b0_3153,rte_train_957_b0,rte_train_957_b1
rte,eval,rte_validation_196_b0_3154,rte_validation_196_b0,rte_validation_196_b1
rte,eval,rte_train_515_b0_3155,rte_train_515_b0,rte_train_515_b1
rte,eval,rte_train_103_b0_3156,rte_train_103_b0,rte_train_103_b1
rte,eval,rte_train_1880_b0_3157,rte_train_1880_b0,rte_train_1880_b1
rte,eval,rte_train_801_b0_3158,rte_train_801_b0,rte_train_801_b1
rte,eval,rte_train_567_b0_3159,rte_train_567_b0,rte_train_567_b1
rte,eval,rte_train_413_b0_3160,rte_train_413_b0,rte_train_413_b1
rte,eval,rte_train_2388_b0_3161,rte_train_2388_b0,rte_train_2388_b1
rte,eval,rte_train_711_b0_3162,rte_train_711_b0,rte_train_711_b1
rte,eval,rte_train_1717_b0_3163,rte_train_1717_b0,rte_train_1717_b1
rte,eval,rte_validation_100_b0_3164,rte_validation_100_b0,rte_validation_100_b1
rte,eval,rte_train_2198_b0_3165,rte_train_2198_b0,rte_train_2198_b1
rte,eval,rte_train_251_b0_3166,rte_train_251_b0,rte_train_251_b1
rte,eval,rte_train_1852_b0_3167,rte_train_1852_b0,rte_train_1852_b1
rte,eval,rte_train_753_b0_3168,rte_train_753_b0,rte_train_753_b1
rte,eval,rte_train_652_b0_3169,rte_train_652_b0,rte_train_652_b1
rte,eval,rte_train_541_b0_3170,rte_train_541_b0,rte_train_541_b1
rte,eval,rte_train_1541_b0_3171,rte_train_1541_b0,rte_train_1541_b1
rte,eval,rte_train_1799_b0_3172,rte_train_1799_b0,rte_train_1799_b1
rte,eval,rte_train_1164_b0_3173,rte_train_1164_b0,rte_train_1164_b1
rte,eval,rte_train_2026_b0_3174,rte_train_2026_b0,rte_train_2026_b1
rte,eval,rte_train_150_b0_3175,rte_train_150_b0,rte_train_150_b1
rte,eval,rte_train_215_b0_3176,rte_train_215_b0,rte_train_215_b1
rte,eval,rte_train_973_b0_3177,rte_train_973_b0,rte_train_973_b1
rte,eval,rte_train_326_b0_3178,rte_train_326_b0,rte_train_326_b1
rte,eval,rte_train_2339_b0_3179,rte_train_2339_b0,rte_train_2339_b1
rte,eval,rte_train_87_b0_3180,rte_train_87_b0,rte_train_87_b1
rte,eval,rte_train_344_b0_3181,rte_train_344_b0,rte_train_344_b1
rte,eval,rte_train_1313_b0_3182,rte_train_1313_b0,rte_train_1313_b1
rte,eval,rte_train_1637_b0_3183,rte_train_1637_b0,rte_train_1637_b1
rte,eval,rte_train_1992_b0_3184,rte_train_1992_b0,rte_train_1992_b1
rte,eval,rte_train_2476_b0_3185,rte_train_2476_b0,rte_train_2476_b1
rte,eval,rte_train_358_b0_3186,rte_train_358_b0,rte_train_358_b1
rte,eval,rte_train_1832_b0_3187,rte_train_1832_b0,rte_train_1832_b1
rte,eval,rte_train_1806_b0_3188,rte_train_1806_b0,rte_train_1806_b1
rte,eval,rte_train_1961_b0_3189,rte_train_1961_b0,rte_train_1961_b1
rte,eval,rte_train_1630_b0_3190,rte_train_1630_b0,rte_train_1630_b1
rte,eval,rte_train_1690_b0_3191,rte_train_1690_b0,rte_train_1690_b1
rte,eval,rte_train_2070_b0_3192,rte_train_2070_b0,rte_train_2070_b1
rte,eval,rte_train_1092_b0_3193,rte_train_1092_b0,rte_train_1092_b1
rte,eval,rte_train_283_b0_3194,rte_train_283_b0,rte_train_283_b1
rte,eval,rte_train_2_b0_3195,rte_train_2_b0,rte_train_2_b1
rte,eval,rte_train_661_b0_3196,rte_train_661_b0,rte_train_661_b1
rte,eval,rte_train_1334_b0_3197,rte_train_1334_b0,rte_train_1334_b1
rte,eval,rte_train_2444_b0_3198,rte_train_2444_b0,rte_train_2444_b1
rte,eval,rte_train_1389_b0_3199,rte_train_1389_b0,rte_train_1389_b1
rte,eval,rte_train_1076_b0_3200,rte_train_1076_b0,rte_train_1076_b1
rte,eval,rte_train_2195_b0_3201,rte_train_2195_b0,rte_train_2195_b1
rte,eval,rte_train_1005_b0_3202,rte_train_1005_b0,rte_train_1005_b1
rte,eval,rte_train_2041_b0_3203,rte_train_2041_b0,rte_train_2041_b1
rte,eval,rte_train_486_b0_3204,rte_train_486_b0,rte_train_486_b1
rte,eval,rte_train_1735_b0_3205,rte_train_1735_b0,rte_train_1735_b1
rte,eval,rte_train_1033_b0_3206,rte_train_1033_b0,rte_train_1033_b1
rte,eval,rte_train_369_b0_3207,rte_train_369_b0,rte_train_369_b1
rte,eval,rte_train_2341_b0_3208,rte_train_2341_b0,rte_train_2341_b1
rte,eval,rte_train_36_b0_3209,rte_train_36_b0,rte_train_36_b1
rte,eval,rte_train_687_b0_3210,rte_train_687_b0,rte_train_687_b1
rte,eval,rte_train_539_b0_3211,rte_train_539_b0,rte_train_539_b1
rte,eval,rte_validation_262_b0_3212,rte_validation_262_b0,rte_validation_262_b1
rte,eval,rte_validation_203_b0_3213,rte_validation_203_b0,rte_validation_203_b1
rte,eval,rte_train_1742_b0_3214,rte_train_1742_b0,rte_train_1742_b1
rte,eval,rte_train_1424_b0_3215,rte_train_1424_b0,rte_train_1424_b1
rte,eval,rte_train_1238_b0_3216,rte_train_1238_b0,rte_train_1238_b1
rte,eval,rte_train_1449_b0_3217,rte_train_1449_b0,rte_train_1449_b1
rte,eval,rte_train_2430_b0_3218,rte_train_2430_b0,rte_train_2430_b1
rte,eval,rte_train_1471_b0_3219,rte_train_1471_b0,rte_train_1471_b1
rte,eval,rte_validation_128_b0_3220,rte_validation_128_b0,rte_validation_128_b1
rte,eval,rte_train_853_b0_3221,rte_train_853_b0,rte_train_853_b1
rte,eval,rte_train_649_b0_3222,rte_train_649_b0,rte_train_649_b1
rte,eval,rte_train_1490_b0_3223,rte_train_1490_b0,rte_train_1490_b1
rte,eval,rte_train_500_b0_3224,rte_train_500_b0,rte_train_500_b1
rte,eval,rte_train_1890_b0_3225,rte_train_1890_b0,rte_train_1890_b1
rte,eval,rte_train_1764_b0_3226,rte_train_1764_b0,rte_train_1764_b1
rte,eval,rte_train_2436_b0_3227,rte_train_2436_b0,rte_train_2436_b1
rte,eval,rte_train_2240_b0_3228,rte_train_2240_b0,rte_train_2240_b1
rte,eval,rte_train_719_b0_3229,rte_train_719_b0,rte_train_719_b1
rte,eval,rte_train_107_b0_3230,rte_train_107_b0,rte_train_107_b1
rte,eval,rte_train_1729_b0_3231,rte_train_1729_b0,rte_train_1729_b1
rte,eval,rte_train_2372_b0_3232,rte_train_2372_b0,rte_train_2372_b1
rte,eval,rte_train_947_b0_3233,rte_train_947_b0,rte_train_947_b1
rte,eval,rte_train_56_b0_3234,rte_train_56_b0,rte_train_56_b1
rte,eval,rte_train_2440_b0_3235,rte_train_2440_b0,rte_train_2440_b1
rte,eval,rte_train_2065_b0_3236,rte_train_2065_b0,rte_train_2065_b1
rte,eval,rte_train_1336_b0_3237,rte_train_1336_b0,rte_train_1336_b1
rte,eval,rte_train_917_b0_3238,rte_train_917_b0,rte_train_917_b1
rte,eval,rte_train_1354_b0_3239,rte_train_1354_b0,rte_train_1354_b1
rte,eval,rte_train_81_b0_3240,rte_train_81_b0,rte_train_81_b1
rte,eval,rte_train_493_b0_3241,rte_train_493_b0,rte_train_493_b1
rte,eval,rte_train_1791_b0_3242,rte_train_1791_b0,rte_train_1791_b1
rte,eval,rte_validation_169_b0_3243,rte_validation_169_b0,rte_validation_169_b1
rte,eval,rte_train_523_b0_3244,rte_train_523_b0,rte_train_523_b1
rte,eval,rte_train_1081_b0_3245,rte_train_1081_b0,rte_train_1081_b1
rte,eval,rte_train_2378_b0_3246,rte_train_2378_b0,rte_train_2378_b1
rte,eval,rte_train_1633_b0_3247,rte_train_1633_b0,rte_train_1633_b1
rte,eval,rte_validation_161_b0_3248,rte_validation_161_b0,rte_validation_161_b1
rte,eval,rte_train_403_b0_3249,rte_train_403_b0,rte_train_403_b1
rte,eval,rte_train_2246_b0_3250,rte_train_2246_b0,rte_train_2246_b1
rte,eval,rte_train_2101_b0_3251,rte_train_2101_b0,rte_train_2101_b1
rte,eval,rte_train_1278_b0_3252,rte_train_1278_b0,rte_train_1278_b1
rte,eval,rte_train_935_b0_3253,rte_train_935_b0,rte_train_935_b1
rte,eval,rte_train_1223_b0_3254,rte_train_1223_b0,rte_train_1223_b1
rte,eval,rte_train_190_b0_3255,rte_train_190_b0,rte_train_190_b1
rte,eval,rte_train_1270_b0_3256,rte_train_1270_b0,rte_train_1270_b1
rte,eval,rte_train_1422_b0_3257,rte_train_1422_b0,rte_train_1422_b1
rte,eval,rte_train_2220_b0_3258,rte_train_2220_b0,rte_train_2220_b1
rte,eval,rte_train_1721_b0_3259,rte_train_1721_b0,rte_train_1721_b1
rte,eval,rte_train_1881_b0_3260,rte_train_1881_b0,rte_train_1881_b1
rte,eval,rte_train_1410_b0_3261,rte_train_1410_b0,rte_train_1410_b1
rte,eval,rte_train_720_b0_3262,rte_train_720_b0,rte_train_720_b1
rte,eval,rte_train_2115_b0_3263,rte_train_2115_b0,rte_train_2115_b1
rte,eval,rte_validation_81_b0_3264,rte_validation_81_b0,rte_validation_81_b1
rte,eval,rte_train_1649_b0_3265,rte_train_1649_b0,rte_train_1649_b1
rte,eval,rte_validation_137_b0_3266,rte_validation_137_b0,rte_validation_137_b1
rte,eval,rte_train_1429_b0_3267,rte_train_1429_b0,rte_train_1429_b1
rte,eval,rte_train_1797_b0_3268,rte_train_1797_b0,rte_train_1797_b1
rte,eval,rte_train_2439_b0_3269,rte_train_2439_b0,rte_train_2439_b1
rte,eval,rte_train_1456_b0_3270,rte_train_1456_b0,rte_train_1456_b1
rte,eval,rte_validation_59_b0_3271,rte_validation_59_b0,rte_validation_59_b1
rte,eval,rte_train_2031_b0_3272,rte_train_2031_b0,rte_train_2031_b1
rte,eval,rte_train_1143_b0_3273,rte_train_1143_b0,rte_train_1143_b1
rte,eval,rte_train_1265_b0_3274,rte_train_1265_b0,rte_train_1265_b1
rte,eval,rte_train_1181_b0_3275,rte_train_1181_b0,rte_train_1181_b1
rte,eval,rte_train_2292_b0_3276,rte_train_2292_b0,rte_train_2292_b1
rte,eval,rte_train_1_b0_3277,rte_train_1_b0,rte_train_1_b1
rte,eval,rte_train_1849_b0_3278,rte_train_1849_b0,rte_train_1849_b1
rte,eval,rte_train_1098_b0_3279,rte_train_1098_b0,rte_train_1098_b1
rte,eval,rte_train_2161_b0_3280,rte_train_2161_b0,rte_train_2161_b1
rte,eval,rte_train_416_b0_3281,rte_train_416_b0,rte_train_416_b1
rte,eval,rte_train_426_b0_3282,rte_train_426_b0,rte_train_426_b1
rte,eval,rte_validation_201_b0_3283,rte_validation_201_b0,rte_validation_201_b1
rte,eval,rte_train_1518_b0_3284,rte_train_1518_b0,rte_train_1518_b1
rte,eval,rte_train_2333_b0_3285,rte_train_2333_b0,rte_train_2333_b1
rte,eval,rte_train_1303_b0_3286,rte_train_1303_b0,rte_train_1303_b1
rte,eval,rte_train_182_b0_3287,rte_train_182_b0,rte_train_182_b1
rte,eval,rte_train_428_b0_3288,rte_train_428_b0,rte_train_428_b1
rte,eval,rte_train_431_b0_3289,rte_train_431_b0,rte_train_431_b1
rte,eval,rte_train_26_b0_3290,rte_train_26_b0,rte_train_26_b1
rte,eval,rte_train_1168_b0_3291,rte_train_1168_b0,rte_train_1168_b1
rte,eval,rte_train_1604_b0_3292,rte_train_1604_b0,rte_train_1604_b1
rte,eval,rte_train_2241_b0_3293,rte_train_2241_b0,rte_train_2241_b1
rte,eval,rte_train_1931_b0_3294,rte_train_1931_b0,rte_train_1931_b1
rte,eval,rte_train_2004_b0_3295,rte_train_2004_b0,rte_train_2004_b1
rte,eval,rte_train_2076_b0_3296,rte_train_2076_b0,rte_train_2076_b1
rte,eval,rte_train_2323_b0_3297,rte_train_2323_b0,rte_train_2323_b1
rte,eval,rte_train_970_b0_3298,rte_train_970_b0,rte_train_970_b1
rte,eval,rte_train_342_b0_3299,rte_train_342_b0,rte_train_342_b1
rte,eval,rte_train_262_b0_3300,rte_train_262_b0,rte_train_262_b1
rte,eval,rte_train_2044_b0_3301,rte_train_2044_b0,rte_train_2044_b1
rte,eval,rte_validation_123_b0_3302,rte_validation_123_b0,rte_validation_123_b1
rte,eval,rte_train_1094_b0_3303,rte_train_1094_b0,rte_train_1094_b1
rte,eval,rte_train_1539_b0_3304,rte_train_1539_b0,rte_train_1539_b1
rte,eval,rte_train_2154_b0_3305,rte_train_2154_b0,rte_train_2154_b1
rte,eval,rte_train_203_b0_3306,rte_train_203_b0,rte_train_203_b1
rte,eval,rte_validation_64_b0_3307,rte_validation_64_b0,rte_validation_64_b1
rte,eval,rte_train_1900_b0_3308,rte_train_1900_b0,rte_train_1900_b1
rte,eval,rte_train_2145_b0_3309,rte_train_2145_b0,rte_train_2145_b1
rte,eval,rte_train_1569_b0_3310,rte_train_1569_b0,rte_train_1569_b1
rte,eval,rte_train_1667_b0_3311,rte_train_1667_b0,rte_train_1667_b1
rte,eval,rte_train_1000_b0_3312,rte_train_1000_b0,rte_train_1000_b1
rte,eval,rte_train_2105_b0_3313,rte_train_2105_b0,rte_train_2105_b1
rte,eval,rte_train_147_b0_3314,rte_train_147_b0,rte_train_147_b1
rte,eval,rte_train_1877_b0_3315,rte_train_1877_b0,rte_train_1877_b1
rte,eval,rte_train_1572_b0_3316,rte_train_1572_b0,rte_train_1572_b1
rte,eval,rte_train_1323_b0_3317,rte_train_1323_b0,rte_train_1323_b1
rte,eval,rte_train_1321_b0_3318,rte_train_1321_b0,rte_train_1321_b1
rte,eval,rte_train_335_b0_3319,rte_train_335_b0,rte_train_335_b1
rte,eval,rte_train_572_b0_3320,rte_train_572_b0,rte_train_572_b1
rte,eval,rte_train_1749_b0_3321,rte_train_1749_b0,rte_train_1749_b1
rte,eval,rte_train_1800_b0_3322,rte_train_1800_b0,rte_train_1800_b1
rte,eval,rte_train_952_b0_3323,rte_train_952_b0,rte_train_952_b1
rte,eval,rte_train_960_b0_3324,rte_train_960_b0,rte_train_960_b1
rte,eval,rte_train_676_b0_3325,rte_train_676_b0,rte_train_676_b1
rte,eval,rte_train_829_b0_3326,rte_train_829_b0,rte_train_829_b1
rte,eval,rte_train_2032_b0_3327,rte_train_2032_b0,rte_train_2032_b1
rte,eval,rte_validation_261_b0_3328,rte_validation_261_b0,rte_validation_261_b1
rte,eval,rte_train_517_b0_3329,rte_train_517_b0,rte_train_517_b1
rte,eval,rte_train_2072_b0_3330,rte_train_2072_b0,rte_train_2072_b1
rte,eval,rte_train_2081_b0_3331,rte_train_2081_b0,rte_train_2081_b1
rte,eval,rte_train_1887_b0_3332,rte_train_1887_b0,rte_train_1887_b1
rte,eval,rte_train_1011_b0_3333,rte_train_1011_b0,rte_train_1011_b1
rte,eval,rte_train_117_b0_3334,rte_train_117_b0,rte_train_117_b1
rte,eval,rte_train_1724_b0_3335,rte_train_1724_b0,rte_train_1724_b1
rte,eval,rte_validation_15_b0_3336,rte_validation_15_b0,rte_validation_15_b1
rte,eval,rte_train_2392_b0_3337,rte_train_2392_b0,rte_train_2392_b1
rte,eval,rte_train_2470_b0_3338,rte_train_2470_b0,rte_train_2470_b1
rte,eval,rte_train_1220_b0_3339,rte_train_1220_b0,rte_train_1220_b1
rte,eval,rte_train_1603_b0_3340,rte_train_1603_b0,rte_train_1603_b1
rte,eval,rte_train_296_b0_3341,rte_train_296_b0,rte_train_296_b1
rte,eval,rte_train_1916_b0_3342,rte_train_1916_b0,rte_train_1916_b1
rte,eval,rte_validation_40_b0_3343,rte_validation_40_b0,rte_validation_40_b1
rte,eval,rte_train_1359_b0_3344,rte_train_1359_b0,rte_train_1359_b1
rte,eval,rte_train_1006_b0_3345,rte_train_1006_b0,rte_train_1006_b1
rte,eval,rte_train_114_b0_3346,rte_train_114_b0,rte_train_114_b1
rte,eval,rte_train_1521_b0_3347,rte_train_1521_b0,rte_train_1521_b1
rte,eval,rte_train_1955_b0_3348,rte_train_1955_b0,rte_train_1955_b1
rte,eval,rte_train_354_b0_3349,rte_train_354_b0,rte_train_354_b1
rte,eval,rte_train_38_b0_3350,rte_train_38_b0,rte_train_38_b1
rte,eval,rte_train_2264_b0_3351,rte_train_2264_b0,rte_train_2264_b1
rte,eval,rte_train_1786_b0_3352,rte_train_1786_b0,rte_train_1786_b1
rte,eval,rte_train_448_b0_3353,rte_train_448_b0,rte_train_448_b1
rte,eval,rte_train_54_b0_3354,rte_train_54_b0,rte_train_54_b1
rte,eval,rte_train_897_b0_3355,rte_train_897_b0,rte_train_897_b1
rte,eval,rte_train_1445_b0_3356,rte_train_1445_b0,rte_train_1445_b1
rte,eval,rte_train_569_b0_3357,rte_train_569_b0,rte_train_569_b1
rte,eval,rte_train_1486_b0_3358,rte_train_1486_b0,rte_train_1486_b1
rte,eval,rte_train_1466_b0_3359,rte_train_1466_b0,rte_train_1466_b1
rte,eval,rte_train_2005_b0_3360,rte_train_2005_b0,rte_train_2005_b1
rte,eval,rte_train_522_b0_3361,rte_train_522_b0,rte_train_522_b1
rte,eval,rte_train_1511_b0_3362,rte_train_1511_b0,rte_train_1511_b1
rte,eval,rte_train_1973_b0_3363,rte_train_1973_b0,rte_train_1973_b1
rte,eval,rte_train_1526_b0_3364,rte_train_1526_b0,rte_train_1526_b1
rte,eval,rte_train_1557_b0_3365,rte_train_1557_b0,rte_train_1557_b1
rte,eval,rte_train_1365_b0_3366,rte_train_1365_b0,rte_train_1365_b1
rte,eval,rte_validation_70_b0_3367,rte_validation_70_b0,rte_validation_70_b1
rte,eval,rte_train_1414_b0_3368,rte_train_1414_b0,rte_train_1414_b1
rte,eval,rte_train_1953_b0_3369,rte_train_1953_b0,rte_train_1953_b1
rte,eval,rte_train_1573_b0_3370,rte_train_1573_b0,rte_train_1573_b1
rte,eval,rte_train_2205_b0_3371,rte_train_2205_b0,rte_train_2205_b1
rte,eval,rte_train_1922_b0_3372,rte_train_1922_b0,rte_train_1922_b1
rte,eval,rte_train_1891_b0_3373,rte_train_1891_b0,rte_train_1891_b1
rte,eval,rte_train_2362_b0_3374,rte_train_2362_b0,rte_train_2362_b1
rte,eval,rte_train_2329_b0_3375,rte_train_2329_b0,rte_train_2329_b1
rte,eval,rte_train_1110_b0_3376,rte_train_1110_b0,rte_train_1110_b1
rte,eval,rte_validation_85_b0_3377,rte_validation_85_b0,rte_validation_85_b1
rte,eval,rte_train_261_b0_3378,rte_train_261_b0,rte_train_261_b1
rte,eval,rte_train_1018_b0_3379,rte_train_1018_b0,rte_train_1018_b1
rte,eval,rte_train_438_b0_3380,rte_train_438_b0,rte_train_438_b1
rte,eval,rte_train_2286_b0_3381,rte_train_2286_b0,rte_train_2286_b1
rte,eval,rte_train_2259_b0_3382,rte_train_2259_b0,rte_train_2259_b1
rte,eval,rte_train_2301_b0_3383,rte_train_2301_b0,rte_train_2301_b1
rte,eval,rte_train_1222_b0_3384,rte_train_1222_b0,rte_train_1222_b1
rte,eval,rte_train_653_b0_3385,rte_train_653_b0,rte_train_653_b1
rte,eval,rte_train_280_b0_3386,rte_train_280_b0,rte_train_280_b1
rte,eval,rte_train_655_b0_3387,rte_train_655_b0,rte_train_655_b1
rte,eval,rte_train_1779_b0_3388,rte_train_1779_b0,rte_train_1779_b1
rte,eval,rte_train_511_b0_3389,rte_train_511_b0,rte_train_511_b1
rte,eval,rte_train_1344_b0_3390,rte_train_1344_b0,rte_train_1344_b1
rte,eval,rte_train_1432_b0_3391,rte_train_1432_b0,rte_train_1432_b1
rte,eval,rte_validation_194_b0_3392,rte_validation_194_b0,rte_validation_194_b1
rte,eval,rte_train_571_b0_3393,rte_train_571_b0,rte_train_571_b1
rte,eval,rte_train_292_b0_3394,rte_train_292_b0,rte_train_292_b1
rte,eval,rte_train_357_b0_3395,rte_train_357_b0,rte_train_357_b1
rte,eval,rte_train_586_b0_3396,rte_train_586_b0,rte_train_586_b1
rte,eval,rte_validation_219_b0_3397,rte_validation_219_b0,rte_validation_219_b1
rte,eval,rte_train_41_b0_3398,rte_train_41_b0,rte_train_41_b1
rte,eval,rte_train_1983_b0_3399,rte_train_1983_b0,rte_train_1983_b1
rte,eval,rte_train_1038_b0_3400,rte_train_1038_b0,rte_train_1038_b1
rte,eval,rte_train_938_b0_3401,rte_train_938_b0,rte_train_938_b1
rte,eval,rte_validation_125_b0_3402,rte_validation_125_b0,rte_validation_125_b1
rte,eval,rte_train_1656_b0_3403,rte_train_1656_b0,rte_train_1656_b1
rte,eval,rte_validation_5_b0_3404,rte_validation_5_b0,rte_validation_5_b1
rte,eval,rte_train_2139_b0_3405,rte_train_2139_b0,rte_train_2139_b1
rte,eval,rte_train_367_b0_3406,rte_train_367_b0,rte_train_367_b1
rte,eval,rte_train_2013_b0_3407,rte_train_2013_b0,rte_train_2013_b1
rte,eval,rte_validation_189_b0_3408,rte_validation_189_b0,rte_validation_189_b1
rte,eval,rte_train_918_b0_3409,rte_train_918_b0,rte_train_918_b1
rte,eval,rte_train_2247_b0_3410,rte_train_2247_b0,rte_train_2247_b1
rte,eval,rte_train_1367_b0_3411,rte_train_1367_b0,rte_train_1367_b1
rte,eval,rte_train_170_b0_3412,rte_train_170_b0,rte_train_170_b1
rte,eval,rte_train_1571_b0_3413,rte_train_1571_b0,rte_train_1571_b1
rte,eval,rte_train_228_b0_3414,rte_train_228_b0,rte_train_228_b1
rte,eval,rte_train_2460_b0_3415,rte_train_2460_b0,rte_train_2460_b1
rte,eval,rte_validation_126_b0_3416,rte_validation_126_b0,rte_validation_126_b1
rte,eval,rte_validation_118_b0_3417,rte_validation_118_b0,rte_validation_118_b1
rte,eval,rte_validation_45_b0_3418,rte_validation_45_b0,rte_validation_45_b1
rte,eval,rte_validation_235_b0_3419,rte_validation_235_b0,rte_validation_235_b1
rte,eval,rte_train_599_b0_3420,rte_train_599_b0,rte_train_599_b1
rte,eval,rte_train_1781_b0_3421,rte_train_1781_b0,rte_train_1781_b1
rte,eval,rte_train_218_b0_3422,rte_train_218_b0,rte_train_218_b1
rte,eval,rte_train_884_b0_3423,rte_train_884_b0,rte_train_884_b1
rte,eval,rte_validation_255_b0_3424,rte_validation_255_b0,rte_validation_255_b1
rte,eval,rte_train_2386_b0_3425,rte_train_2386_b0,rte_train_2386_b1
rte,eval,rte_train_2206_b0_3426,rte_train_2206_b0,rte_train_2206_b1
rte,eval,rte_train_330_b0_3427,rte_train_330_b0,rte_train_330_b1
rte,eval,rte_train_1762_b0_3428,rte_train_1762_b0,rte_train_1762_b1
rte,eval,rte_train_1671_b0_3429,rte_train_1671_b0,rte_train_1671_b1
rte,eval,rte_train_1119_b0_3430,rte_train_1119_b0,rte_train_1119_b1
rte,eval,rte_train_1237_b0_3431,rte_train_1237_b0,rte_train_1237_b1
rte,eval,rte_train_636_b0_3432,rte_train_636_b0,rte_train_636_b1
rte,eval,rte_train_98_b0_3433,rte_train_98_b0,rte_train_98_b1
rte,eval,rte_train_1123_b0_3434,rte_train_1123_b0,rte_train_1123_b1
rte,eval,rte_validation_233_b0_3435,rte_validation_233_b0,rte_validation_233_b1
rte,eval,rte_train_2128_b0_3436,rte_train_2128_b0,rte_train_2128_b1
rte,eval,rte_train_1778_b0_3437,rte_train_1778_b0,rte_train_1778_b1
rte,eval,rte_train_1082_b0_3438,rte_train_1082_b0,rte_train_1082_b1
rte,eval,rte_train_1902_b0_3439,rte_train_1902_b0,rte_train_1902_b1
rte,eval,rte_train_1096_b0_3440,rte_train_1096_b0,rte_train_1096_b1
rte,eval,rte_train_452_b0_3441,rte_train_452_b0,rte_train_452_b1
rte,eval,rte_train_1553_b0_3442,rte_train_1553_b0,rte_train_1553_b1
rte,eval,rte_train_149_b0_3443,rte_train_149_b0,rte_train_149_b1
rte,eval,rte_validation_205_b0_3444,rte_validation_205_b0,rte_validation_205_b1
rte,eval,rte_train_1653_b0_3445,rte_train_1653_b0,rte_train_1653_b1
rte,eval,rte_train_524_b0_3446,rte_train_524_b0,rte_train_524_b1
rte,eval,rte_train_1715_b0_3447,rte_train_1715_b0,rte_train_1715_b1
rte,eval,rte_train_2204_b0_3448,rte_train_2204_b0,rte_train_2204_b1
rte,eval,rte_train_1229_b0_3449,rte_train_1229_b0,rte_train_1229_b1
rte,eval,rte_validation_111_b0_3450,rte_validation_111_b0,rte_validation_111_b1
rte,eval,rte_train_1901_b0_3451,rte_train_1901_b0,rte_train_1901_b1
rte,eval,rte_train_1984_b0_3452,rte_train_1984_b0,rte_train_1984_b1
rte,eval,rte_train_1116_b0_3453,rte_train_1116_b0,rte_train_1116_b1
rte,eval,rte_train_1954_b0_3454,rte_train_1954_b0,rte_train_1954_b1
rte,eval,rte_validation_23_b0_3455,rte_validation_23_b0,rte_validation_23_b1
rte,eval,rte_train_1364_b0_3456,rte_train_1364_b0,rte_train_1364_b1
rte,eval,rte_train_187_b0_3457,rte_train_187_b0,rte_train_187_b1
rte,eval,rte_train_758_b0_3458,rte_train_758_b0,rte_train_758_b1
rte,eval,rte_train_1945_b0_3459,rte_train_1945_b0,rte_train_1945_b1
rte,eval,rte_train_912_b0_3460,rte_train_912_b0,rte_train_912_b1
rte,eval,rte_train_536_b0_3461,rte_train_536_b0,rte_train_536_b1
rte,eval,rte_train_1404_b0_3462,rte_train_1404_b0,rte_train_1404_b1
rte,eval,rte_train_2447_b0_3463,rte_train_2447_b0,rte_train_2447_b1
rte,eval,rte_train_1843_b0_3464,rte_train_1843_b0,rte_train_1843_b1
rte,eval,rte_validation_275_b0_3465,rte_validation_275_b0,rte_validation_275_b1
rte,eval,rte_train_2160_b0_3466,rte_train_2160_b0,rte_train_2160_b1
rte,eval,rte_train_621_b0_3467,rte_train_621_b0,rte_train_621_b1
rte,eval,rte_train_279_b0_3468,rte_train_279_b0,rte_train_279_b1
rte,eval,rte_train_381_b0_3469,rte_train_381_b0,rte_train_381_b1
rte,eval,rte_train_2242_b0_3470,rte_train_2242_b0,rte_train_2242_b1
rte,eval,rte_train_2271_b0_3471,rte_train_2271_b0,rte_train_2271_b1
rte,eval,rte_train_2017_b0_3472,rte_train_2017_b0,rte_train_2017_b1
rte,eval,rte_train_1263_b0_3473,rte_train_1263_b0,rte_train_1263_b1
rte,eval,rte_train_135_b0_3474,rte_train_135_b0,rte_train_135_b1
rte,eval,rte_train_1292_b0_3475,rte_train_1292_b0,rte_train_1292_b1
rte,eval,rte_train_1702_b0_3476,rte_train_1702_b0,rte_train_1702_b1
rte,eval,rte_train_2403_b0_3477,rte_train_2403_b0,rte_train_2403_b1
rte,eval,rte_train_1663_b0_3478,rte_train_1663_b0,rte_train_1663_b1
rte,eval,rte_train_104_b0_3479,rte_train_104_b0,rte_train_104_b1
rte,eval,rte_train_2112_b0_3480,rte_train_2112_b0,rte_train_2112_b1
rte,eval,rte_validation_3_b0_3481,rte_validation_3_b0,rte_validation_3_b1
rte,eval,rte_validation_74_b0_3482,rte_validation_74_b0,rte_validation_74_b1
rte,eval,rte_train_1125_b0_3483,rte_train_1125_b0,rte_train_1125_b1
rte,eval,rte_train_2391_b0_3484,rte_train_2391_b0,rte_train_2391_b1
rte,eval,rte_validation_195_b0_3485,rte_validation_195_b0,rte_validation_195_b1
rte,eval,rte_train_1200_b0_3486,rte_train_1200_b0,rte_train_1200_b1
rte,eval,rte_train_1590_b0_3487,rte_train_1590_b0,rte_train_1590_b1
rte,eval,rte_train_2166_b0_3488,rte_train_2166_b0,rte_train_2166_b1
rte,eval,rte_train_1809_b0_3489,rte_train_1809_b0,rte_train_1809_b1
rte,eval,rte_train_1949_b0_3490,rte_train_1949_b0,rte_train_1949_b1
rte,eval,rte_train_1488_b0_3491,rte_train_1488_b0,rte_train_1488_b1
rte,eval,rte_train_2335_b0_3492,rte_train_2335_b0,rte_train_2335_b1
rte,eval,rte_train_898_b0_3493,rte_train_898_b0,rte_train_898_b1
rte,eval,rte_train_548_b0_3494,rte_train_548_b0,rte_train_548_b1
rte,eval,rte_train_177_b0_3495,rte_train_177_b0,rte_train_177_b1
rte,eval,rte_train_673_b0_3496,rte_train_673_b0,rte_train_673_b1
rte,eval,rte_train_558_b0_3497,rte_train_558_b0,rte_train_558_b1
rte,eval,rte_train_2243_b0_3498,rte_train_2243_b0,rte_train_2243_b1
rte,eval,rte_train_257_b0_3499,rte_train_257_b0,rte_train_257_b1
