activation,branch,role,label,truth,question,answer,text,rel_rank
-3.456350803375244,1,cf,1,0,"Consider the following example: ‘‘‘The man turned on the faucet.’’’ Choice 1: The toilet filled with water. Choice 2: Water flowed from the spout. Q: Which one is more likely to be the effect, choice 1 or choice 2?",choice 2,"Consider the following example: ‘‘‘The man turned on the faucet.’’’ Choice 1: The toilet filled with water. Choice 2: Water flowed from the spout. Q: Which one is more likely to be the effect, choice 1 or choice 2? choice 2.",0.0
-3.1197524070739746,0,base,0,0,"Consider the following example: ‘‘‘The computer crashed.’’’ Choice 1: I backed up my files. Choice 2: I downloaded a virus. Q: Which one is more likely to be the cause, choice 1 or choice 2?",choice 1,"Consider the following example: ‘‘‘The computer crashed.’’’ Choice 1: I backed up my files. Choice 2: I downloaded a virus. Q: Which one is more likely to be the cause, choice 1 or choice 2? choice 1.",0.002004008016032064
-3.0405657291412354,1,cf,0,1,"Consider the following example: ‘‘‘The girl was angry with her friend.’’’ Choice 1: The girl spread a rumor about her friend. Choice 2: The girl told a secret to her friend. Q: Which one is more likely to be the effect, choice 1 or choice 2?",choice 2,"Consider the following example: ‘‘‘The girl was angry with her friend.’’’ Choice 1: The girl spread a rumor about her friend. Choice 2: The girl told a secret to her friend. Q: Which one is more likely to be the effect, choice 1 or choice 2? choice 2.",0.004008016032064128
-2.9798743724823,1,cf,1,0,"Consider the following example: ‘‘‘The boy had trouble buttoning his shirt.’’’ Choice 1: He refused to wear the shirt. Choice 2: He asked his mother for help. Q: Which one is more likely to be the effect, choice 1 or choice 2?",choice 2,"Consider the following example: ‘‘‘The boy had trouble buttoning his shirt.’’’ Choice 1: He refused to wear the shirt. Choice 2: He asked his mother for help. Q: Which one is more likely to be the effect, choice 1 or choice 2? choice 2.",0.006012024048096192
-2.9780406951904297,1,cf,1,0,"Consider the following example: ‘‘‘The woman visited her family.’’’ Choice 1: She distrusted them. Choice 2: She missed them. Q: Which one is more likely to be the cause, choice 1 or choice 2?",choice 2,"Consider the following example: ‘‘‘The woman visited her family.’’’ Choice 1: She distrusted them. Choice 2: She missed them. Q: Which one is more likely to be the cause, choice 1 or choice 2? choice 2.",0.008016032064128256
-2.9739990234375,1,cf,1,0,"Consider the following example: ‘‘‘The man had an attack of conscience.’’’ Choice 1: He manipulated his friend. Choice 2: He admitted his indiscretion. Q: Which one is more likely to be the effect, choice 1 or choice 2?",choice 2,"Consider the following example: ‘‘‘The man had an attack of conscience.’’’ Choice 1: He manipulated his friend. Choice 2: He admitted his indiscretion. Q: Which one is more likely to be the effect, choice 1 or choice 2? choice 2.",0.01002004008016032
-2.9594788551330566,1,cf,0,1,"Consider the following example: ‘‘‘A man cut in front of me in the long line.’’’ Choice 1: I confronted him. Choice 2: I smiled at him. Q: Which one is more likely to be the effect, choice 1 or choice 2?",choice 2,"Consider the following example: ‘‘‘A man cut in front of me in the long line.’’’ Choice 1: I confronted him. Choice 2: I smiled at him. Q: Which one is more likely to be the effect, choice 1 or choice 2? choice 2.",0.012024048096192385
-2.95419979095459,1,cf,0,1,"Consider the following example: ‘‘‘Everyone in the class turned to stare at the student.’’’ Choice 1: The student's phone rang. Choice 2: The student took notes. Q: Which one is more likely to be the cause, choice 1 or choice 2?",choice 2,"Consider the following example: ‘‘‘Everyone in the class turned to stare at the student.’’’ Choice 1: The student's phone rang. Choice 2: The student took notes. Q: Which one is more likely to be the cause, choice 1 or choice 2? choice 2.",0.014028056112224449
-2.944960117340088,1,cf,1,0,"Consider the following example: ‘‘‘The journalist wrote a biography about the humanitarian's life.’’’ Choice 1: The humanitarian was difficult for the journalist to interview. Choice 2: The journalist was intrigued by the humanitarian's work. Q: Which one is more likely to be the cause, choice 1 or choice 2?",choice 2,"Consider the following example: ‘‘‘The journalist wrote a biography about the humanitarian's life.’’’ Choice 1: The humanitarian was difficult for the journalist to interview. Choice 2: The journalist was intrigued by the humanitarian's work. Q: Which one is more likely to be the cause, choice 1 or choice 2? choice 2.",0.01603206412825651
-2.9274003505706787,1,cf,1,0,"Consider the following example: ‘‘‘I clumsily bumped into the stranger.’’’ Choice 1: I ran away. Choice 2: I apologized to him. Q: Which one is more likely to be the effect, choice 1 or choice 2?",choice 2,"Consider the following example: ‘‘‘I clumsily bumped into the stranger.’’’ Choice 1: I ran away. Choice 2: I apologized to him. Q: Which one is more likely to be the effect, choice 1 or choice 2? choice 2.",0.018036072144288578
-2.8228683471679688,1,cf,0,1,"Consider the following example: ‘‘‘The pharmaceutical company recalled the drug.’’’ Choice 1: Users reported dangerous side effects. Choice 2: Users got refills on their prescriptions. Q: Which one is more likely to be the cause, choice 1 or choice 2?",choice 2,"Consider the following example: ‘‘‘The pharmaceutical company recalled the drug.’’’ Choice 1: Users reported dangerous side effects. Choice 2: Users got refills on their prescriptions. Q: Which one is more likely to be the cause, choice 1 or choice 2? choice 2.",0.02004008016032064
-2.7967209815979004,1,cf,1,0,"Consider the following example: ‘‘‘The girl wanted to demonstrate proper etiquette.’’’ Choice 1: She threw away her napkin after eating. Choice 2: She put her napkin on her lap before eating. Q: Which one is more likely to be the effect, choice 1 or choice 2?",choice 2,"Consider the following example: ‘‘‘The girl wanted to demonstrate proper etiquette.’’’ Choice 1: She threw away her napkin after eating. Choice 2: She put her napkin on her lap before eating. Q: Which one is more likely to be the effect, choice 1 or choice 2? choice 2.",0.022044088176352707
-2.7948718070983887,0,base,0,0,"Consider the following example: ‘‘‘The woman was in a bad mood.’’’ Choice 1: She engaged in small talk with her friend. Choice 2: She told her friend to leave her alone. Q: Which one is more likely to be the effect, choice 1 or choice 2?",choice 1,"Consider the following example: ‘‘‘The woman was in a bad mood.’’’ Choice 1: She engaged in small talk with her friend. Choice 2: She told her friend to leave her alone. Q: Which one is more likely to be the effect, choice 1 or choice 2? choice 1.",0.02404809619238477
-2.7391605377197266,0,base,1,1,"Consider the following example: ‘‘‘The scientist conducted an experiment.’’’ Choice 1: She validated her theory. Choice 2: She fabricated her data. Q: Which one is more likely to be the effect, choice 1 or choice 2?",choice 1,"Consider the following example: ‘‘‘The scientist conducted an experiment.’’’ Choice 1: She validated her theory. Choice 2: She fabricated her data. Q: Which one is more likely to be the effect, choice 1 or choice 2? choice 1.",0.026052104208416832
-2.726722240447998,1,cf,0,1,"Consider the following example: ‘‘‘The boy climbed the tree.’’’ Choice 1: A cat got stuck in the tree. Choice 2: A bird built a nest in the tree. Q: Which one is more likely to be the cause, choice 1 or choice 2?",choice 2,"Consider the following example: ‘‘‘The boy climbed the tree.’’’ Choice 1: A cat got stuck in the tree. Choice 2: A bird built a nest in the tree. Q: Which one is more likely to be the cause, choice 1 or choice 2? choice 2.",0.028056112224448898
-2.6079397201538086,0,base,1,1,"Consider the following example: ‘‘‘I learned how to play the board game.’’’ Choice 1: My friend explained the rules to me. Choice 2: My friend got the rules wrong. Q: Which one is more likely to be the cause, choice 1 or choice 2?",choice 1,"Consider the following example: ‘‘‘I learned how to play the board game.’’’ Choice 1: My friend explained the rules to me. Choice 2: My friend got the rules wrong. Q: Which one is more likely to be the cause, choice 1 or choice 2? choice 1.",0.03006012024048096
-2.603776454925537,1,cf,0,1,"Consider the following example: ‘‘‘The girl shared her lunch with her friend.’’’ Choice 1: Her friend forgot to bring his lunch. Choice 2: Her friend sat next to her at lunch. Q: Which one is more likely to be the cause, choice 1 or choice 2?",choice 2,"Consider the following example: ‘‘‘The girl shared her lunch with her friend.’’’ Choice 1: Her friend forgot to bring his lunch. Choice 2: Her friend sat next to her at lunch. Q: Which one is more likely to be the cause, choice 1 or choice 2? choice 2.",0.03206412825651302
-2.5956931114196777,1,cf,1,0,"Consider the following example: ‘‘‘The chef pressed down on the dough.’’’ Choice 1: The dough crumbled. Choice 2: The dough flattened. Q: Which one is more likely to be the effect, choice 1 or choice 2?",choice 2,"Consider the following example: ‘‘‘The chef pressed down on the dough.’’’ Choice 1: The dough crumbled. Choice 2: The dough flattened. Q: Which one is more likely to be the effect, choice 1 or choice 2? choice 2.",0.03406813627254509
-2.555840492248535,0,base,1,1,"Consider the following example: ‘‘‘The woman tolerated her friend's difficult behavior.’’’ Choice 1: The woman knew her friend was going through a hard time. Choice 2: The woman felt that her friend took advantage of her kindness. Q: Which one is more likely to be the cause, choice 1 or choice 2?",choice 1,"Consider the following example: ‘‘‘The woman tolerated her friend's difficult behavior.’’’ Choice 1: The woman knew her friend was going through a hard time. Choice 2: The woman felt that her friend took advantage of her kindness. Q: Which one is more likely to be the cause, choice 1 or choice 2? choice 1.",0.036072144288577156
-2.4732627868652344,1,cf,1,0,"Consider the following example: ‘‘‘I regained composure from my fit of anger.’’’ Choice 1: My heart pounded. Choice 2: I took deep breaths. Q: Which one is more likely to be the cause, choice 1 or choice 2?",choice 2,"Consider the following example: ‘‘‘I regained composure from my fit of anger.’’’ Choice 1: My heart pounded. Choice 2: I took deep breaths. Q: Which one is more likely to be the cause, choice 1 or choice 2? choice 2.",0.03807615230460922
-2.434953212738037,1,cf,1,0,"Consider the following example: ‘‘‘The girl handed down her clothes to her younger sister.’’’ Choice 1: The clothes were tattered. Choice 2: She outgrew the clothes. Q: Which one is more likely to be the cause, choice 1 or choice 2?",choice 2,"Consider the following example: ‘‘‘The girl handed down her clothes to her younger sister.’’’ Choice 1: The clothes were tattered. Choice 2: She outgrew the clothes. Q: Which one is more likely to be the cause, choice 1 or choice 2? choice 2.",0.04008016032064128
-2.4308786392211914,1,cf,0,1,"Consider the following example: ‘‘‘I botched the job interview.’’’ Choice 1: The interviewer asked difficult questions. Choice 2: I anticipated the interviewer's questions. Q: Which one is more likely to be the cause, choice 1 or choice 2?",choice 2,"Consider the following example: ‘‘‘I botched the job interview.’’’ Choice 1: The interviewer asked difficult questions. Choice 2: I anticipated the interviewer's questions. Q: Which one is more likely to be the cause, choice 1 or choice 2? choice 2.",0.04208416833667335
-2.4214372634887695,1,cf,1,0,"Consider the following example: ‘‘‘The shirt shrunk.’’’ Choice 1: I poured bleach on it. Choice 2: I put it in the dryer. Q: Which one is more likely to be the cause, choice 1 or choice 2?",choice 2,"Consider the following example: ‘‘‘The shirt shrunk.’’’ Choice 1: I poured bleach on it. Choice 2: I put it in the dryer. Q: Which one is more likely to be the cause, choice 1 or choice 2? choice 2.",0.04408817635270541
-2.3205301761627197,0,base,1,1,"Consider the following example: ‘‘‘I rubbed sandpaper on the wood.’’’ Choice 1: The wood became smooth. Choice 2: The wood became sticky. Q: Which one is more likely to be the effect, choice 1 or choice 2?",choice 1,"Consider the following example: ‘‘‘I rubbed sandpaper on the wood.’’’ Choice 1: The wood became smooth. Choice 2: The wood became sticky. Q: Which one is more likely to be the effect, choice 1 or choice 2? choice 1.",0.04609218436873747
-2.2872238159179688,0,base,0,0,"Consider the following example: ‘‘‘The woman filed a restraining order against the man.’’’ Choice 1: The man called her. Choice 2: The man stalked her. Q: Which one is more likely to be the cause, choice 1 or choice 2?",choice 1,"Consider the following example: ‘‘‘The woman filed a restraining order against the man.’’’ Choice 1: The man called her. Choice 2: The man stalked her. Q: Which one is more likely to be the cause, choice 1 or choice 2? choice 1.",0.04809619238476954
-2.2579262256622314,1,cf,1,0,"Consider the following example: ‘‘‘The city re-elected the mayor.’’’ Choice 1: The city cut its budget. Choice 2: The mayor fulfilled his promises. Q: Which one is more likely to be the cause, choice 1 or choice 2?",choice 2,"Consider the following example: ‘‘‘The city re-elected the mayor.’’’ Choice 1: The city cut its budget. Choice 2: The mayor fulfilled his promises. Q: Which one is more likely to be the cause, choice 1 or choice 2? choice 2.",0.050100200400801605
-2.207284450531006,1,cf,0,1,"Consider the following example: ‘‘‘The man wanted to get revenge on his enemy.’’’ Choice 1: The man framed his enemy for a crime. Choice 2: The man declared a truce with his enemy. Q: Which one is more likely to be the effect, choice 1 or choice 2?",choice 2,"Consider the following example: ‘‘‘The man wanted to get revenge on his enemy.’’’ Choice 1: The man framed his enemy for a crime. Choice 2: The man declared a truce with his enemy. Q: Which one is more likely to be the effect, choice 1 or choice 2? choice 2.",0.052104208416833664
-2.198418378829956,1,cf,1,0,"Consider the following example: ‘‘‘The teacher caught the student chewing gum.’’’ Choice 1: The gum stuck to the student's shoe. Choice 2: The student spit out the gum. Q: Which one is more likely to be the effect, choice 1 or choice 2?",choice 2,"Consider the following example: ‘‘‘The teacher caught the student chewing gum.’’’ Choice 1: The gum stuck to the student's shoe. Choice 2: The student spit out the gum. Q: Which one is more likely to be the effect, choice 1 or choice 2? choice 2.",0.05410821643286573
-2.1974709033966064,0,base,1,1,"Consider the following example: ‘‘‘The host served dinner to his guests.’’’ Choice 1: His guests were gracious. Choice 2: His guests went hungry. Q: Which one is more likely to be the effect, choice 1 or choice 2?",choice 1,"Consider the following example: ‘‘‘The host served dinner to his guests.’’’ Choice 1: His guests were gracious. Choice 2: His guests went hungry. Q: Which one is more likely to be the effect, choice 1 or choice 2? choice 1.",0.056112224448897796
-2.1622092723846436,1,cf,1,0,"Consider the following example: ‘‘‘The woman took her family on vacation.’’’ Choice 1: Her husband got laid off. Choice 2: She received a salary bonus. Q: Which one is more likely to be the cause, choice 1 or choice 2?",choice 2,"Consider the following example: ‘‘‘The woman took her family on vacation.’’’ Choice 1: Her husband got laid off. Choice 2: She received a salary bonus. Q: Which one is more likely to be the cause, choice 1 or choice 2? choice 2.",0.05811623246492986
-2.1472206115722656,1,cf,0,1,"Consider the following example: ‘‘‘The horse bucked.’’’ Choice 1: A fly bit the horse. Choice 2: The rider stroked the horse. Q: Which one is more likely to be the cause, choice 1 or choice 2?",choice 2,"Consider the following example: ‘‘‘The horse bucked.’’’ Choice 1: A fly bit the horse. Choice 2: The rider stroked the horse. Q: Which one is more likely to be the cause, choice 1 or choice 2? choice 2.",0.06012024048096192
-2.145451068878174,0,base,1,1,"Consider the following example: ‘‘‘The man revealed personal information to the therapist.’’’ Choice 1: He trusted the therapist. Choice 2: He disagreed with the therapist. Q: Which one is more likely to be the cause, choice 1 or choice 2?",choice 1,"Consider the following example: ‘‘‘The man revealed personal information to the therapist.’’’ Choice 1: He trusted the therapist. Choice 2: He disagreed with the therapist. Q: Which one is more likely to be the cause, choice 1 or choice 2? choice 1.",0.06212424849699399
-2.096926212310791,1,cf,1,0,"Consider the following example: ‘‘‘The woman hummed to herself.’’’ Choice 1: She was nervous. Choice 2: She was in a good mood. Q: Which one is more likely to be the cause, choice 1 or choice 2?",choice 2,"Consider the following example: ‘‘‘The woman hummed to herself.’’’ Choice 1: She was nervous. Choice 2: She was in a good mood. Q: Which one is more likely to be the cause, choice 1 or choice 2? choice 2.",0.06412825651302605
-2.090247631072998,1,cf,1,0,"Consider the following example: ‘‘‘The flashlight was dead.’’’ Choice 1: I took it apart. Choice 2: I replaced the batteries. Q: Which one is more likely to be the effect, choice 1 or choice 2?",choice 2,"Consider the following example: ‘‘‘The flashlight was dead.’’’ Choice 1: I took it apart. Choice 2: I replaced the batteries. Q: Which one is more likely to be the effect, choice 1 or choice 2? choice 2.",0.06613226452905811
-2.0724189281463623,1,cf,0,1,"Consider the following example: ‘‘‘The homeowners disliked their nosy neighbors.’’’ Choice 1: They built a fence around their property. Choice 2: They hosted a barbeque in their backyard. Q: Which one is more likely to be the effect, choice 1 or choice 2?",choice 2,"Consider the following example: ‘‘‘The homeowners disliked their nosy neighbors.’’’ Choice 1: They built a fence around their property. Choice 2: They hosted a barbeque in their backyard. Q: Which one is more likely to be the effect, choice 1 or choice 2? choice 2.",0.06813627254509018
-2.063821792602539,0,base,0,0,"Consider the following example: ‘‘‘The smoke alarm went off.’’’ Choice 1: I lit a candle. Choice 2: I burnt my dinner. Q: Which one is more likely to be the cause, choice 1 or choice 2?",choice 1,"Consider the following example: ‘‘‘The smoke alarm went off.’’’ Choice 1: I lit a candle. Choice 2: I burnt my dinner. Q: Which one is more likely to be the cause, choice 1 or choice 2? choice 1.",0.07014028056112225
-2.0614218711853027,1,cf,1,0,"Consider the following example: ‘‘‘The police eliminated the woman from the list of suspects.’’’ Choice 1: The police interrogated her. Choice 2: Her alibi checked out. Q: Which one is more likely to be the cause, choice 1 or choice 2?",choice 2,"Consider the following example: ‘‘‘The police eliminated the woman from the list of suspects.’’’ Choice 1: The police interrogated her. Choice 2: Her alibi checked out. Q: Which one is more likely to be the cause, choice 1 or choice 2? choice 2.",0.07214428857715431
-2.0426955223083496,1,cf,0,1,"Consider the following example: ‘‘‘The student was in a rush to get to school on time.’’’ Choice 1: He left his assignment at home. Choice 2: He brought his lunch to school. Q: Which one is more likely to be the effect, choice 1 or choice 2?",choice 2,"Consider the following example: ‘‘‘The student was in a rush to get to school on time.’’’ Choice 1: He left his assignment at home. Choice 2: He brought his lunch to school. Q: Which one is more likely to be the effect, choice 1 or choice 2? choice 2.",0.07414829659318638
-2.0012636184692383,0,base,0,0,"Consider the following example: ‘‘‘The woman betrayed her friend.’’’ Choice 1: Her friend sent her a greeting card. Choice 2: Her friend cut off contact with her. Q: Which one is more likely to be the effect, choice 1 or choice 2?",choice 1,"Consider the following example: ‘‘‘The woman betrayed her friend.’’’ Choice 1: Her friend sent her a greeting card. Choice 2: Her friend cut off contact with her. Q: Which one is more likely to be the effect, choice 1 or choice 2? choice 1.",0.07615230460921844
-1.9777188301086426,0,base,0,0,"Consider the following example: ‘‘‘The boat capsized.’’’ Choice 1: The captain raised the sail. Choice 2: It was caught in a hurricane. Q: Which one is more likely to be the cause, choice 1 or choice 2?",choice 1,"Consider the following example: ‘‘‘The boat capsized.’’’ Choice 1: The captain raised the sail. Choice 2: It was caught in a hurricane. Q: Which one is more likely to be the cause, choice 1 or choice 2? choice 1.",0.0781563126252505
-1.9735338687896729,0,base,0,0,"Consider the following example: ‘‘‘The woman was arrested.’’’ Choice 1: She checked into rehab. Choice 2: She committed assault. Q: Which one is more likely to be the cause, choice 1 or choice 2?",choice 1,"Consider the following example: ‘‘‘The woman was arrested.’’’ Choice 1: She checked into rehab. Choice 2: She committed assault. Q: Which one is more likely to be the cause, choice 1 or choice 2? choice 1.",0.08016032064128256
-1.9431519508361816,1,cf,1,0,"Consider the following example: ‘‘‘My friend paid for my ticket.’’’ Choice 1: I sought a refund. Choice 2: I paid her back. Q: Which one is more likely to be the effect, choice 1 or choice 2?",choice 2,"Consider the following example: ‘‘‘My friend paid for my ticket.’’’ Choice 1: I sought a refund. Choice 2: I paid her back. Q: Which one is more likely to be the effect, choice 1 or choice 2? choice 2.",0.08216432865731463
-1.9276797771453857,1,cf,1,0,"Consider the following example: ‘‘‘The man woke up with a toothache.’’’ Choice 1: He missed an appointment with the dentist. Choice 2: He made an appointment with the dentist. Q: Which one is more likely to be the effect, choice 1 or choice 2?",choice 2,"Consider the following example: ‘‘‘The man woke up with a toothache.’’’ Choice 1: He missed an appointment with the dentist. Choice 2: He made an appointment with the dentist. Q: Which one is more likely to be the effect, choice 1 or choice 2? choice 2.",0.0841683366733467
-1.9217692613601685,1,cf,1,0,"Consider the following example: ‘‘‘The chair squeaked.’’’ Choice 1: The man carried the chair to his office. Choice 2: The man scooted the chair closer to his desk. Q: Which one is more likely to be the cause, choice 1 or choice 2?",choice 2,"Consider the following example: ‘‘‘The chair squeaked.’’’ Choice 1: The man carried the chair to his office. Choice 2: The man scooted the chair closer to his desk. Q: Which one is more likely to be the cause, choice 1 or choice 2? choice 2.",0.08617234468937876
-1.9144091606140137,1,cf,1,0,"Consider the following example: ‘‘‘The customer came into the boutique.’’’ Choice 1: She left her wallet at home. Choice 2: The window display caught her eye. Q: Which one is more likely to be the cause, choice 1 or choice 2?",choice 2,"Consider the following example: ‘‘‘The customer came into the boutique.’’’ Choice 1: She left her wallet at home. Choice 2: The window display caught her eye. Q: Which one is more likely to be the cause, choice 1 or choice 2? choice 2.",0.08817635270541083
-1.9108874797821045,1,cf,1,0,"Consider the following example: ‘‘‘The secretary put the caller on hold.’’’ Choice 1: The caller's phone lost reception. Choice 2: The caller waited on the line. Q: Which one is more likely to be the effect, choice 1 or choice 2?",choice 2,"Consider the following example: ‘‘‘The secretary put the caller on hold.’’’ Choice 1: The caller's phone lost reception. Choice 2: The caller waited on the line. Q: Which one is more likely to be the effect, choice 1 or choice 2? choice 2.",0.09018036072144289
-1.8742810487747192,0,base,0,0,"Consider the following example: ‘‘‘My computer crashed.’’’ Choice 1: I installed new speakers. Choice 2: I lost all my data. Q: Which one is more likely to be the effect, choice 1 or choice 2?",choice 1,"Consider the following example: ‘‘‘My computer crashed.’’’ Choice 1: I installed new speakers. Choice 2: I lost all my data. Q: Which one is more likely to be the effect, choice 1 or choice 2? choice 1.",0.09218436873747494
-1.8675110340118408,1,cf,0,1,"Consider the following example: ‘‘‘The surfer caught the wave.’’’ Choice 1: The wave carried her to the shore. Choice 2: She paddled her board into the ocean. Q: Which one is more likely to be the effect, choice 1 or choice 2?",choice 2,"Consider the following example: ‘‘‘The surfer caught the wave.’’’ Choice 1: The wave carried her to the shore. Choice 2: She paddled her board into the ocean. Q: Which one is more likely to be the effect, choice 1 or choice 2? choice 2.",0.09418837675350701
-1.8599189519882202,1,cf,0,1,"Consider the following example: ‘‘‘I coughed.’’’ Choice 1: I inhaled smoke. Choice 2: I lowered my voice. Q: Which one is more likely to be the cause, choice 1 or choice 2?",choice 2,"Consider the following example: ‘‘‘I coughed.’’’ Choice 1: I inhaled smoke. Choice 2: I lowered my voice. Q: Which one is more likely to be the cause, choice 1 or choice 2? choice 2.",0.09619238476953908
-1.8531430959701538,0,base,0,0,"Consider the following example: ‘‘‘The computer was expensive to fix.’’’ Choice 1: I got it repaired. Choice 2: I bought a new one. Q: Which one is more likely to be the effect, choice 1 or choice 2?",choice 1,"Consider the following example: ‘‘‘The computer was expensive to fix.’’’ Choice 1: I got it repaired. Choice 2: I bought a new one. Q: Which one is more likely to be the effect, choice 1 or choice 2? choice 1.",0.09819639278557114
-1.8343853950500488,1,cf,0,1,"Consider the following example: ‘‘‘The woman was deemed mentally ill.’’’ Choice 1: She was sent to a psychiatric institution. Choice 2: She sought a career as a psychiatrist. Q: Which one is more likely to be the effect, choice 1 or choice 2?",choice 2,"Consider the following example: ‘‘‘The woman was deemed mentally ill.’’’ Choice 1: She was sent to a psychiatric institution. Choice 2: She sought a career as a psychiatrist. Q: Which one is more likely to be the effect, choice 1 or choice 2? choice 2.",0.10020040080160321
-1.8291136026382446,0,base,1,1,"Consider the following example: ‘‘‘The product was heavily advertised.’’’ Choice 1: Consumers recognized the product. Choice 2: The product became outdated. Q: Which one is more likely to be the effect, choice 1 or choice 2?",choice 1,"Consider the following example: ‘‘‘The product was heavily advertised.’’’ Choice 1: Consumers recognized the product. Choice 2: The product became outdated. Q: Which one is more likely to be the effect, choice 1 or choice 2? choice 1.",0.10220440881763528
-1.7546734809875488,0,base,1,1,"Consider the following example: ‘‘‘My knees buckled on the stairs.’’’ Choice 1: I caught myself on the railing. Choice 2: The railing came loose from the wall. Q: Which one is more likely to be the effect, choice 1 or choice 2?",choice 1,"Consider the following example: ‘‘‘My knees buckled on the stairs.’’’ Choice 1: I caught myself on the railing. Choice 2: The railing came loose from the wall. Q: Which one is more likely to be the effect, choice 1 or choice 2? choice 1.",0.10420841683366733
-1.7465928792953491,1,cf,1,0,"Consider the following example: ‘‘‘The woman presented her brother with a gift.’’’ Choice 1: Her brother refused to accept the gift. Choice 2: Her brother unwrapped the gift. Q: Which one is more likely to be the effect, choice 1 or choice 2?",choice 2,"Consider the following example: ‘‘‘The woman presented her brother with a gift.’’’ Choice 1: Her brother refused to accept the gift. Choice 2: Her brother unwrapped the gift. Q: Which one is more likely to be the effect, choice 1 or choice 2? choice 2.",0.1062124248496994
-1.720125436782837,0,base,1,1,"Consider the following example: ‘‘‘The man became disabled.’’’ Choice 1: His family offered him financial support. Choice 2: His family cut off contact with him. Q: Which one is more likely to be the effect, choice 1 or choice 2?",choice 1,"Consider the following example: ‘‘‘The man became disabled.’’’ Choice 1: His family offered him financial support. Choice 2: His family cut off contact with him. Q: Which one is more likely to be the effect, choice 1 or choice 2? choice 1.",0.10821643286573146
-1.716267466545105,0,base,1,1,"Consider the following example: ‘‘‘The girl wanted to wear earrings.’’’ Choice 1: She got her ears pierced. Choice 2: She got a tattoo. Q: Which one is more likely to be the effect, choice 1 or choice 2?",choice 1,"Consider the following example: ‘‘‘The girl wanted to wear earrings.’’’ Choice 1: She got her ears pierced. Choice 2: She got a tattoo. Q: Which one is more likely to be the effect, choice 1 or choice 2? choice 1.",0.11022044088176353
-1.7136974334716797,0,base,0,0,"Consider the following example: ‘‘‘I ironed my shirt.’’’ Choice 1: It was clean. Choice 2: It was wrinkled. Q: Which one is more likely to be the cause, choice 1 or choice 2?",choice 1,"Consider the following example: ‘‘‘I ironed my shirt.’’’ Choice 1: It was clean. Choice 2: It was wrinkled. Q: Which one is more likely to be the cause, choice 1 or choice 2? choice 1.",0.11222444889779559
-1.7049447298049927,1,cf,0,1,"Consider the following example: ‘‘‘The chandelier shattered on the floor.’’’ Choice 1: The chandelier dropped from the ceiling. Choice 2: The chandelier's lights flickered on and off. Q: Which one is more likely to be the cause, choice 1 or choice 2?",choice 2,"Consider the following example: ‘‘‘The chandelier shattered on the floor.’’’ Choice 1: The chandelier dropped from the ceiling. Choice 2: The chandelier's lights flickered on and off. Q: Which one is more likely to be the cause, choice 1 or choice 2? choice 2.",0.11422845691382766
-1.687309980392456,0,base,1,1,"Consider the following example: ‘‘‘I put my hands under the running faucet.’’’ Choice 1: The soap rinsed off my hands. Choice 2: The water splashed in my face. Q: Which one is more likely to be the effect, choice 1 or choice 2?",choice 1,"Consider the following example: ‘‘‘I put my hands under the running faucet.’’’ Choice 1: The soap rinsed off my hands. Choice 2: The water splashed in my face. Q: Which one is more likely to be the effect, choice 1 or choice 2? choice 1.",0.11623246492985972
-1.6790714263916016,1,cf,1,0,"Consider the following example: ‘‘‘I wrote a thank-you note to my grandmother.’’’ Choice 1: She became forgetful. Choice 2: She sent me a gift. Q: Which one is more likely to be the cause, choice 1 or choice 2?",choice 2,"Consider the following example: ‘‘‘I wrote a thank-you note to my grandmother.’’’ Choice 1: She became forgetful. Choice 2: She sent me a gift. Q: Which one is more likely to be the cause, choice 1 or choice 2? choice 2.",0.11823647294589178
-1.6668869256973267,1,cf,0,1,"Consider the following example: ‘‘‘The mother scolded her daughter.’’’ Choice 1: Her daughter burped at the kitchen table. Choice 2: Her daughter set the kitchen table. Q: Which one is more likely to be the cause, choice 1 or choice 2?",choice 2,"Consider the following example: ‘‘‘The mother scolded her daughter.’’’ Choice 1: Her daughter burped at the kitchen table. Choice 2: Her daughter set the kitchen table. Q: Which one is more likely to be the cause, choice 1 or choice 2? choice 2.",0.12024048096192384
-1.6153619289398193,1,cf,1,0,"Consider the following example: ‘‘‘The patient underwent the risky medical procedure.’’’ Choice 1: The procedure was costly. Choice 2: Specialists recommended the procedure. Q: Which one is more likely to be the cause, choice 1 or choice 2?",choice 2,"Consider the following example: ‘‘‘The patient underwent the risky medical procedure.’’’ Choice 1: The procedure was costly. Choice 2: Specialists recommended the procedure. Q: Which one is more likely to be the cause, choice 1 or choice 2? choice 2.",0.12224448897795591
-1.6098837852478027,0,base,0,0,"Consider the following example: ‘‘‘The woman walked with crutches.’’’ Choice 1: She shaved her legs. Choice 2: She broke her leg. Q: Which one is more likely to be the cause, choice 1 or choice 2?",choice 1,"Consider the following example: ‘‘‘The woman walked with crutches.’’’ Choice 1: She shaved her legs. Choice 2: She broke her leg. Q: Which one is more likely to be the cause, choice 1 or choice 2? choice 1.",0.12424849699398798
-1.5923372507095337,0,base,0,0,"Consider the following example: ‘‘‘The doctors amputated the patient's leg.’’’ Choice 1: It was badly bruised. Choice 2: It was severely infected. Q: Which one is more likely to be the cause, choice 1 or choice 2?",choice 1,"Consider the following example: ‘‘‘The doctors amputated the patient's leg.’’’ Choice 1: It was badly bruised. Choice 2: It was severely infected. Q: Which one is more likely to be the cause, choice 1 or choice 2? choice 1.",0.12625250501002003
-1.5898478031158447,1,cf,0,1,"Consider the following example: ‘‘‘The man held his breath.’’’ Choice 1: He went underwater. Choice 2: He treaded water. Q: Which one is more likely to be the cause, choice 1 or choice 2?",choice 2,"Consider the following example: ‘‘‘The man held his breath.’’’ Choice 1: He went underwater. Choice 2: He treaded water. Q: Which one is more likely to be the cause, choice 1 or choice 2? choice 2.",0.1282565130260521
-1.5839848518371582,1,cf,1,0,"Consider the following example: ‘‘‘The man threw his empty can onto the street.’’’ Choice 1: He was jumped from behind. Choice 2: He was fined for littering. Q: Which one is more likely to be the effect, choice 1 or choice 2?",choice 2,"Consider the following example: ‘‘‘The man threw his empty can onto the street.’’’ Choice 1: He was jumped from behind. Choice 2: He was fined for littering. Q: Which one is more likely to be the effect, choice 1 or choice 2? choice 2.",0.13026052104208416
-1.5740770101547241,0,base,0,0,"Consider the following example: ‘‘‘I put rubber gloves on.’’’ Choice 1: I was preparing to wash my hands. Choice 2: I was preparing to clean the bathroom. Q: Which one is more likely to be the cause, choice 1 or choice 2?",choice 1,"Consider the following example: ‘‘‘I put rubber gloves on.’’’ Choice 1: I was preparing to wash my hands. Choice 2: I was preparing to clean the bathroom. Q: Which one is more likely to be the cause, choice 1 or choice 2? choice 1.",0.13226452905811623
-1.5589183568954468,1,cf,1,0,"Consider the following example: ‘‘‘I ran the ice cube under warm water.’’’ Choice 1: The ice cube stuck to my fingers. Choice 2: The ice cube vanished. Q: Which one is more likely to be the effect, choice 1 or choice 2?",choice 2,"Consider the following example: ‘‘‘I ran the ice cube under warm water.’’’ Choice 1: The ice cube stuck to my fingers. Choice 2: The ice cube vanished. Q: Which one is more likely to be the effect, choice 1 or choice 2? choice 2.",0.1342685370741483
-1.5445380210876465,1,cf,0,1,"Consider the following example: ‘‘‘The book was deemed inappropriate for children.’’’ Choice 1: Schools banned it from its libraries. Choice 2: Teachers required students to read it. Q: Which one is more likely to be the effect, choice 1 or choice 2?",choice 2,"Consider the following example: ‘‘‘The book was deemed inappropriate for children.’’’ Choice 1: Schools banned it from its libraries. Choice 2: Teachers required students to read it. Q: Which one is more likely to be the effect, choice 1 or choice 2? choice 2.",0.13627254509018036
-1.543555498123169,1,cf,1,0,"Consider the following example: ‘‘‘The milk stayed cold.’’’ Choice 1: It was pasteurized. Choice 2: I stored it in the refrigerator. Q: Which one is more likely to be the cause, choice 1 or choice 2?",choice 2,"Consider the following example: ‘‘‘The milk stayed cold.’’’ Choice 1: It was pasteurized. Choice 2: I stored it in the refrigerator. Q: Which one is more likely to be the cause, choice 1 or choice 2? choice 2.",0.13827655310621242
-1.5305198431015015,1,cf,1,0,"Consider the following example: ‘‘‘The parents recognized their daughter's creativity.’’’ Choice 1: They taught her how to ride a bike. Choice 2: They encouraged her to become an artist. Q: Which one is more likely to be the effect, choice 1 or choice 2?",choice 2,"Consider the following example: ‘‘‘The parents recognized their daughter's creativity.’’’ Choice 1: They taught her how to ride a bike. Choice 2: They encouraged her to become an artist. Q: Which one is more likely to be the effect, choice 1 or choice 2? choice 2.",0.1402805611222445
-1.515385627746582,1,cf,0,1,"Consider the following example: ‘‘‘The photo albums collected dust in the attic.’’’ Choice 1: They remained untouched for years. Choice 2: The family reminisced over the photos. Q: Which one is more likely to be the cause, choice 1 or choice 2?",choice 2,"Consider the following example: ‘‘‘The photo albums collected dust in the attic.’’’ Choice 1: They remained untouched for years. Choice 2: The family reminisced over the photos. Q: Which one is more likely to be the cause, choice 1 or choice 2? choice 2.",0.14228456913827656
-1.5105171203613281,1,cf,1,0,"Consider the following example: ‘‘‘The seasons changed from summer to autumn.’’’ Choice 1: People evacuated their homes. Choice 2: Leaves fell from the trees. Q: Which one is more likely to be the effect, choice 1 or choice 2?",choice 2,"Consider the following example: ‘‘‘The seasons changed from summer to autumn.’’’ Choice 1: People evacuated their homes. Choice 2: Leaves fell from the trees. Q: Which one is more likely to be the effect, choice 1 or choice 2? choice 2.",0.14428857715430862
-1.5104280710220337,0,base,0,0,"Consider the following example: ‘‘‘The stain came out of the shirt.’’’ Choice 1: I patched the shirt. Choice 2: I bleached the shirt. Q: Which one is more likely to be the cause, choice 1 or choice 2?",choice 1,"Consider the following example: ‘‘‘The stain came out of the shirt.’’’ Choice 1: I patched the shirt. Choice 2: I bleached the shirt. Q: Which one is more likely to be the cause, choice 1 or choice 2? choice 1.",0.1462925851703407
-1.506544589996338,1,cf,1,0,"Consider the following example: ‘‘‘The girl pushed her friend.’’’ Choice 1: Her friend choked. Choice 2: Her friend fell over. Q: Which one is more likely to be the effect, choice 1 or choice 2?",choice 2,"Consider the following example: ‘‘‘The girl pushed her friend.’’’ Choice 1: Her friend choked. Choice 2: Her friend fell over. Q: Which one is more likely to be the effect, choice 1 or choice 2? choice 2.",0.14829659318637275
-1.4932506084442139,0,base,0,0,"Consider the following example: ‘‘‘The man fainted.’’’ Choice 1: He took a nap. Choice 2: He ran a marathon. Q: Which one is more likely to be the cause, choice 1 or choice 2?",choice 1,"Consider the following example: ‘‘‘The man fainted.’’’ Choice 1: He took a nap. Choice 2: He ran a marathon. Q: Which one is more likely to be the cause, choice 1 or choice 2? choice 1.",0.15030060120240482
-1.4856574535369873,1,cf,1,0,"Consider the following example: ‘‘‘The administrator cleared her throat.’’’ Choice 1: The meeting was postponed. Choice 2: The meeting commenced. Q: Which one is more likely to be the effect, choice 1 or choice 2?",choice 2,"Consider the following example: ‘‘‘The administrator cleared her throat.’’’ Choice 1: The meeting was postponed. Choice 2: The meeting commenced. Q: Which one is more likely to be the effect, choice 1 or choice 2? choice 2.",0.1523046092184369
-1.4569061994552612,0,base,0,0,"Consider the following example: ‘‘‘The friends' debate dragged on interminably.’’’ Choice 1: The friends saw eye to eye. Choice 2: The friends were splitting hairs. Q: Which one is more likely to be the cause, choice 1 or choice 2?",choice 1,"Consider the following example: ‘‘‘The friends' debate dragged on interminably.’’’ Choice 1: The friends saw eye to eye. Choice 2: The friends were splitting hairs. Q: Which one is more likely to be the cause, choice 1 or choice 2? choice 1.",0.15430861723446893
-1.4384287595748901,0,base,1,1,"Consider the following example: ‘‘‘The woman felt reluctant to switch careers.’’’ Choice 1: She made a lot of money in her current occupation. Choice 2: She endured a lot of stress in her current occupation. Q: Which one is more likely to be the cause, choice 1 or choice 2?",choice 1,"Consider the following example: ‘‘‘The woman felt reluctant to switch careers.’’’ Choice 1: She made a lot of money in her current occupation. Choice 2: She endured a lot of stress in her current occupation. Q: Which one is more likely to be the cause, choice 1 or choice 2? choice 1.",0.156312625250501
-1.4334300756454468,1,cf,1,0,"Consider the following example: ‘‘‘The driver rotated the steering wheel.’’’ Choice 1: The car halted. Choice 2: The car turned. Q: Which one is more likely to be the effect, choice 1 or choice 2?",choice 2,"Consider the following example: ‘‘‘The driver rotated the steering wheel.’’’ Choice 1: The car halted. Choice 2: The car turned. Q: Which one is more likely to be the effect, choice 1 or choice 2? choice 2.",0.15831663326653306
-1.424690842628479,1,cf,0,1,"Consider the following example: ‘‘‘The girl applied the scissors to the paper.’’’ Choice 1: The paper sliced apart. Choice 2: The paper crinkled. Q: Which one is more likely to be the effect, choice 1 or choice 2?",choice 2,"Consider the following example: ‘‘‘The girl applied the scissors to the paper.’’’ Choice 1: The paper sliced apart. Choice 2: The paper crinkled. Q: Which one is more likely to be the effect, choice 1 or choice 2? choice 2.",0.16032064128256512
-1.4170820713043213,0,base,0,0,"Consider the following example: ‘‘‘The man went into denial about the tragedy.’’’ Choice 1: He got over it easily. Choice 2: He refused to talk about it. Q: Which one is more likely to be the effect, choice 1 or choice 2?",choice 1,"Consider the following example: ‘‘‘The man went into denial about the tragedy.’’’ Choice 1: He got over it easily. Choice 2: He refused to talk about it. Q: Which one is more likely to be the effect, choice 1 or choice 2? choice 1.",0.1623246492985972
-1.3981680870056152,1,cf,0,1,"Consider the following example: ‘‘‘I got distracted from my conversation with the woman.’’’ Choice 1: Everyone in the room was talking. Choice 2: The woman was telling a funny story. Q: Which one is more likely to be the cause, choice 1 or choice 2?",choice 2,"Consider the following example: ‘‘‘I got distracted from my conversation with the woman.’’’ Choice 1: Everyone in the room was talking. Choice 2: The woman was telling a funny story. Q: Which one is more likely to be the cause, choice 1 or choice 2? choice 2.",0.16432865731462926
-1.3384525775909424,0,base,0,0,"Consider the following example: ‘‘‘The boy was afraid to go to bed.’’’ Choice 1: He turned on his nightlight. Choice 2: He watched a horror movie. Q: Which one is more likely to be the cause, choice 1 or choice 2?",choice 1,"Consider the following example: ‘‘‘The boy was afraid to go to bed.’’’ Choice 1: He turned on his nightlight. Choice 2: He watched a horror movie. Q: Which one is more likely to be the cause, choice 1 or choice 2? choice 1.",0.16633266533066132
-1.3342338800430298,0,base,1,1,"Consider the following example: ‘‘‘The boy painted a picture for his mother.’’’ Choice 1: His mother hung the picture on the wall. Choice 2: His mother sold the picture to a gallery. Q: Which one is more likely to be the effect, choice 1 or choice 2?",choice 1,"Consider the following example: ‘‘‘The boy painted a picture for his mother.’’’ Choice 1: His mother hung the picture on the wall. Choice 2: His mother sold the picture to a gallery. Q: Which one is more likely to be the effect, choice 1 or choice 2? choice 1.",0.1683366733466934
-1.315812587738037,0,base,0,0,"Consider the following example: ‘‘‘The bride got cold feet before the wedding.’’’ Choice 1: The wedding guests brought gifts. Choice 2: She called the wedding off. Q: Which one is more likely to be the effect, choice 1 or choice 2?",choice 1,"Consider the following example: ‘‘‘The bride got cold feet before the wedding.’’’ Choice 1: The wedding guests brought gifts. Choice 2: She called the wedding off. Q: Which one is more likely to be the effect, choice 1 or choice 2? choice 1.",0.17034068136272545
-1.309645652770996,0,base,0,0,"Consider the following example: ‘‘‘The celebrity wore sunglasses.’’’ Choice 1: She wanted to thank her fans. Choice 2: She wanted to avoid recognition. Q: Which one is more likely to be the cause, choice 1 or choice 2?",choice 1,"Consider the following example: ‘‘‘The celebrity wore sunglasses.’’’ Choice 1: She wanted to thank her fans. Choice 2: She wanted to avoid recognition. Q: Which one is more likely to be the cause, choice 1 or choice 2? choice 1.",0.17234468937875752
-1.3084901571273804,1,cf,0,1,"Consider the following example: ‘‘‘The runner wore shorts.’’’ Choice 1: The forecast predicted high temperatures. Choice 2: She planned to run along the beach. Q: Which one is more likely to be the cause, choice 1 or choice 2?",choice 2,"Consider the following example: ‘‘‘The runner wore shorts.’’’ Choice 1: The forecast predicted high temperatures. Choice 2: She planned to run along the beach. Q: Which one is more likely to be the cause, choice 1 or choice 2? choice 2.",0.1743486973947896
-1.3060795068740845,0,base,1,1,"Consider the following example: ‘‘‘I drank from the water fountain.’’’ Choice 1: I was thirsty. Choice 2: I felt nauseous. Q: Which one is more likely to be the cause, choice 1 or choice 2?",choice 1,"Consider the following example: ‘‘‘I drank from the water fountain.’’’ Choice 1: I was thirsty. Choice 2: I felt nauseous. Q: Which one is more likely to be the cause, choice 1 or choice 2? choice 1.",0.17635270541082165
-1.295851230621338,0,base,1,1,"Consider the following example: ‘‘‘I clenched the candy wrapper in my fist.’’’ Choice 1: The wrapper crinkled. Choice 2: The wrapper ripped. Q: Which one is more likely to be the effect, choice 1 or choice 2?",choice 1,"Consider the following example: ‘‘‘I clenched the candy wrapper in my fist.’’’ Choice 1: The wrapper crinkled. Choice 2: The wrapper ripped. Q: Which one is more likely to be the effect, choice 1 or choice 2? choice 1.",0.17835671342685372
-1.2907562255859375,0,base,1,1,"Consider the following example: ‘‘‘I put my plate in the sink.’’’ Choice 1: I finished eating. Choice 2: I skipped dinner. Q: Which one is more likely to be the cause, choice 1 or choice 2?",choice 1,"Consider the following example: ‘‘‘I put my plate in the sink.’’’ Choice 1: I finished eating. Choice 2: I skipped dinner. Q: Which one is more likely to be the cause, choice 1 or choice 2? choice 1.",0.18036072144288579
-1.2864186763763428,1,cf,1,0,"Consider the following example: ‘‘‘The woman complimented the man.’’’ Choice 1: He sneezed. Choice 2: He blushed. Q: Which one is more likely to be the effect, choice 1 or choice 2?",choice 2,"Consider the following example: ‘‘‘The woman complimented the man.’’’ Choice 1: He sneezed. Choice 2: He blushed. Q: Which one is more likely to be the effect, choice 1 or choice 2? choice 2.",0.18236472945891782
-1.2749872207641602,0,base,1,1,"Consider the following example: ‘‘‘The farmland needed irrigation.’’’ Choice 1: A canal was constructed. Choice 2: A flood occurred. Q: Which one is more likely to be the effect, choice 1 or choice 2?",choice 1,"Consider the following example: ‘‘‘The farmland needed irrigation.’’’ Choice 1: A canal was constructed. Choice 2: A flood occurred. Q: Which one is more likely to be the effect, choice 1 or choice 2? choice 1.",0.1843687374749499
-1.2668988704681396,1,cf,0,1,"Consider the following example: ‘‘‘The girl received a trophy.’’’ Choice 1: She won a spelling bee. Choice 2: She made a new friend. Q: Which one is more likely to be the cause, choice 1 or choice 2?",choice 2,"Consider the following example: ‘‘‘The girl received a trophy.’’’ Choice 1: She won a spelling bee. Choice 2: She made a new friend. Q: Which one is more likely to be the cause, choice 1 or choice 2? choice 2.",0.18637274549098196
-1.2512402534484863,0,base,0,0,"Consider the following example: ‘‘‘The bartender refused to serve the patron.’’’ Choice 1: The patron was alone. Choice 2: The patron was drunk. Q: Which one is more likely to be the cause, choice 1 or choice 2?",choice 1,"Consider the following example: ‘‘‘The bartender refused to serve the patron.’’’ Choice 1: The patron was alone. Choice 2: The patron was drunk. Q: Which one is more likely to be the cause, choice 1 or choice 2? choice 1.",0.18837675350701402
-1.2373616695404053,1,cf,0,1,"Consider the following example: ‘‘‘The man fell unconscious.’’’ Choice 1: The assailant struck the man in the head. Choice 2: The assailant took the man's wallet. Q: Which one is more likely to be the cause, choice 1 or choice 2?",choice 2,"Consider the following example: ‘‘‘The man fell unconscious.’’’ Choice 1: The assailant struck the man in the head. Choice 2: The assailant took the man's wallet. Q: Which one is more likely to be the cause, choice 1 or choice 2? choice 2.",0.1903807615230461
-1.2223260402679443,0,base,1,1,"Consider the following example: ‘‘‘The girl found the missing puzzle piece.’’’ Choice 1: She completed the puzzle. Choice 2: She took apart the puzzle. Q: Which one is more likely to be the effect, choice 1 or choice 2?",choice 1,"Consider the following example: ‘‘‘The girl found the missing puzzle piece.’’’ Choice 1: She completed the puzzle. Choice 2: She took apart the puzzle. Q: Which one is more likely to be the effect, choice 1 or choice 2? choice 1.",0.19238476953907815
-1.221820592880249,0,base,0,0,"Consider the following example: ‘‘‘The man got a discount on his groceries.’’’ Choice 1: He greeted the cashier. Choice 2: He used a coupon. Q: Which one is more likely to be the cause, choice 1 or choice 2?",choice 1,"Consider the following example: ‘‘‘The man got a discount on his groceries.’’’ Choice 1: He greeted the cashier. Choice 2: He used a coupon. Q: Which one is more likely to be the cause, choice 1 or choice 2? choice 1.",0.19438877755511022
-1.2147423028945923,0,base,1,1,"Consider the following example: ‘‘‘The skydiver glided safely to the ground.’’’ Choice 1: She opened her parachute. Choice 2: She jumped out of the plane. Q: Which one is more likely to be the cause, choice 1 or choice 2?",choice 1,"Consider the following example: ‘‘‘The skydiver glided safely to the ground.’’’ Choice 1: She opened her parachute. Choice 2: She jumped out of the plane. Q: Which one is more likely to be the cause, choice 1 or choice 2? choice 1.",0.1963927855711423
-1.211592435836792,0,base,1,1,"Consider the following example: ‘‘‘The woman gave the man her phone number.’’’ Choice 1: She was attracted to him. Choice 2: She was repulsed by him. Q: Which one is more likely to be the cause, choice 1 or choice 2?",choice 1,"Consider the following example: ‘‘‘The woman gave the man her phone number.’’’ Choice 1: She was attracted to him. Choice 2: She was repulsed by him. Q: Which one is more likely to be the cause, choice 1 or choice 2? choice 1.",0.19839679358717435
-1.209589958190918,1,cf,1,0,"Consider the following example: ‘‘‘The woman's purse was missing.’’’ Choice 1: It contained a lot of junk. Choice 2: She left it unsupervised. Q: Which one is more likely to be the cause, choice 1 or choice 2?",choice 2,"Consider the following example: ‘‘‘The woman's purse was missing.’’’ Choice 1: It contained a lot of junk. Choice 2: She left it unsupervised. Q: Which one is more likely to be the cause, choice 1 or choice 2? choice 2.",0.20040080160320642
-1.2010118961334229,1,cf,0,1,"Consider the following example: ‘‘‘The woman had an infection.’’’ Choice 1: She took antibiotics. Choice 2: She washed her hands. Q: Which one is more likely to be the effect, choice 1 or choice 2?",choice 2,"Consider the following example: ‘‘‘The woman had an infection.’’’ Choice 1: She took antibiotics. Choice 2: She washed her hands. Q: Which one is more likely to be the effect, choice 1 or choice 2? choice 2.",0.20240480961923848
-1.1936115026474,1,cf,0,1,"Consider the following example: ‘‘‘A fistfight broke out in the hall of the school.’’’ Choice 1: The principal suspended the students involved. Choice 2: The principal called off classes for the day. Q: Which one is more likely to be the effect, choice 1 or choice 2?",choice 2,"Consider the following example: ‘‘‘A fistfight broke out in the hall of the school.’’’ Choice 1: The principal suspended the students involved. Choice 2: The principal called off classes for the day. Q: Which one is more likely to be the effect, choice 1 or choice 2? choice 2.",0.20440881763527055
-1.1935425996780396,0,base,1,1,"Consider the following example: ‘‘‘The clock chimed.’’’ Choice 1: It was the top of the hour. Choice 2: The hour seemed to drag on. Q: Which one is more likely to be the cause, choice 1 or choice 2?",choice 1,"Consider the following example: ‘‘‘The clock chimed.’’’ Choice 1: It was the top of the hour. Choice 2: The hour seemed to drag on. Q: Which one is more likely to be the cause, choice 1 or choice 2? choice 1.",0.20641282565130262
-1.1849254369735718,0,base,1,1,"Consider the following example: ‘‘‘The player caught the ball.’’’ Choice 1: Her teammate threw it to her. Choice 2: Her opponent tried to intercept it. Q: Which one is more likely to be the cause, choice 1 or choice 2?",choice 1,"Consider the following example: ‘‘‘The player caught the ball.’’’ Choice 1: Her teammate threw it to her. Choice 2: Her opponent tried to intercept it. Q: Which one is more likely to be the cause, choice 1 or choice 2? choice 1.",0.20841683366733466
-1.1803137063980103,1,cf,0,1,"Consider the following example: ‘‘‘The offender violated parole.’’’ Choice 1: She was sent back to jail. Choice 2: She stole money from a church. Q: Which one is more likely to be the effect, choice 1 or choice 2?",choice 2,"Consider the following example: ‘‘‘The offender violated parole.’’’ Choice 1: She was sent back to jail. Choice 2: She stole money from a church. Q: Which one is more likely to be the effect, choice 1 or choice 2? choice 2.",0.21042084168336672
-1.1727769374847412,1,cf,1,0,"Consider the following example: ‘‘‘I tipped the bottle.’’’ Choice 1: The liquid in the bottle froze. Choice 2: The liquid in the bottle poured out. Q: Which one is more likely to be the effect, choice 1 or choice 2?",choice 2,"Consider the following example: ‘‘‘I tipped the bottle.’’’ Choice 1: The liquid in the bottle froze. Choice 2: The liquid in the bottle poured out. Q: Which one is more likely to be the effect, choice 1 or choice 2? choice 2.",0.2124248496993988
-1.1691924333572388,1,cf,1,0,"Consider the following example: ‘‘‘The competition ended.’’’ Choice 1: The teams got pumped up. Choice 2: The teams shook hands. Q: Which one is more likely to be the effect, choice 1 or choice 2?",choice 2,"Consider the following example: ‘‘‘The competition ended.’’’ Choice 1: The teams got pumped up. Choice 2: The teams shook hands. Q: Which one is more likely to be the effect, choice 1 or choice 2? choice 2.",0.21442885771543085
-1.1495261192321777,0,base,0,0,"Consider the following example: ‘‘‘I went to bed.’’’ Choice 1: It was a clear night. Choice 2: It was late. Q: Which one is more likely to be the cause, choice 1 or choice 2?",choice 1,"Consider the following example: ‘‘‘I went to bed.’’’ Choice 1: It was a clear night. Choice 2: It was late. Q: Which one is more likely to be the cause, choice 1 or choice 2? choice 1.",0.21643286573146292
-1.1393616199493408,1,cf,1,0,"Consider the following example: ‘‘‘The mother suspected that her son was lying.’’’ Choice 1: He refused to talk to her. Choice 2: He avoided making eye contact with her. Q: Which one is more likely to be the cause, choice 1 or choice 2?",choice 2,"Consider the following example: ‘‘‘The mother suspected that her son was lying.’’’ Choice 1: He refused to talk to her. Choice 2: He avoided making eye contact with her. Q: Which one is more likely to be the cause, choice 1 or choice 2? choice 2.",0.218436873747495
-1.134530782699585,0,base,0,0,"Consider the following example: ‘‘‘The man threw out the bread.’’’ Choice 1: It was fresh. Choice 2: It was stale. Q: Which one is more likely to be the cause, choice 1 or choice 2?",choice 1,"Consider the following example: ‘‘‘The man threw out the bread.’’’ Choice 1: It was fresh. Choice 2: It was stale. Q: Which one is more likely to be the cause, choice 1 or choice 2? choice 1.",0.22044088176352705
-1.1291999816894531,0,base,0,0,"Consider the following example: ‘‘‘The girl found a bug in her cereal.’’’ Choice 1: She poured milk in the bowl. Choice 2: She lost her appetite. Q: Which one is more likely to be the effect, choice 1 or choice 2?",choice 1,"Consider the following example: ‘‘‘The girl found a bug in her cereal.’’’ Choice 1: She poured milk in the bowl. Choice 2: She lost her appetite. Q: Which one is more likely to be the effect, choice 1 or choice 2? choice 1.",0.22244488977955912
-1.1156895160675049,1,cf,0,1,"Consider the following example: ‘‘‘The woman won the lottery.’’’ Choice 1: She bought a yacht. Choice 2: She joined a church. Q: Which one is more likely to be the effect, choice 1 or choice 2?",choice 2,"Consider the following example: ‘‘‘The woman won the lottery.’’’ Choice 1: She bought a yacht. Choice 2: She joined a church. Q: Which one is more likely to be the effect, choice 1 or choice 2? choice 2.",0.22444889779559118
-1.0959866046905518,1,cf,1,0,"Consider the following example: ‘‘‘I tidied up my house.’’’ Choice 1: I was swamped with work. Choice 2: I was expecting company. Q: Which one is more likely to be the cause, choice 1 or choice 2?",choice 2,"Consider the following example: ‘‘‘I tidied up my house.’’’ Choice 1: I was swamped with work. Choice 2: I was expecting company. Q: Which one is more likely to be the cause, choice 1 or choice 2? choice 2.",0.22645290581162325
-1.0678139925003052,0,base,1,1,"Consider the following example: ‘‘‘I put coins in the washing machine at the laundromat.’’’ Choice 1: The machine powered on. Choice 2: I ran out of laundry detergent. Q: Which one is more likely to be the effect, choice 1 or choice 2?",choice 1,"Consider the following example: ‘‘‘I put coins in the washing machine at the laundromat.’’’ Choice 1: The machine powered on. Choice 2: I ran out of laundry detergent. Q: Which one is more likely to be the effect, choice 1 or choice 2? choice 1.",0.22845691382765532
-1.0673887729644775,1,cf,0,1,"Consider the following example: ‘‘‘The man took a shower.’’’ Choice 1: He was sweaty from working out. Choice 2: He opened a new bar of soap. Q: Which one is more likely to be the cause, choice 1 or choice 2?",choice 2,"Consider the following example: ‘‘‘The man took a shower.’’’ Choice 1: He was sweaty from working out. Choice 2: He opened a new bar of soap. Q: Which one is more likely to be the cause, choice 1 or choice 2? choice 2.",0.23046092184368738
-1.0613031387329102,0,base,0,0,"Consider the following example: ‘‘‘The child disobeyed her parents.’’’ Choice 1: Her parents hugged her. Choice 2: Her parents punished her. Q: Which one is more likely to be the effect, choice 1 or choice 2?",choice 1,"Consider the following example: ‘‘‘The child disobeyed her parents.’’’ Choice 1: Her parents hugged her. Choice 2: Her parents punished her. Q: Which one is more likely to be the effect, choice 1 or choice 2? choice 1.",0.23246492985971945
-1.0528981685638428,1,cf,1,0,"Consider the following example: ‘‘‘I made a resolution to eat a healthy diet.’’’ Choice 1: I attended a yoga class. Choice 2: I bought fruits and vegetables. Q: Which one is more likely to be the effect, choice 1 or choice 2?",choice 2,"Consider the following example: ‘‘‘I made a resolution to eat a healthy diet.’’’ Choice 1: I attended a yoga class. Choice 2: I bought fruits and vegetables. Q: Which one is more likely to be the effect, choice 1 or choice 2? choice 2.",0.23446893787575152
-1.0382764339447021,0,base,0,0,"Consider the following example: ‘‘‘Air leaked out of the beach ball.’’’ Choice 1: It was inflated. Choice 2: There was a hole in it. Q: Which one is more likely to be the cause, choice 1 or choice 2?",choice 1,"Consider the following example: ‘‘‘Air leaked out of the beach ball.’’’ Choice 1: It was inflated. Choice 2: There was a hole in it. Q: Which one is more likely to be the cause, choice 1 or choice 2? choice 1.",0.23647294589178355
-1.0356042385101318,0,base,1,1,"Consider the following example: ‘‘‘The school principal implemented a dress code.’’’ Choice 1: Students protested the decision. Choice 2: Students were expelled from school. Q: Which one is more likely to be the effect, choice 1 or choice 2?",choice 1,"Consider the following example: ‘‘‘The school principal implemented a dress code.’’’ Choice 1: Students protested the decision. Choice 2: Students were expelled from school. Q: Which one is more likely to be the effect, choice 1 or choice 2? choice 1.",0.23847695390781562
-1.0342754125595093,0,base,1,1,"Consider the following example: ‘‘‘The jewelry thieves were caught.’’’ Choice 1: The stolen jewelry was returned to its owners. Choice 2: The cost of the stolen jewelry was calculated. Q: Which one is more likely to be the effect, choice 1 or choice 2?",choice 1,"Consider the following example: ‘‘‘The jewelry thieves were caught.’’’ Choice 1: The stolen jewelry was returned to its owners. Choice 2: The cost of the stolen jewelry was calculated. Q: Which one is more likely to be the effect, choice 1 or choice 2? choice 1.",0.24048096192384769
-1.0335478782653809,1,cf,0,1,"Consider the following example: ‘‘‘The rocket flew up into the sky.’’’ Choice 1: The girl launched it. Choice 2: The girl designed it. Q: Which one is more likely to be the cause, choice 1 or choice 2?",choice 2,"Consider the following example: ‘‘‘The rocket flew up into the sky.’’’ Choice 1: The girl launched it. Choice 2: The girl designed it. Q: Which one is more likely to be the cause, choice 1 or choice 2? choice 2.",0.24248496993987975
-1.0334311723709106,0,base,0,0,"Consider the following example: ‘‘‘The detective revealed an anomaly in the case.’’’ Choice 1: He finalized his theory. Choice 2: He scrapped his theory. Q: Which one is more likely to be the effect, choice 1 or choice 2?",choice 1,"Consider the following example: ‘‘‘The detective revealed an anomaly in the case.’’’ Choice 1: He finalized his theory. Choice 2: He scrapped his theory. Q: Which one is more likely to be the effect, choice 1 or choice 2? choice 1.",0.24448897795591182
-1.0177315473556519,1,cf,1,0,"Consider the following example: ‘‘‘I pushed the pendulum.’’’ Choice 1: It slowed to a stop. Choice 2: It swung back and forth. Q: Which one is more likely to be the effect, choice 1 or choice 2?",choice 2,"Consider the following example: ‘‘‘I pushed the pendulum.’’’ Choice 1: It slowed to a stop. Choice 2: It swung back and forth. Q: Which one is more likely to be the effect, choice 1 or choice 2? choice 2.",0.24649298597194388
-1.0002683401107788,0,base,0,0,"Consider the following example: ‘‘‘The motorcyclist twisted the throttle.’’’ Choice 1: The motorcycle coasted to a halt. Choice 2: The motorcycle shot forward. Q: Which one is more likely to be the effect, choice 1 or choice 2?",choice 1,"Consider the following example: ‘‘‘The motorcyclist twisted the throttle.’’’ Choice 1: The motorcycle coasted to a halt. Choice 2: The motorcycle shot forward. Q: Which one is more likely to be the effect, choice 1 or choice 2? choice 1.",0.24849699398797595
-0.9614022374153137,1,cf,1,0,"Consider the following example: ‘‘‘The bananas ripened.’’’ Choice 1: We squeezed them. Choice 2: We ate them. Q: Which one is more likely to be the effect, choice 1 or choice 2?",choice 2,"Consider the following example: ‘‘‘The bananas ripened.’’’ Choice 1: We squeezed them. Choice 2: We ate them. Q: Which one is more likely to be the effect, choice 1 or choice 2? choice 2.",0.250501002004008
-0.956916093826294,0,base,0,0,"Consider the following example: ‘‘‘My stomach hurt.’’’ Choice 1: I jogged on the treadmill. Choice 2: I ate birthday cake. Q: Which one is more likely to be the cause, choice 1 or choice 2?",choice 1,"Consider the following example: ‘‘‘My stomach hurt.’’’ Choice 1: I jogged on the treadmill. Choice 2: I ate birthday cake. Q: Which one is more likely to be the cause, choice 1 or choice 2? choice 1.",0.25250501002004005
-0.9527523517608643,0,base,0,0,"Consider the following example: ‘‘‘The woman sensed a pleasant smell.’’’ Choice 1: She remembered to take her medication. Choice 2: She was reminded of her childhood. Q: Which one is more likely to be the effect, choice 1 or choice 2?",choice 1,"Consider the following example: ‘‘‘The woman sensed a pleasant smell.’’’ Choice 1: She remembered to take her medication. Choice 2: She was reminded of her childhood. Q: Which one is more likely to be the effect, choice 1 or choice 2? choice 1.",0.2545090180360721
-0.9494202136993408,0,base,1,1,"Consider the following example: ‘‘‘The man won the lottery.’’’ Choice 1: He became rich. Choice 2: He owed money. Q: Which one is more likely to be the effect, choice 1 or choice 2?",choice 1,"Consider the following example: ‘‘‘The man won the lottery.’’’ Choice 1: He became rich. Choice 2: He owed money. Q: Which one is more likely to be the effect, choice 1 or choice 2? choice 1.",0.2565130260521042
-0.9327860474586487,0,base,1,1,"Consider the following example: ‘‘‘The button on my shirt fell off.’’’ Choice 1: I sewed the button back on. Choice 2: I glued the button back on. Q: Which one is more likely to be the effect, choice 1 or choice 2?",choice 1,"Consider the following example: ‘‘‘The button on my shirt fell off.’’’ Choice 1: I sewed the button back on. Choice 2: I glued the button back on. Q: Which one is more likely to be the effect, choice 1 or choice 2? choice 1.",0.25851703406813625
-0.9248970150947571,0,base,0,0,"Consider the following example: ‘‘‘The woman's eyeglasses fogged up.’’’ Choice 1: She reclined by the pool. Choice 2: She entered the sauna. Q: Which one is more likely to be the cause, choice 1 or choice 2?",choice 1,"Consider the following example: ‘‘‘The woman's eyeglasses fogged up.’’’ Choice 1: She reclined by the pool. Choice 2: She entered the sauna. Q: Which one is more likely to be the cause, choice 1 or choice 2? choice 1.",0.2605210420841683
-0.9131371974945068,1,cf,0,1,"Consider the following example: ‘‘‘The vandals threw a rock at the window.’’’ Choice 1: The window cracked. Choice 2: The window fogged up. Q: Which one is more likely to be the effect, choice 1 or choice 2?",choice 2,"Consider the following example: ‘‘‘The vandals threw a rock at the window.’’’ Choice 1: The window cracked. Choice 2: The window fogged up. Q: Which one is more likely to be the effect, choice 1 or choice 2? choice 2.",0.2625250501002004
-0.9096349477767944,0,base,0,0,"Consider the following example: ‘‘‘The vehicles travelled slowly.’’’ Choice 1: It was cloudy. Choice 2: It was foggy. Q: Which one is more likely to be the cause, choice 1 or choice 2?",choice 1,"Consider the following example: ‘‘‘The vehicles travelled slowly.’’’ Choice 1: It was cloudy. Choice 2: It was foggy. Q: Which one is more likely to be the cause, choice 1 or choice 2? choice 1.",0.26452905811623245
-0.9091268181800842,1,cf,1,0,"Consider the following example: ‘‘‘I approached the man.’’’ Choice 1: He looked busy. Choice 2: He looked familiar. Q: Which one is more likely to be the cause, choice 1 or choice 2?",choice 2,"Consider the following example: ‘‘‘I approached the man.’’’ Choice 1: He looked busy. Choice 2: He looked familiar. Q: Which one is more likely to be the cause, choice 1 or choice 2? choice 2.",0.2665330661322645
-0.9076516032218933,0,base,0,0,"Consider the following example: ‘‘‘My ears were ringing.’’’ Choice 1: I went to a museum. Choice 2: I went to a concert. Q: Which one is more likely to be the cause, choice 1 or choice 2?",choice 1,"Consider the following example: ‘‘‘My ears were ringing.’’’ Choice 1: I went to a museum. Choice 2: I went to a concert. Q: Which one is more likely to be the cause, choice 1 or choice 2? choice 1.",0.2685370741482966
-0.9069033265113831,1,cf,1,0,"Consider the following example: ‘‘‘The driver turned on the car's headlights.’’’ Choice 1: He heard thunder. Choice 2: The sun went down. Q: Which one is more likely to be the cause, choice 1 or choice 2?",choice 2,"Consider the following example: ‘‘‘The driver turned on the car's headlights.’’’ Choice 1: He heard thunder. Choice 2: The sun went down. Q: Which one is more likely to be the cause, choice 1 or choice 2? choice 2.",0.27054108216432865
-0.9060090184211731,0,base,1,1,"Consider the following example: ‘‘‘The girl pushed herself off the top of the slide.’’’ Choice 1: She glided down the slide. Choice 2: She crawled up the slide. Q: Which one is more likely to be the effect, choice 1 or choice 2?",choice 1,"Consider the following example: ‘‘‘The girl pushed herself off the top of the slide.’’’ Choice 1: She glided down the slide. Choice 2: She crawled up the slide. Q: Which one is more likely to be the effect, choice 1 or choice 2? choice 1.",0.2725450901803607
-0.9020800590515137,0,base,0,0,"Consider the following example: ‘‘‘The customer filed a complaint with the store manager.’’’ Choice 1: The sales associate undercharged the customer. Choice 2: The sales associate acted rude to the customer. Q: Which one is more likely to be the cause, choice 1 or choice 2?",choice 1,"Consider the following example: ‘‘‘The customer filed a complaint with the store manager.’’’ Choice 1: The sales associate undercharged the customer. Choice 2: The sales associate acted rude to the customer. Q: Which one is more likely to be the cause, choice 1 or choice 2? choice 1.",0.2745490981963928
-0.9011114835739136,0,base,1,1,"Consider the following example: ‘‘‘I rubbed the soap between my hands.’’’ Choice 1: The soap foamed. Choice 2: My hands went numb. Q: Which one is more likely to be the effect, choice 1 or choice 2?",choice 1,"Consider the following example: ‘‘‘I rubbed the soap between my hands.’’’ Choice 1: The soap foamed. Choice 2: My hands went numb. Q: Which one is more likely to be the effect, choice 1 or choice 2? choice 1.",0.27655310621242485
-0.8987603783607483,1,cf,0,1,"Consider the following example: ‘‘‘The retail shop shut down.’’’ Choice 1: Its sales were lagging. Choice 2: It renewed its lease. Q: Which one is more likely to be the cause, choice 1 or choice 2?",choice 2,"Consider the following example: ‘‘‘The retail shop shut down.’’’ Choice 1: Its sales were lagging. Choice 2: It renewed its lease. Q: Which one is more likely to be the cause, choice 1 or choice 2? choice 2.",0.2785571142284569
-0.8966690897941589,0,base,1,1,"Consider the following example: ‘‘‘I drank a cup of coffee.’’’ Choice 1: My yawning ceased. Choice 2: I nodded off to sleep. Q: Which one is more likely to be the effect, choice 1 or choice 2?",choice 1,"Consider the following example: ‘‘‘I drank a cup of coffee.’’’ Choice 1: My yawning ceased. Choice 2: I nodded off to sleep. Q: Which one is more likely to be the effect, choice 1 or choice 2? choice 1.",0.280561122244489
-0.8438794612884521,0,base,1,1,"Consider the following example: ‘‘‘The woman had a religious awakening.’’’ Choice 1: She began going to church. Choice 2: She began travelling abroad. Q: Which one is more likely to be the effect, choice 1 or choice 2?",choice 1,"Consider the following example: ‘‘‘The woman had a religious awakening.’’’ Choice 1: She began going to church. Choice 2: She began travelling abroad. Q: Which one is more likely to be the effect, choice 1 or choice 2? choice 1.",0.28256513026052105
-0.8117609024047852,0,base,1,1,"Consider the following example: ‘‘‘I received a package in the mail.’’’ Choice 1: The package triggered my curiosity. Choice 2: I took the package to the post office. Q: Which one is more likely to be the effect, choice 1 or choice 2?",choice 1,"Consider the following example: ‘‘‘I received a package in the mail.’’’ Choice 1: The package triggered my curiosity. Choice 2: I took the package to the post office. Q: Which one is more likely to be the effect, choice 1 or choice 2? choice 1.",0.2845691382765531
-0.7996902465820312,0,base,1,1,"Consider the following example: ‘‘‘The man was lost.’’’ Choice 1: He asked for directions. Choice 2: He drew a map. Q: Which one is more likely to be the effect, choice 1 or choice 2?",choice 1,"Consider the following example: ‘‘‘The man was lost.’’’ Choice 1: He asked for directions. Choice 2: He drew a map. Q: Which one is more likely to be the effect, choice 1 or choice 2? choice 1.",0.2865731462925852
-0.7953505516052246,0,base,1,1,"Consider the following example: ‘‘‘The couple got engaged.’’’ Choice 1: They planned a wedding. Choice 2: They took some time apart. Q: Which one is more likely to be the effect, choice 1 or choice 2?",choice 1,"Consider the following example: ‘‘‘The couple got engaged.’’’ Choice 1: They planned a wedding. Choice 2: They took some time apart. Q: Which one is more likely to be the effect, choice 1 or choice 2? choice 1.",0.28857715430861725
-0.794546902179718,1,cf,1,0,"Consider the following example: ‘‘‘We found empty seats in the theatre.’’’ Choice 1: The film began. Choice 2: We sat down. Q: Which one is more likely to be the effect, choice 1 or choice 2?",choice 2,"Consider the following example: ‘‘‘We found empty seats in the theatre.’’’ Choice 1: The film began. Choice 2: We sat down. Q: Which one is more likely to be the effect, choice 1 or choice 2? choice 2.",0.2905811623246493
-0.7763631939888,1,cf,1,0,"Consider the following example: ‘‘‘The young woman was denied entrance into the bar.’’’ Choice 1: Her friends stood her up. Choice 2: She forgot her ID. Q: Which one is more likely to be the cause, choice 1 or choice 2?",choice 2,"Consider the following example: ‘‘‘The young woman was denied entrance into the bar.’’’ Choice 1: Her friends stood her up. Choice 2: She forgot her ID. Q: Which one is more likely to be the cause, choice 1 or choice 2? choice 2.",0.2925851703406814
-0.7755695581436157,1,cf,0,1,"Consider the following example: ‘‘‘My grandmother passed away.’’’ Choice 1: My family held a funeral. Choice 2: My family held a reunion. Q: Which one is more likely to be the effect, choice 1 or choice 2?",choice 2,"Consider the following example: ‘‘‘My grandmother passed away.’’’ Choice 1: My family held a funeral. Choice 2: My family held a reunion. Q: Which one is more likely to be the effect, choice 1 or choice 2? choice 2.",0.29458917835671344
-0.7666933536529541,0,base,1,1,"Consider the following example: ‘‘‘The librarian located the book in the stacks.’’’ Choice 1: I requested the librarian's help. Choice 2: The book was checked out. Q: Which one is more likely to be the cause, choice 1 or choice 2?",choice 1,"Consider the following example: ‘‘‘The librarian located the book in the stacks.’’’ Choice 1: I requested the librarian's help. Choice 2: The book was checked out. Q: Which one is more likely to be the cause, choice 1 or choice 2? choice 1.",0.2965931863727455
-0.7596248388290405,0,base,1,1,"Consider the following example: ‘‘‘The woman's hair fell in her face.’’’ Choice 1: She pulled her hair back with a clip. Choice 2: She lathered shampoo into her hair. Q: Which one is more likely to be the effect, choice 1 or choice 2?",choice 1,"Consider the following example: ‘‘‘The woman's hair fell in her face.’’’ Choice 1: She pulled her hair back with a clip. Choice 2: She lathered shampoo into her hair. Q: Which one is more likely to be the effect, choice 1 or choice 2? choice 1.",0.2985971943887776
-0.7555081844329834,1,cf,0,1,"Consider the following example: ‘‘‘The host cancelled the party.’’’ Choice 1: She was certain she had the flu. Choice 2: She worried she would catch the flu. Q: Which one is more likely to be the cause, choice 1 or choice 2?",choice 2,"Consider the following example: ‘‘‘The host cancelled the party.’’’ Choice 1: She was certain she had the flu. Choice 2: She worried she would catch the flu. Q: Which one is more likely to be the cause, choice 1 or choice 2? choice 2.",0.30060120240480964
-0.7431880235671997,1,cf,0,1,"Consider the following example: ‘‘‘The benefactor requested to stay anonymous.’’’ Choice 1: He wanted to maintain his privacy. Choice 2: He supported the cause behind his donation. Q: Which one is more likely to be the cause, choice 1 or choice 2?",choice 2,"Consider the following example: ‘‘‘The benefactor requested to stay anonymous.’’’ Choice 1: He wanted to maintain his privacy. Choice 2: He supported the cause behind his donation. Q: Which one is more likely to be the cause, choice 1 or choice 2? choice 2.",0.3026052104208417
-0.7421420812606812,1,cf,1,0,"Consider the following example: ‘‘‘The girl went down the hill on her bike.’’’ Choice 1: Her bike swerved. Choice 2: Her bike sped up. Q: Which one is more likely to be the effect, choice 1 or choice 2?",choice 2,"Consider the following example: ‘‘‘The girl went down the hill on her bike.’’’ Choice 1: Her bike swerved. Choice 2: Her bike sped up. Q: Which one is more likely to be the effect, choice 1 or choice 2? choice 2.",0.3046092184368738
-0.7285977005958557,1,cf,0,1,"Consider the following example: ‘‘‘My stomach growled.’’’ Choice 1: I forgot to eat breakfast. Choice 2: I was full from breakfast. Q: Which one is more likely to be the cause, choice 1 or choice 2?",choice 2,"Consider the following example: ‘‘‘My stomach growled.’’’ Choice 1: I forgot to eat breakfast. Choice 2: I was full from breakfast. Q: Which one is more likely to be the cause, choice 1 or choice 2? choice 2.",0.3066132264529058
-0.7268843650817871,0,base,1,1,"Consider the following example: ‘‘‘The woman's date wanted to look like a gentleman.’’’ Choice 1: He opened the door for her. Choice 2: He asked her if she liked sushi. Q: Which one is more likely to be the effect, choice 1 or choice 2?",choice 1,"Consider the following example: ‘‘‘The woman's date wanted to look like a gentleman.’’’ Choice 1: He opened the door for her. Choice 2: He asked her if she liked sushi. Q: Which one is more likely to be the effect, choice 1 or choice 2? choice 1.",0.30861723446893785
-0.7238864898681641,1,cf,0,1,"Consider the following example: ‘‘‘The police officer pulled over the celebrity.’’’ Choice 1: The celebrity offered the officer a bribe. Choice 2: The celebrity sued the police officer. Q: Which one is more likely to be the effect, choice 1 or choice 2?",choice 2,"Consider the following example: ‘‘‘The police officer pulled over the celebrity.’’’ Choice 1: The celebrity offered the officer a bribe. Choice 2: The celebrity sued the police officer. Q: Which one is more likely to be the effect, choice 1 or choice 2? choice 2.",0.3106212424849699
-0.721976637840271,0,base,1,1,"Consider the following example: ‘‘‘The boy's hands were shaking.’’’ Choice 1: He planned to ask the girl out. Choice 2: His palms were cold and sweaty. Q: Which one is more likely to be the cause, choice 1 or choice 2?",choice 1,"Consider the following example: ‘‘‘The boy's hands were shaking.’’’ Choice 1: He planned to ask the girl out. Choice 2: His palms were cold and sweaty. Q: Which one is more likely to be the cause, choice 1 or choice 2? choice 1.",0.312625250501002
-0.6937840580940247,0,base,0,0,"Consider the following example: ‘‘‘The boy tuned the radio.’’’ Choice 1: The station was playing rock music. Choice 2: The station was coming in with static. Q: Which one is more likely to be the cause, choice 1 or choice 2?",choice 1,"Consider the following example: ‘‘‘The boy tuned the radio.’’’ Choice 1: The station was playing rock music. Choice 2: The station was coming in with static. Q: Which one is more likely to be the cause, choice 1 or choice 2? choice 1.",0.31462925851703405
-0.6905790567398071,0,base,1,1,"Consider the following example: ‘‘‘The lock opened.’’’ Choice 1: I turned the key in the lock. Choice 2: I made a duplicate of the key. Q: Which one is more likely to be the cause, choice 1 or choice 2?",choice 1,"Consider the following example: ‘‘‘The lock opened.’’’ Choice 1: I turned the key in the lock. Choice 2: I made a duplicate of the key. Q: Which one is more likely to be the cause, choice 1 or choice 2? choice 1.",0.3166332665330661
-0.6885500550270081,1,cf,0,1,"Consider the following example: ‘‘‘The woman refused a second beer.’’’ Choice 1: She was the designated driver for the night. Choice 2: She was familiar with the bartender. Q: Which one is more likely to be the cause, choice 1 or choice 2?",choice 2,"Consider the following example: ‘‘‘The woman refused a second beer.’’’ Choice 1: She was the designated driver for the night. Choice 2: She was familiar with the bartender. Q: Which one is more likely to be the cause, choice 1 or choice 2? choice 2.",0.3186372745490982
-0.6848398447036743,0,base,1,1,"Consider the following example: ‘‘‘The dust came off the desk.’’’ Choice 1: I wiped the desk with a cloth. Choice 2: I removed the books from the desk. Q: Which one is more likely to be the cause, choice 1 or choice 2?",choice 1,"Consider the following example: ‘‘‘The dust came off the desk.’’’ Choice 1: I wiped the desk with a cloth. Choice 2: I removed the books from the desk. Q: Which one is more likely to be the cause, choice 1 or choice 2? choice 1.",0.32064128256513025
-0.6848123073577881,0,base,1,1,"Consider the following example: ‘‘‘The bureau drawers were cluttered.’’’ Choice 1: I threw away unnecessary contents. Choice 2: I locked the drawers shut. Q: Which one is more likely to be the effect, choice 1 or choice 2?",choice 1,"Consider the following example: ‘‘‘The bureau drawers were cluttered.’’’ Choice 1: I threw away unnecessary contents. Choice 2: I locked the drawers shut. Q: Which one is more likely to be the effect, choice 1 or choice 2? choice 1.",0.3226452905811623
-0.6845409870147705,1,cf,1,0,"Consider the following example: ‘‘‘The boaters set off a flare.’’’ Choice 1: Their boat drifted to shore. Choice 2: Their boat was rescued. Q: Which one is more likely to be the effect, choice 1 or choice 2?",choice 2,"Consider the following example: ‘‘‘The boaters set off a flare.’’’ Choice 1: Their boat drifted to shore. Choice 2: Their boat was rescued. Q: Which one is more likely to be the effect, choice 1 or choice 2? choice 2.",0.3246492985971944
-0.6824207305908203,0,base,0,0,"Consider the following example: ‘‘‘The shop was closed.’’’ Choice 1: The owner was helping customers. Choice 2: The shop was undergoing renovation. Q: Which one is more likely to be the cause, choice 1 or choice 2?",choice 1,"Consider the following example: ‘‘‘The shop was closed.’’’ Choice 1: The owner was helping customers. Choice 2: The shop was undergoing renovation. Q: Which one is more likely to be the cause, choice 1 or choice 2? choice 1.",0.32665330661322645
-0.6703639626502991,1,cf,0,1,"Consider the following example: ‘‘‘The man went away for the weekend.’’’ Choice 1: He wanted to relax. Choice 2: He felt content. Q: Which one is more likely to be the cause, choice 1 or choice 2?",choice 2,"Consider the following example: ‘‘‘The man went away for the weekend.’’’ Choice 1: He wanted to relax. Choice 2: He felt content. Q: Which one is more likely to be the cause, choice 1 or choice 2? choice 2.",0.3286573146292585
-0.6689746975898743,0,base,1,1,"Consider the following example: ‘‘‘The grape juice fermented.’’’ Choice 1: The juice turned to wine. Choice 2: The juice evaporated. Q: Which one is more likely to be the effect, choice 1 or choice 2?",choice 1,"Consider the following example: ‘‘‘The grape juice fermented.’’’ Choice 1: The juice turned to wine. Choice 2: The juice evaporated. Q: Which one is more likely to be the effect, choice 1 or choice 2? choice 1.",0.3306613226452906
-0.6426776647567749,0,base,1,1,"Consider the following example: ‘‘‘The balloon expanded.’’’ Choice 1: I blew into it. Choice 2: I pricked it. Q: Which one is more likely to be the cause, choice 1 or choice 2?",choice 1,"Consider the following example: ‘‘‘The balloon expanded.’’’ Choice 1: I blew into it. Choice 2: I pricked it. Q: Which one is more likely to be the cause, choice 1 or choice 2? choice 1.",0.33266533066132264
-0.635473370552063,0,base,1,1,"Consider the following example: ‘‘‘The woman became famous.’’’ Choice 1: Photographers followed her. Choice 2: Her family avoided her. Q: Which one is more likely to be the effect, choice 1 or choice 2?",choice 1,"Consider the following example: ‘‘‘The woman became famous.’’’ Choice 1: Photographers followed her. Choice 2: Her family avoided her. Q: Which one is more likely to be the effect, choice 1 or choice 2? choice 1.",0.3346693386773547
-0.6321812272071838,1,cf,0,1,"Consider the following example: ‘‘‘The archeologist dug up the site.’’’ Choice 1: She excavated ancient artifacts. Choice 2: She read about the site's history. Q: Which one is more likely to be the effect, choice 1 or choice 2?",choice 2,"Consider the following example: ‘‘‘The archeologist dug up the site.’’’ Choice 1: She excavated ancient artifacts. Choice 2: She read about the site's history. Q: Which one is more likely to be the effect, choice 1 or choice 2? choice 2.",0.3366733466933868
-0.6300474405288696,1,cf,0,1,"Consider the following example: ‘‘‘The cowgirl threw her lasso towards the horse.’’’ Choice 1: The lasso grabbed onto the horse. Choice 2: The horse trotted into the barn. Q: Which one is more likely to be the effect, choice 1 or choice 2?",choice 2,"Consider the following example: ‘‘‘The cowgirl threw her lasso towards the horse.’’’ Choice 1: The lasso grabbed onto the horse. Choice 2: The horse trotted into the barn. Q: Which one is more likely to be the effect, choice 1 or choice 2? choice 2.",0.33867735470941884
-0.6278961896896362,1,cf,0,1,"Consider the following example: ‘‘‘The student forgot to do her assignment.’’’ Choice 1: She made up an excuse to tell the teacher. Choice 2: The teacher promoted her to the next grade. Q: Which one is more likely to be the effect, choice 1 or choice 2?",choice 2,"Consider the following example: ‘‘‘The student forgot to do her assignment.’’’ Choice 1: She made up an excuse to tell the teacher. Choice 2: The teacher promoted her to the next grade. Q: Which one is more likely to be the effect, choice 1 or choice 2? choice 2.",0.3406813627254509
-0.6245373487472534,0,base,1,1,"Consider the following example: ‘‘‘The kidnappers released the hostage.’’’ Choice 1: They accepted ransom money. Choice 2: They escaped from jail. Q: Which one is more likely to be the cause, choice 1 or choice 2?",choice 1,"Consider the following example: ‘‘‘The kidnappers released the hostage.’’’ Choice 1: They accepted ransom money. Choice 2: They escaped from jail. Q: Which one is more likely to be the cause, choice 1 or choice 2? choice 1.",0.342685370741483
-0.619189977645874,0,base,1,1,"Consider the following example: ‘‘‘The boy felt homesick.’’’ Choice 1: He went away to camp. Choice 2: He bickered with his sister. Q: Which one is more likely to be the cause, choice 1 or choice 2?",choice 1,"Consider the following example: ‘‘‘The boy felt homesick.’’’ Choice 1: He went away to camp. Choice 2: He bickered with his sister. Q: Which one is more likely to be the cause, choice 1 or choice 2? choice 1.",0.34468937875751504
-0.5925684571266174,0,base,0,0,"Consider the following example: ‘‘‘I misplaced my wallet.’’’ Choice 1: I retrieved my phone. Choice 2: I retraced my steps. Q: Which one is more likely to be the effect, choice 1 or choice 2?",choice 1,"Consider the following example: ‘‘‘I misplaced my wallet.’’’ Choice 1: I retrieved my phone. Choice 2: I retraced my steps. Q: Which one is more likely to be the effect, choice 1 or choice 2? choice 1.",0.3466933867735471
-0.5706609487533569,1,cf,0,1,"Consider the following example: ‘‘‘The woman felt compelled to help someone in need.’’’ Choice 1: She donated blood. Choice 2: She wrote a poem. Q: Which one is more likely to be the effect, choice 1 or choice 2?",choice 2,"Consider the following example: ‘‘‘The woman felt compelled to help someone in need.’’’ Choice 1: She donated blood. Choice 2: She wrote a poem. Q: Which one is more likely to be the effect, choice 1 or choice 2? choice 2.",0.3486973947895792
-0.5697611570358276,0,base,0,0,"Consider the following example: ‘‘‘The woman banished the children from her property.’’’ Choice 1: The children hit a ball into her yard. Choice 2: The children trampled through her garden. Q: Which one is more likely to be the cause, choice 1 or choice 2?",choice 1,"Consider the following example: ‘‘‘The woman banished the children from her property.’’’ Choice 1: The children hit a ball into her yard. Choice 2: The children trampled through her garden. Q: Which one is more likely to be the cause, choice 1 or choice 2? choice 1.",0.35070140280561124
-0.5691617727279663,0,base,0,0,"Consider the following example: ‘‘‘The man craved a cigarette.’’’ Choice 1: His family urged him to quit smoking. Choice 2: He was addicted to nicotine. Q: Which one is more likely to be the cause, choice 1 or choice 2?",choice 1,"Consider the following example: ‘‘‘The man craved a cigarette.’’’ Choice 1: His family urged him to quit smoking. Choice 2: He was addicted to nicotine. Q: Which one is more likely to be the cause, choice 1 or choice 2? choice 1.",0.3527054108216433
-0.5565176010131836,0,base,1,1,"Consider the following example: ‘‘‘The hospital sent the patient home.’’’ Choice 1: The patient's symptoms cleared up. Choice 2: The patient's family visited him. Q: Which one is more likely to be the cause, choice 1 or choice 2?",choice 1,"Consider the following example: ‘‘‘The hospital sent the patient home.’’’ Choice 1: The patient's symptoms cleared up. Choice 2: The patient's family visited him. Q: Which one is more likely to be the cause, choice 1 or choice 2? choice 1.",0.35470941883767537
-0.5507228374481201,1,cf,1,0,"Consider the following example: ‘‘‘The driver got a flat tire.’’’ Choice 1: He went over the speed limit. Choice 2: He ran over a nail. Q: Which one is more likely to be the cause, choice 1 or choice 2?",choice 2,"Consider the following example: ‘‘‘The driver got a flat tire.’’’ Choice 1: He went over the speed limit. Choice 2: He ran over a nail. Q: Which one is more likely to be the cause, choice 1 or choice 2? choice 2.",0.35671342685370744
-0.5495521426200867,0,base,0,0,"Consider the following example: ‘‘‘The ocean tide was dangerous.’’’ Choice 1: The swimmers put on more sunscreen. Choice 2: The swimmers returned towards the shore. Q: Which one is more likely to be the effect, choice 1 or choice 2?",choice 1,"Consider the following example: ‘‘‘The ocean tide was dangerous.’’’ Choice 1: The swimmers put on more sunscreen. Choice 2: The swimmers returned towards the shore. Q: Which one is more likely to be the effect, choice 1 or choice 2? choice 1.",0.3587174348697395
-0.5456233024597168,1,cf,1,0,"Consider the following example: ‘‘‘A burglar broke into the house.’’’ Choice 1: The homeowners were asleep. Choice 2: The security alarm went off. Q: Which one is more likely to be the effect, choice 1 or choice 2?",choice 2,"Consider the following example: ‘‘‘A burglar broke into the house.’’’ Choice 1: The homeowners were asleep. Choice 2: The security alarm went off. Q: Which one is more likely to be the effect, choice 1 or choice 2? choice 2.",0.36072144288577157
-0.5432957410812378,0,base,0,0,"Consider the following example: ‘‘‘The student's answer on the exam was incorrect.’’’ Choice 1: The teacher added bonus points to the student's grade. Choice 2: The teacher subtracted points off the student's grade. Q: Which one is more likely to be the effect, choice 1 or choice 2?",choice 1,"Consider the following example: ‘‘‘The student's answer on the exam was incorrect.’’’ Choice 1: The teacher added bonus points to the student's grade. Choice 2: The teacher subtracted points off the student's grade. Q: Which one is more likely to be the effect, choice 1 or choice 2? choice 1.",0.3627254509018036
-0.5430374145507812,0,base,0,0,"Consider the following example: ‘‘‘The child kicked the stack of blocks.’’’ Choice 1: The stack towered over the boy's head. Choice 2: The blocks scattered all over the rug. Q: Which one is more likely to be the effect, choice 1 or choice 2?",choice 1,"Consider the following example: ‘‘‘The child kicked the stack of blocks.’’’ Choice 1: The stack towered over the boy's head. Choice 2: The blocks scattered all over the rug. Q: Which one is more likely to be the effect, choice 1 or choice 2? choice 1.",0.36472945891783565
-0.5406157970428467,1,cf,0,1,"Consider the following example: ‘‘‘The guests of the party hid behind the couch.’’’ Choice 1: It was a surprise party. Choice 2: It was a birthday party. Q: Which one is more likely to be the cause, choice 1 or choice 2?",choice 2,"Consider the following example: ‘‘‘The guests of the party hid behind the couch.’’’ Choice 1: It was a surprise party. Choice 2: It was a birthday party. Q: Which one is more likely to be the cause, choice 1 or choice 2? choice 2.",0.3667334669338677
-0.5364564657211304,1,cf,0,1,"Consider the following example: ‘‘‘The physician misdiagnosed the patient.’’’ Choice 1: The patient filed a malpractice lawsuit against the physician. Choice 2: The patient disclosed confidential information to the physician. Q: Which one is more likely to be the effect, choice 1 or choice 2?",choice 2,"Consider the following example: ‘‘‘The physician misdiagnosed the patient.’’’ Choice 1: The patient filed a malpractice lawsuit against the physician. Choice 2: The patient disclosed confidential information to the physician. Q: Which one is more likely to be the effect, choice 1 or choice 2? choice 2.",0.3687374749498998
-0.5360456109046936,0,base,1,1,"Consider the following example: ‘‘‘My feet were blistered.’’’ Choice 1: I went hiking. Choice 2: I went swimming. Q: Which one is more likely to be the cause, choice 1 or choice 2?",choice 1,"Consider the following example: ‘‘‘My feet were blistered.’’’ Choice 1: I went hiking. Choice 2: I went swimming. Q: Which one is more likely to be the cause, choice 1 or choice 2? choice 1.",0.37074148296593185
-0.5291458368301392,1,cf,0,1,"Consider the following example: ‘‘‘I stood on one foot.’’’ Choice 1: My balance wavered. Choice 2: I kneeled down. Q: Which one is more likely to be the effect, choice 1 or choice 2?",choice 2,"Consider the following example: ‘‘‘I stood on one foot.’’’ Choice 1: My balance wavered. Choice 2: I kneeled down. Q: Which one is more likely to be the effect, choice 1 or choice 2? choice 2.",0.3727454909819639
-0.5212301015853882,1,cf,0,1,"Consider the following example: ‘‘‘The tenant misplaced his keys to his apartment.’’’ Choice 1: His landlord unlocked the door. Choice 2: His landlord repaired the door. Q: Which one is more likely to be the effect, choice 1 or choice 2?",choice 2,"Consider the following example: ‘‘‘The tenant misplaced his keys to his apartment.’’’ Choice 1: His landlord unlocked the door. Choice 2: His landlord repaired the door. Q: Which one is more likely to be the effect, choice 1 or choice 2? choice 2.",0.374749498997996
-0.5115264058113098,0,base,1,1,"Consider the following example: ‘‘‘The gardener pulled the weeds.’’’ Choice 1: The weeds came out of the soil. Choice 2: The weeds produced seeds. Q: Which one is more likely to be the effect, choice 1 or choice 2?",choice 1,"Consider the following example: ‘‘‘The gardener pulled the weeds.’’’ Choice 1: The weeds came out of the soil. Choice 2: The weeds produced seeds. Q: Which one is more likely to be the effect, choice 1 or choice 2? choice 1.",0.37675350701402804
-0.5016839504241943,1,cf,1,0,"Consider the following example: ‘‘‘The woman upgraded her computer hardware.’’’ Choice 1: She deleted old files on the computer. Choice 2: She installed new software on the computer. Q: Which one is more likely to be the effect, choice 1 or choice 2?",choice 2,"Consider the following example: ‘‘‘The woman upgraded her computer hardware.’’’ Choice 1: She deleted old files on the computer. Choice 2: She installed new software on the computer. Q: Which one is more likely to be the effect, choice 1 or choice 2? choice 2.",0.3787575150300601
-0.49702829122543335,1,cf,0,1,"Consider the following example: ‘‘‘The car stopped at the crosswalk.’’’ Choice 1: The pedestrian crossed the road. Choice 2: The pedestrian waited on the sidewalk. Q: Which one is more likely to be the effect, choice 1 or choice 2?",choice 2,"Consider the following example: ‘‘‘The car stopped at the crosswalk.’’’ Choice 1: The pedestrian crossed the road. Choice 2: The pedestrian waited on the sidewalk. Q: Which one is more likely to be the effect, choice 1 or choice 2? choice 2.",0.3807615230460922
-0.49161624908447266,1,cf,0,1,"Consider the following example: ‘‘‘The driver slammed on his brakes.’’’ Choice 1: A deer appeared on the road. Choice 2: The car radio shut off. Q: Which one is more likely to be the cause, choice 1 or choice 2?",choice 2,"Consider the following example: ‘‘‘The driver slammed on his brakes.’’’ Choice 1: A deer appeared on the road. Choice 2: The car radio shut off. Q: Which one is more likely to be the cause, choice 1 or choice 2? choice 2.",0.38276553106212424
-0.4745277762413025,1,cf,1,0,"Consider the following example: ‘‘‘The fugitive hid from the police.’’’ Choice 1: The police dropped the case. Choice 2: The fugitive remained at large. Q: Which one is more likely to be the effect, choice 1 or choice 2?",choice 2,"Consider the following example: ‘‘‘The fugitive hid from the police.’’’ Choice 1: The police dropped the case. Choice 2: The fugitive remained at large. Q: Which one is more likely to be the effect, choice 1 or choice 2? choice 2.",0.3847695390781563
-0.45510801672935486,1,cf,1,0,"Consider the following example: ‘‘‘The man drank water with his meal.’’’ Choice 1: His meal was cold. Choice 2: His meal was spicy. Q: Which one is more likely to be the cause, choice 1 or choice 2?",choice 2,"Consider the following example: ‘‘‘The man drank water with his meal.’’’ Choice 1: His meal was cold. Choice 2: His meal was spicy. Q: Which one is more likely to be the cause, choice 1 or choice 2? choice 2.",0.3867735470941884
-0.4547656178474426,1,cf,0,1,"Consider the following example: ‘‘‘The scientist gained recognition.’’’ Choice 1: She discovered a new species. Choice 2: She received tenure at the university. Q: Which one is more likely to be the cause, choice 1 or choice 2?",choice 2,"Consider the following example: ‘‘‘The scientist gained recognition.’’’ Choice 1: She discovered a new species. Choice 2: She received tenure at the university. Q: Which one is more likely to be the cause, choice 1 or choice 2? choice 2.",0.38877755511022044
-0.454493910074234,1,cf,1,0,"Consider the following example: ‘‘‘The girl met her favorite actor.’’’ Choice 1: She went to see his new film. Choice 2: She asked him for his autograph. Q: Which one is more likely to be the effect, choice 1 or choice 2?",choice 2,"Consider the following example: ‘‘‘The girl met her favorite actor.’’’ Choice 1: She went to see his new film. Choice 2: She asked him for his autograph. Q: Which one is more likely to be the effect, choice 1 or choice 2? choice 2.",0.3907815631262525
-0.4447369873523712,1,cf,1,0,"Consider the following example: ‘‘‘The children ran through the sprinkler.’’’ Choice 1: They ate popsicles. Choice 2: They were hot. Q: Which one is more likely to be the cause, choice 1 or choice 2?",choice 2,"Consider the following example: ‘‘‘The children ran through the sprinkler.’’’ Choice 1: They ate popsicles. Choice 2: They were hot. Q: Which one is more likely to be the cause, choice 1 or choice 2? choice 2.",0.3927855711422846
-0.433086633682251,1,cf,1,0,"Consider the following example: ‘‘‘The crowd gave the band a standing ovation.’’’ Choice 1: The band signed autographs. Choice 2: The band reappeared on the stage. Q: Which one is more likely to be the effect, choice 1 or choice 2?",choice 2,"Consider the following example: ‘‘‘The crowd gave the band a standing ovation.’’’ Choice 1: The band signed autographs. Choice 2: The band reappeared on the stage. Q: Which one is more likely to be the effect, choice 1 or choice 2? choice 2.",0.39478957915831664
-0.4316503405570984,0,base,1,1,"Consider the following example: ‘‘‘The truck crashed into the motorcycle on the bridge.’’’ Choice 1: The motorcyclist died. Choice 2: The bridge collapsed. Q: Which one is more likely to be the effect, choice 1 or choice 2?",choice 1,"Consider the following example: ‘‘‘The truck crashed into the motorcycle on the bridge.’’’ Choice 1: The motorcyclist died. Choice 2: The bridge collapsed. Q: Which one is more likely to be the effect, choice 1 or choice 2? choice 1.",0.3967935871743487
-0.42142438888549805,0,base,1,1,"Consider the following example: ‘‘‘Air pollution in the city worsened.’’’ Choice 1: Factories increased their production. Choice 2: Factories shut down. Q: Which one is more likely to be the cause, choice 1 or choice 2?",choice 1,"Consider the following example: ‘‘‘Air pollution in the city worsened.’’’ Choice 1: Factories increased their production. Choice 2: Factories shut down. Q: Which one is more likely to be the cause, choice 1 or choice 2? choice 1.",0.39879759519038077
-0.4007001519203186,0,base,1,1,"Consider the following example: ‘‘‘The children knocked over a lamp.’’’ Choice 1: They had a pillow fight. Choice 2: They jumped on the bed. Q: Which one is more likely to be the cause, choice 1 or choice 2?",choice 1,"Consider the following example: ‘‘‘The children knocked over a lamp.’’’ Choice 1: They had a pillow fight. Choice 2: They jumped on the bed. Q: Which one is more likely to be the cause, choice 1 or choice 2? choice 1.",0.40080160320641284
-0.3905514180660248,1,cf,0,1,"Consider the following example: ‘‘‘The ring on my finger got stuck.’’’ Choice 1: My finger swelled. Choice 2: I chipped my fingernail. Q: Which one is more likely to be the cause, choice 1 or choice 2?",choice 2,"Consider the following example: ‘‘‘The ring on my finger got stuck.’’’ Choice 1: My finger swelled. Choice 2: I chipped my fingernail. Q: Which one is more likely to be the cause, choice 1 or choice 2? choice 2.",0.4028056112224449
-0.38065189123153687,0,base,1,1,"Consider the following example: ‘‘‘The group overlooked the woman's faux pas.’’’ Choice 1: The woman was relieved. Choice 2: The woman apologized. Q: Which one is more likely to be the effect, choice 1 or choice 2?",choice 1,"Consider the following example: ‘‘‘The group overlooked the woman's faux pas.’’’ Choice 1: The woman was relieved. Choice 2: The woman apologized. Q: Which one is more likely to be the effect, choice 1 or choice 2? choice 1.",0.40480961923847697
-0.3730042576789856,0,base,0,0,"Consider the following example: ‘‘‘The teacher assigned homework to the students.’’’ Choice 1: The students passed notes. Choice 2: The students groaned. Q: Which one is more likely to be the effect, choice 1 or choice 2?",choice 1,"Consider the following example: ‘‘‘The teacher assigned homework to the students.’’’ Choice 1: The students passed notes. Choice 2: The students groaned. Q: Which one is more likely to be the effect, choice 1 or choice 2? choice 1.",0.40681362725450904
-0.3641837239265442,0,base,0,0,"Consider the following example: ‘‘‘The man's watch was broken.’’’ Choice 1: He waited at the bus stop. Choice 2: He asked a stranger for the time. Q: Which one is more likely to be the effect, choice 1 or choice 2?",choice 1,"Consider the following example: ‘‘‘The man's watch was broken.’’’ Choice 1: He waited at the bus stop. Choice 2: He asked a stranger for the time. Q: Which one is more likely to be the effect, choice 1 or choice 2? choice 1.",0.4088176352705411
-0.35908594727516174,1,cf,1,0,"Consider the following example: ‘‘‘The girl performed in a dance recital.’’’ Choice 1: Her parents showed her how to dance. Choice 2: Her parents came to watch the recital. Q: Which one is more likely to be the effect, choice 1 or choice 2?",choice 2,"Consider the following example: ‘‘‘The girl performed in a dance recital.’’’ Choice 1: Her parents showed her how to dance. Choice 2: Her parents came to watch the recital. Q: Which one is more likely to be the effect, choice 1 or choice 2? choice 2.",0.41082164328657317
-0.3568588197231293,0,base,1,1,"Consider the following example: ‘‘‘The teacher took roll.’’’ Choice 1: She identified the students that were absent. Choice 2: She gave her students a pop quiz. Q: Which one is more likely to be the effect, choice 1 or choice 2?",choice 1,"Consider the following example: ‘‘‘The teacher took roll.’’’ Choice 1: She identified the students that were absent. Choice 2: She gave her students a pop quiz. Q: Which one is more likely to be the effect, choice 1 or choice 2? choice 1.",0.41282565130260523
-0.3509599566459656,0,base,0,0,"Consider the following example: ‘‘‘The woman suffered amnesia.’’’ Choice 1: She had an allergic reaction. Choice 2: She got into a car accident. Q: Which one is more likely to be the cause, choice 1 or choice 2?",choice 1,"Consider the following example: ‘‘‘The woman suffered amnesia.’’’ Choice 1: She had an allergic reaction. Choice 2: She got into a car accident. Q: Which one is more likely to be the cause, choice 1 or choice 2? choice 1.",0.4148296593186373
-0.346591055393219,0,base,0,0,"Consider the following example: ‘‘‘The glasses on the table spilled.’’’ Choice 1: The child drew on the table. Choice 2: The child yanked the tablecloth. Q: Which one is more likely to be the cause, choice 1 or choice 2?",choice 1,"Consider the following example: ‘‘‘The glasses on the table spilled.’’’ Choice 1: The child drew on the table. Choice 2: The child yanked the tablecloth. Q: Which one is more likely to be the cause, choice 1 or choice 2? choice 1.",0.4168336673346693
-0.34463879466056824,0,base,1,1,"Consider the following example: ‘‘‘The father shut off the children's television.’’’ Choice 1: It was bedtime for the children. Choice 2: The children were watching cartoons. Q: Which one is more likely to be the cause, choice 1 or choice 2?",choice 1,"Consider the following example: ‘‘‘The father shut off the children's television.’’’ Choice 1: It was bedtime for the children. Choice 2: The children were watching cartoons. Q: Which one is more likely to be the cause, choice 1 or choice 2? choice 1.",0.4188376753507014
-0.34270623326301575,1,cf,1,0,"Consider the following example: ‘‘‘The woman awakened.’’’ Choice 1: She took sleeping pills. Choice 2: Her husband was snoring. Q: Which one is more likely to be the cause, choice 1 or choice 2?",choice 2,"Consider the following example: ‘‘‘The woman awakened.’’’ Choice 1: She took sleeping pills. Choice 2: Her husband was snoring. Q: Which one is more likely to be the cause, choice 1 or choice 2? choice 2.",0.42084168336673344
-0.33571624755859375,0,base,0,0,"Consider the following example: ‘‘‘The elderly woman suffered a stroke.’’’ Choice 1: The woman's daughter came over to clean her house. Choice 2: The woman's daughter moved in to take care of her. Q: Which one is more likely to be the effect, choice 1 or choice 2?",choice 1,"Consider the following example: ‘‘‘The elderly woman suffered a stroke.’’’ Choice 1: The woman's daughter came over to clean her house. Choice 2: The woman's daughter moved in to take care of her. Q: Which one is more likely to be the effect, choice 1 or choice 2? choice 1.",0.4228456913827655
-0.3299812078475952,1,cf,0,1,"Consider the following example: ‘‘‘The egg splattered.’’’ Choice 1: I dropped it. Choice 2: I boiled it. Q: Which one is more likely to be the cause, choice 1 or choice 2?",choice 2,"Consider the following example: ‘‘‘The egg splattered.’’’ Choice 1: I dropped it. Choice 2: I boiled it. Q: Which one is more likely to be the cause, choice 1 or choice 2? choice 2.",0.4248496993987976
-0.32992297410964966,0,base,0,0,"Consider the following example: ‘‘‘The sun emerged from the clouds.’’’ Choice 1: The woman glanced at her watch. Choice 2: The woman took her sweater off. Q: Which one is more likely to be the effect, choice 1 or choice 2?",choice 1,"Consider the following example: ‘‘‘The sun emerged from the clouds.’’’ Choice 1: The woman glanced at her watch. Choice 2: The woman took her sweater off. Q: Which one is more likely to be the effect, choice 1 or choice 2? choice 1.",0.42685370741482964
-0.32825908064842224,0,base,0,0,"Consider the following example: ‘‘‘The woman felt ashamed of scar on her face.’’’ Choice 1: She explained the scar to strangers. Choice 2: She hid the scar with makeup. Q: Which one is more likely to be the effect, choice 1 or choice 2?",choice 1,"Consider the following example: ‘‘‘The woman felt ashamed of scar on her face.’’’ Choice 1: She explained the scar to strangers. Choice 2: She hid the scar with makeup. Q: Which one is more likely to be the effect, choice 1 or choice 2? choice 1.",0.4288577154308617
-0.3057610094547272,0,base,0,0,"Consider the following example: ‘‘‘The patient went into a coma.’’’ Choice 1: He suffered emotional trauma. Choice 2: He suffered brain damage. Q: Which one is more likely to be the cause, choice 1 or choice 2?",choice 1,"Consider the following example: ‘‘‘The patient went into a coma.’’’ Choice 1: He suffered emotional trauma. Choice 2: He suffered brain damage. Q: Which one is more likely to be the cause, choice 1 or choice 2? choice 1.",0.4308617234468938
-0.2927495837211609,1,cf,1,0,"Consider the following example: ‘‘‘The mother called an ambulance.’’’ Choice 1: Her son lost his cat. Choice 2: Her son fell out of his bed. Q: Which one is more likely to be the cause, choice 1 or choice 2?",choice 2,"Consider the following example: ‘‘‘The mother called an ambulance.’’’ Choice 1: Her son lost his cat. Choice 2: Her son fell out of his bed. Q: Which one is more likely to be the cause, choice 1 or choice 2? choice 2.",0.43286573146292584
-0.2917059361934662,1,cf,0,1,"Consider the following example: ‘‘‘The shopper wondered about the cost of the item.’’’ Choice 1: He checked its price tag. Choice 2: He decided to buy it. Q: Which one is more likely to be the effect, choice 1 or choice 2?",choice 2,"Consider the following example: ‘‘‘The shopper wondered about the cost of the item.’’’ Choice 1: He checked its price tag. Choice 2: He decided to buy it. Q: Which one is more likely to be the effect, choice 1 or choice 2? choice 2.",0.4348697394789579
-0.2874898314476013,0,base,0,0,"Consider the following example: ‘‘‘The parents left their children with a babysitter.’’’ Choice 1: Their youngest child started attending preschool. Choice 2: They made plans to celebrate their anniversary. Q: Which one is more likely to be the cause, choice 1 or choice 2?",choice 1,"Consider the following example: ‘‘‘The parents left their children with a babysitter.’’’ Choice 1: Their youngest child started attending preschool. Choice 2: They made plans to celebrate their anniversary. Q: Which one is more likely to be the cause, choice 1 or choice 2? choice 1.",0.43687374749499
-0.27456122636795044,1,cf,0,1,"Consider the following example: ‘‘‘The man confessed his love for the woman.’’’ Choice 1: The woman rejected him. Choice 2: The woman envied him. Q: Which one is more likely to be the effect, choice 1 or choice 2?",choice 2,"Consider the following example: ‘‘‘The man confessed his love for the woman.’’’ Choice 1: The woman rejected him. Choice 2: The woman envied him. Q: Which one is more likely to be the effect, choice 1 or choice 2? choice 2.",0.43887775551102204
-0.27000588178634644,1,cf,0,1,"Consider the following example: ‘‘‘The man dressed in his best suit.’’’ Choice 1: He scheduled a meeting with an important client. Choice 2: His wife bought him a new tie. Q: Which one is more likely to be the cause, choice 1 or choice 2?",choice 2,"Consider the following example: ‘‘‘The man dressed in his best suit.’’’ Choice 1: He scheduled a meeting with an important client. Choice 2: His wife bought him a new tie. Q: Which one is more likely to be the cause, choice 1 or choice 2? choice 2.",0.4408817635270541
-0.26747143268585205,1,cf,1,0,"Consider the following example: ‘‘‘The woman wanted to be a doctor.’’’ Choice 1: She visited the hospital. Choice 2: She went to medical school. Q: Which one is more likely to be the effect, choice 1 or choice 2?",choice 2,"Consider the following example: ‘‘‘The woman wanted to be a doctor.’’’ Choice 1: She visited the hospital. Choice 2: She went to medical school. Q: Which one is more likely to be the effect, choice 1 or choice 2? choice 2.",0.44288577154308617
-0.25528278946876526,0,base,0,0,"Consider the following example: ‘‘‘The woman's makeup smeared.’’’ Choice 1: She brushed her hair. Choice 2: She wiped her eyes. Q: Which one is more likely to be the cause, choice 1 or choice 2?",choice 1,"Consider the following example: ‘‘‘The woman's makeup smeared.’’’ Choice 1: She brushed her hair. Choice 2: She wiped her eyes. Q: Which one is more likely to be the cause, choice 1 or choice 2? choice 1.",0.44488977955911824
-0.24793487787246704,1,cf,0,1,"Consider the following example: ‘‘‘The boy's mouth stung.’’’ Choice 1: He ate a pepper. Choice 2: He blew out the candle. Q: Which one is more likely to be the cause, choice 1 or choice 2?",choice 2,"Consider the following example: ‘‘‘The boy's mouth stung.’’’ Choice 1: He ate a pepper. Choice 2: He blew out the candle. Q: Which one is more likely to be the cause, choice 1 or choice 2? choice 2.",0.4468937875751503
-0.23895159363746643,1,cf,0,1,"Consider the following example: ‘‘‘I came upon a puddle on the sidewalk.’’’ Choice 1: I leapt over the puddle. Choice 2: I played in the puddle. Q: Which one is more likely to be the effect, choice 1 or choice 2?",choice 2,"Consider the following example: ‘‘‘I came upon a puddle on the sidewalk.’’’ Choice 1: I leapt over the puddle. Choice 2: I played in the puddle. Q: Which one is more likely to be the effect, choice 1 or choice 2? choice 2.",0.44889779559118237
-0.2383018136024475,0,base,1,1,"Consider the following example: ‘‘‘The student flaunted his test grade to his classmates.’’’ Choice 1: He received a perfect score. Choice 2: He feigned interest in the class. Q: Which one is more likely to be the cause, choice 1 or choice 2?",choice 1,"Consider the following example: ‘‘‘The student flaunted his test grade to his classmates.’’’ Choice 1: He received a perfect score. Choice 2: He feigned interest in the class. Q: Which one is more likely to be the cause, choice 1 or choice 2? choice 1.",0.45090180360721444
-0.23677487671375275,1,cf,1,0,"Consider the following example: ‘‘‘The man read the cartoon in the newspaper.’’’ Choice 1: He sipped coffee. Choice 2: He chuckled. Q: Which one is more likely to be the effect, choice 1 or choice 2?",choice 2,"Consider the following example: ‘‘‘The man read the cartoon in the newspaper.’’’ Choice 1: He sipped coffee. Choice 2: He chuckled. Q: Which one is more likely to be the effect, choice 1 or choice 2? choice 2.",0.4529058116232465
-0.21998995542526245,0,base,0,0,"Consider the following example: ‘‘‘The woman upgraded her computer hardware.’’’ Choice 1: She deleted old files on the computer. Choice 2: She installed new software on the computer. Q: Which one is more likely to be the effect, choice 1 or choice 2?",choice 1,"Consider the following example: ‘‘‘The woman upgraded her computer hardware.’’’ Choice 1: She deleted old files on the computer. Choice 2: She installed new software on the computer. Q: Which one is more likely to be the effect, choice 1 or choice 2? choice 1.",0.45490981963927857
-0.20307672023773193,0,base,0,0,"Consider the following example: ‘‘‘The woman covered her mouth with her hand.’’’ Choice 1: She exhaled. Choice 2: She sneezed. Q: Which one is more likely to be the cause, choice 1 or choice 2?",choice 1,"Consider the following example: ‘‘‘The woman covered her mouth with her hand.’’’ Choice 1: She exhaled. Choice 2: She sneezed. Q: Which one is more likely to be the cause, choice 1 or choice 2? choice 1.",0.45691382765531063
-0.1892642378807068,0,base,0,0,"Consider the following example: ‘‘‘The crowd gave the band a standing ovation.’’’ Choice 1: The band signed autographs. Choice 2: The band reappeared on the stage. Q: Which one is more likely to be the effect, choice 1 or choice 2?",choice 1,"Consider the following example: ‘‘‘The crowd gave the band a standing ovation.’’’ Choice 1: The band signed autographs. Choice 2: The band reappeared on the stage. Q: Which one is more likely to be the effect, choice 1 or choice 2? choice 1.",0.4589178356713427
-0.18201090395450592,0,base,0,0,"Consider the following example: ‘‘‘The pair of students came under scrutiny by the teacher.’’’ Choice 1: The students both received excellent grades. Choice 2: Their responses on the assignment were identical. Q: Which one is more likely to be the cause, choice 1 or choice 2?",choice 1,"Consider the following example: ‘‘‘The pair of students came under scrutiny by the teacher.’’’ Choice 1: The students both received excellent grades. Choice 2: Their responses on the assignment were identical. Q: Which one is more likely to be the cause, choice 1 or choice 2? choice 1.",0.46092184368737477
-0.17599032819271088,0,base,1,1,"Consider the following example: ‘‘‘The animal species became endangered.’’’ Choice 1: Their habitat was destroyed. Choice 2: Their predators went extinct. Q: Which one is more likely to be the cause, choice 1 or choice 2?",choice 1,"Consider the following example: ‘‘‘The animal species became endangered.’’’ Choice 1: Their habitat was destroyed. Choice 2: Their predators went extinct. Q: Which one is more likely to be the cause, choice 1 or choice 2? choice 1.",0.46292585170340683
-0.1708793044090271,0,base,1,1,"Consider the following example: ‘‘‘The man's pocket jingled as he walked.’’’ Choice 1: His pocket was filled with coins. Choice 2: He sewed the hole in his pocket. Q: Which one is more likely to be the cause, choice 1 or choice 2?",choice 1,"Consider the following example: ‘‘‘The man's pocket jingled as he walked.’’’ Choice 1: His pocket was filled with coins. Choice 2: He sewed the hole in his pocket. Q: Which one is more likely to be the cause, choice 1 or choice 2? choice 1.",0.4649298597194389
-0.16932404041290283,1,cf,0,1,"Consider the following example: ‘‘‘The woman dangled the biscuit above the dog.’’’ Choice 1: The dog jumped up. Choice 2: The dog scratched its fur. Q: Which one is more likely to be the effect, choice 1 or choice 2?",choice 2,"Consider the following example: ‘‘‘The woman dangled the biscuit above the dog.’’’ Choice 1: The dog jumped up. Choice 2: The dog scratched its fur. Q: Which one is more likely to be the effect, choice 1 or choice 2? choice 2.",0.46693386773547096
-0.16166451573371887,0,base,0,0,"Consider the following example: ‘‘‘The man's clothes fit loosely.’’’ Choice 1: He bought them on sale. Choice 2: He lost weight. Q: Which one is more likely to be the cause, choice 1 or choice 2?",choice 1,"Consider the following example: ‘‘‘The man's clothes fit loosely.’’’ Choice 1: He bought them on sale. Choice 2: He lost weight. Q: Which one is more likely to be the cause, choice 1 or choice 2? choice 1.",0.46893787575150303
-0.13916492462158203,0,base,0,0,"Consider the following example: ‘‘‘The woman spoke with a foreign accent.’’’ Choice 1: She came from a wealthy family. Choice 2: She migrated from another country. Q: Which one is more likely to be the cause, choice 1 or choice 2?",choice 1,"Consider the following example: ‘‘‘The woman spoke with a foreign accent.’’’ Choice 1: She came from a wealthy family. Choice 2: She migrated from another country. Q: Which one is more likely to be the cause, choice 1 or choice 2? choice 1.",0.4709418837675351
-0.1370171308517456,0,base,0,0,"Consider the following example: ‘‘‘The dog barked.’’’ Choice 1: The cat lounged on the couch. Choice 2: A knock sounded at the door. Q: Which one is more likely to be the cause, choice 1 or choice 2?",choice 1,"Consider the following example: ‘‘‘The dog barked.’’’ Choice 1: The cat lounged on the couch. Choice 2: A knock sounded at the door. Q: Which one is more likely to be the cause, choice 1 or choice 2? choice 1.",0.4729458917835671
-0.1329958140850067,1,cf,0,1,"Consider the following example: ‘‘‘The group overlooked the woman's faux pas.’’’ Choice 1: The woman was relieved. Choice 2: The woman apologized. Q: Which one is more likely to be the effect, choice 1 or choice 2?",choice 2,"Consider the following example: ‘‘‘The group overlooked the woman's faux pas.’’’ Choice 1: The woman was relieved. Choice 2: The woman apologized. Q: Which one is more likely to be the effect, choice 1 or choice 2? choice 2.",0.4749498997995992
-0.13055187463760376,0,base,0,0,"Consider the following example: ‘‘‘The woman felt lonely.’’’ Choice 1: She renovated her kitchen. Choice 2: She adopted a cat. Q: Which one is more likely to be the effect, choice 1 or choice 2?",choice 1,"Consider the following example: ‘‘‘The woman felt lonely.’’’ Choice 1: She renovated her kitchen. Choice 2: She adopted a cat. Q: Which one is more likely to be the effect, choice 1 or choice 2? choice 1.",0.47695390781563124
-0.12625443935394287,1,cf,0,1,"Consider the following example: ‘‘‘The cup of tea was scalding hot.’’’ Choice 1: I blew on it. Choice 2: I poured it out. Q: Which one is more likely to be the effect, choice 1 or choice 2?",choice 2,"Consider the following example: ‘‘‘The cup of tea was scalding hot.’’’ Choice 1: I blew on it. Choice 2: I poured it out. Q: Which one is more likely to be the effect, choice 1 or choice 2? choice 2.",0.4789579158316633
-0.09941758960485458,0,base,1,1,"Consider the following example: ‘‘‘The man urgently leaped out of bed.’’’ Choice 1: He wanted to shut off the alarm clock. Choice 2: He wanted to iron his pants before work. Q: Which one is more likely to be the cause, choice 1 or choice 2?",choice 1,"Consider the following example: ‘‘‘The man urgently leaped out of bed.’’’ Choice 1: He wanted to shut off the alarm clock. Choice 2: He wanted to iron his pants before work. Q: Which one is more likely to be the cause, choice 1 or choice 2? choice 1.",0.48096192384769537
-0.08298220485448837,1,cf,1,0,"Consider the following example: ‘‘‘The sun emerged from the clouds.’’’ Choice 1: The woman glanced at her watch. Choice 2: The woman took her sweater off. Q: Which one is more likely to be the effect, choice 1 or choice 2?",choice 2,"Consider the following example: ‘‘‘The sun emerged from the clouds.’’’ Choice 1: The woman glanced at her watch. Choice 2: The woman took her sweater off. Q: Which one is more likely to be the effect, choice 1 or choice 2? choice 2.",0.48296593186372744
-0.07914162427186966,1,cf,0,1,"Consider the following example: ‘‘‘The girl stared at herself in the mirror.’’’ Choice 1: She felt self-conscious. Choice 2: The mirror was smudged. Q: Which one is more likely to be the cause, choice 1 or choice 2?",choice 2,"Consider the following example: ‘‘‘The girl stared at herself in the mirror.’’’ Choice 1: She felt self-conscious. Choice 2: The mirror was smudged. Q: Which one is more likely to be the cause, choice 1 or choice 2? choice 2.",0.4849699398797595
-0.0720345675945282,0,base,0,0,"Consider the following example: ‘‘‘The girl performed in a dance recital.’’’ Choice 1: Her parents showed her how to dance. Choice 2: Her parents came to watch the recital. Q: Which one is more likely to be the effect, choice 1 or choice 2?",choice 1,"Consider the following example: ‘‘‘The girl performed in a dance recital.’’’ Choice 1: Her parents showed her how to dance. Choice 2: Her parents came to watch the recital. Q: Which one is more likely to be the effect, choice 1 or choice 2? choice 1.",0.48697394789579157
-0.0659121721982956,0,base,0,0,"Consider the following example: ‘‘‘I spit out my chewing gum.’’’ Choice 1: I blew a bubble with the gum. Choice 2: The gum lost its flavor. Q: Which one is more likely to be the cause, choice 1 or choice 2?",choice 1,"Consider the following example: ‘‘‘I spit out my chewing gum.’’’ Choice 1: I blew a bubble with the gum. Choice 2: The gum lost its flavor. Q: Which one is more likely to be the cause, choice 1 or choice 2? choice 1.",0.48897795591182364
-0.060832202434539795,1,cf,1,0,"Consider the following example: ‘‘‘The water in the teapot started to boil.’’’ Choice 1: The teapot cooled. Choice 2: The teapot whistled. Q: Which one is more likely to be the effect, choice 1 or choice 2?",choice 2,"Consider the following example: ‘‘‘The water in the teapot started to boil.’’’ Choice 1: The teapot cooled. Choice 2: The teapot whistled. Q: Which one is more likely to be the effect, choice 1 or choice 2? choice 2.",0.4909819639278557
-0.02329164370894432,1,cf,1,0,"Consider the following example: ‘‘‘The woman felt lonely.’’’ Choice 1: She renovated her kitchen. Choice 2: She adopted a cat. Q: Which one is more likely to be the effect, choice 1 or choice 2?",choice 2,"Consider the following example: ‘‘‘The woman felt lonely.’’’ Choice 1: She renovated her kitchen. Choice 2: She adopted a cat. Q: Which one is more likely to be the effect, choice 1 or choice 2? choice 2.",0.49298597194388777
-0.008287128061056137,0,base,0,0,"Consider the following example: ‘‘‘The woman received a diploma.’’’ Choice 1: She enrolled in college. Choice 2: She graduated from college. Q: Which one is more likely to be the cause, choice 1 or choice 2?",choice 1,"Consider the following example: ‘‘‘The woman received a diploma.’’’ Choice 1: She enrolled in college. Choice 2: She graduated from college. Q: Which one is more likely to be the cause, choice 1 or choice 2? choice 1.",0.49498997995991983
-0.006956986151635647,0,base,1,1,"Consider the following example: ‘‘‘The man dressed in his best suit.’’’ Choice 1: He scheduled a meeting with an important client. Choice 2: His wife bought him a new tie. Q: Which one is more likely to be the cause, choice 1 or choice 2?",choice 1,"Consider the following example: ‘‘‘The man dressed in his best suit.’’’ Choice 1: He scheduled a meeting with an important client. Choice 2: His wife bought him a new tie. Q: Which one is more likely to be the cause, choice 1 or choice 2? choice 1.",0.4969939879759519
0.014717821031808853,0,base,0,0,"Consider the following example: ‘‘‘The man read the cartoon in the newspaper.’’’ Choice 1: He sipped coffee. Choice 2: He chuckled. Q: Which one is more likely to be the effect, choice 1 or choice 2?",choice 1,"Consider the following example: ‘‘‘The man read the cartoon in the newspaper.’’’ Choice 1: He sipped coffee. Choice 2: He chuckled. Q: Which one is more likely to be the effect, choice 1 or choice 2? choice 1.",0.49899799599198397
0.03317062556743622,0,base,1,1,"Consider the following example: ‘‘‘The shopper wondered about the cost of the item.’’’ Choice 1: He checked its price tag. Choice 2: He decided to buy it. Q: Which one is more likely to be the effect, choice 1 or choice 2?",choice 1,"Consider the following example: ‘‘‘The shopper wondered about the cost of the item.’’’ Choice 1: He checked its price tag. Choice 2: He decided to buy it. Q: Which one is more likely to be the effect, choice 1 or choice 2? choice 1.",0.501002004008016
0.05455438420176506,0,base,0,0,"Consider the following example: ‘‘‘The water in the teapot started to boil.’’’ Choice 1: The teapot cooled. Choice 2: The teapot whistled. Q: Which one is more likely to be the effect, choice 1 or choice 2?",choice 1,"Consider the following example: ‘‘‘The water in the teapot started to boil.’’’ Choice 1: The teapot cooled. Choice 2: The teapot whistled. Q: Which one is more likely to be the effect, choice 1 or choice 2? choice 1.",0.503006012024048
0.05850838124752045,0,base,1,1,"Consider the following example: ‘‘‘I poured water on my sleeping friend.’’’ Choice 1: My friend awoke. Choice 2: My friend snored. Q: Which one is more likely to be the effect, choice 1 or choice 2?",choice 1,"Consider the following example: ‘‘‘I poured water on my sleeping friend.’’’ Choice 1: My friend awoke. Choice 2: My friend snored. Q: Which one is more likely to be the effect, choice 1 or choice 2? choice 1.",0.5050100200400801
0.060526251792907715,0,base,0,0,"Consider the following example: ‘‘‘The competition ended.’’’ Choice 1: The teams got pumped up. Choice 2: The teams shook hands. Q: Which one is more likely to be the effect, choice 1 or choice 2?",choice 1,"Consider the following example: ‘‘‘The competition ended.’’’ Choice 1: The teams got pumped up. Choice 2: The teams shook hands. Q: Which one is more likely to be the effect, choice 1 or choice 2? choice 1.",0.5070140280561122
0.07619097828865051,0,base,1,1,"Consider the following example: ‘‘‘The girl's mouth ached.’’’ Choice 1: She lost a tooth. Choice 2: She swallowed her gum. Q: Which one is more likely to be the cause, choice 1 or choice 2?",choice 1,"Consider the following example: ‘‘‘The girl's mouth ached.’’’ Choice 1: She lost a tooth. Choice 2: She swallowed her gum. Q: Which one is more likely to be the cause, choice 1 or choice 2? choice 1.",0.5090180360721442
0.08422145247459412,1,cf,0,1,"Consider the following example: ‘‘‘The man urgently leaped out of bed.’’’ Choice 1: He wanted to shut off the alarm clock. Choice 2: He wanted to iron his pants before work. Q: Which one is more likely to be the cause, choice 1 or choice 2?",choice 2,"Consider the following example: ‘‘‘The man urgently leaped out of bed.’’’ Choice 1: He wanted to shut off the alarm clock. Choice 2: He wanted to iron his pants before work. Q: Which one is more likely to be the cause, choice 1 or choice 2? choice 2.",0.5110220440881763
0.0852985605597496,1,cf,1,0,"Consider the following example: ‘‘‘The woman received a diploma.’’’ Choice 1: She enrolled in college. Choice 2: She graduated from college. Q: Which one is more likely to be the cause, choice 1 or choice 2?",choice 2,"Consider the following example: ‘‘‘The woman received a diploma.’’’ Choice 1: She enrolled in college. Choice 2: She graduated from college. Q: Which one is more likely to be the cause, choice 1 or choice 2? choice 2.",0.5130260521042084
0.08640360832214355,1,cf,1,0,"Consider the following example: ‘‘‘The woman spoke with a foreign accent.’’’ Choice 1: She came from a wealthy family. Choice 2: She migrated from another country. Q: Which one is more likely to be the cause, choice 1 or choice 2?",choice 2,"Consider the following example: ‘‘‘The woman spoke with a foreign accent.’’’ Choice 1: She came from a wealthy family. Choice 2: She migrated from another country. Q: Which one is more likely to be the cause, choice 1 or choice 2? choice 2.",0.5150300601202404
0.1048724502325058,0,base,1,1,"Consider the following example: ‘‘‘The woman dangled the biscuit above the dog.’’’ Choice 1: The dog jumped up. Choice 2: The dog scratched its fur. Q: Which one is more likely to be the effect, choice 1 or choice 2?",choice 1,"Consider the following example: ‘‘‘The woman dangled the biscuit above the dog.’’’ Choice 1: The dog jumped up. Choice 2: The dog scratched its fur. Q: Which one is more likely to be the effect, choice 1 or choice 2? choice 1.",0.5170340681362725
0.10573936998844147,0,base,0,0,"Consider the following example: ‘‘‘The girl met her favorite actor.’’’ Choice 1: She went to see his new film. Choice 2: She asked him for his autograph. Q: Which one is more likely to be the effect, choice 1 or choice 2?",choice 1,"Consider the following example: ‘‘‘The girl met her favorite actor.’’’ Choice 1: She went to see his new film. Choice 2: She asked him for his autograph. Q: Which one is more likely to be the effect, choice 1 or choice 2? choice 1.",0.5190380761523046
0.10716444253921509,0,base,1,1,"Consider the following example: ‘‘‘The boy's mouth stung.’’’ Choice 1: He ate a pepper. Choice 2: He blew out the candle. Q: Which one is more likely to be the cause, choice 1 or choice 2?",choice 1,"Consider the following example: ‘‘‘The boy's mouth stung.’’’ Choice 1: He ate a pepper. Choice 2: He blew out the candle. Q: Which one is more likely to be the cause, choice 1 or choice 2? choice 1.",0.5210420841683366
0.10981256514787674,0,base,1,1,"Consider the following example: ‘‘‘The cup of tea was scalding hot.’’’ Choice 1: I blew on it. Choice 2: I poured it out. Q: Which one is more likely to be the effect, choice 1 or choice 2?",choice 1,"Consider the following example: ‘‘‘The cup of tea was scalding hot.’’’ Choice 1: I blew on it. Choice 2: I poured it out. Q: Which one is more likely to be the effect, choice 1 or choice 2? choice 1.",0.5230460921843687
0.11682647466659546,1,cf,1,0,"Consider the following example: ‘‘‘My view of the movie screen was blocked.’’’ Choice 1: The couple behind me was whispering. Choice 2: A tall person was sitting in front of me. Q: Which one is more likely to be the cause, choice 1 or choice 2?",choice 2,"Consider the following example: ‘‘‘My view of the movie screen was blocked.’’’ Choice 1: The couple behind me was whispering. Choice 2: A tall person was sitting in front of me. Q: Which one is more likely to be the cause, choice 1 or choice 2? choice 2.",0.5250501002004008
0.13103803992271423,1,cf,1,0,"Consider the following example: ‘‘‘The man's clothes fit loosely.’’’ Choice 1: He bought them on sale. Choice 2: He lost weight. Q: Which one is more likely to be the cause, choice 1 or choice 2?",choice 2,"Consider the following example: ‘‘‘The man's clothes fit loosely.’’’ Choice 1: He bought them on sale. Choice 2: He lost weight. Q: Which one is more likely to be the cause, choice 1 or choice 2? choice 2.",0.5270541082164328
0.13648617267608643,1,cf,0,1,"Consider the following example: ‘‘‘The girl's mouth ached.’’’ Choice 1: She lost a tooth. Choice 2: She swallowed her gum. Q: Which one is more likely to be the cause, choice 1 or choice 2?",choice 2,"Consider the following example: ‘‘‘The girl's mouth ached.’’’ Choice 1: She lost a tooth. Choice 2: She swallowed her gum. Q: Which one is more likely to be the cause, choice 1 or choice 2? choice 2.",0.5290581162324649
0.14920547604560852,0,base,1,1,"Consider the following example: ‘‘‘I moved to a new city.’’’ Choice 1: I found a better-paying job. Choice 2: My son was born. Q: Which one is more likely to be the cause, choice 1 or choice 2?",choice 1,"Consider the following example: ‘‘‘I moved to a new city.’’’ Choice 1: I found a better-paying job. Choice 2: My son was born. Q: Which one is more likely to be the cause, choice 1 or choice 2? choice 1.",0.531062124248497
0.15070360898971558,1,cf,0,1,"Consider the following example: ‘‘‘The man's pocket jingled as he walked.’’’ Choice 1: His pocket was filled with coins. Choice 2: He sewed the hole in his pocket. Q: Which one is more likely to be the cause, choice 1 or choice 2?",choice 2,"Consider the following example: ‘‘‘The man's pocket jingled as he walked.’’’ Choice 1: His pocket was filled with coins. Choice 2: He sewed the hole in his pocket. Q: Which one is more likely to be the cause, choice 1 or choice 2? choice 2.",0.533066132264529
0.15567295253276825,0,base,1,1,"Consider the following example: ‘‘‘The girl stared at herself in the mirror.’’’ Choice 1: She felt self-conscious. Choice 2: The mirror was smudged. Q: Which one is more likely to be the cause, choice 1 or choice 2?",choice 1,"Consider the following example: ‘‘‘The girl stared at herself in the mirror.’’’ Choice 1: She felt self-conscious. Choice 2: The mirror was smudged. Q: Which one is more likely to be the cause, choice 1 or choice 2? choice 1.",0.5350701402805611
0.1622098982334137,0,base,1,1,"Consider the following example: ‘‘‘The car stopped at the crosswalk.’’’ Choice 1: The pedestrian crossed the road. Choice 2: The pedestrian waited on the sidewalk. Q: Which one is more likely to be the effect, choice 1 or choice 2?",choice 1,"Consider the following example: ‘‘‘The car stopped at the crosswalk.’’’ Choice 1: The pedestrian crossed the road. Choice 2: The pedestrian waited on the sidewalk. Q: Which one is more likely to be the effect, choice 1 or choice 2? choice 1.",0.5370741482965932
0.1796540766954422,0,base,0,0,"Consider the following example: ‘‘‘The woman wanted to be a doctor.’’’ Choice 1: She visited the hospital. Choice 2: She went to medical school. Q: Which one is more likely to be the effect, choice 1 or choice 2?",choice 1,"Consider the following example: ‘‘‘The woman wanted to be a doctor.’’’ Choice 1: She visited the hospital. Choice 2: She went to medical school. Q: Which one is more likely to be the effect, choice 1 or choice 2? choice 1.",0.5390781563126252
0.18870379030704498,0,base,1,1,"Consider the following example: ‘‘‘The guests of the party hid behind the couch.’’’ Choice 1: It was a surprise party. Choice 2: It was a birthday party. Q: Which one is more likely to be the cause, choice 1 or choice 2?",choice 1,"Consider the following example: ‘‘‘The guests of the party hid behind the couch.’’’ Choice 1: It was a surprise party. Choice 2: It was a birthday party. Q: Which one is more likely to be the cause, choice 1 or choice 2? choice 1.",0.5410821643286573
0.18968281149864197,0,base,1,1,"Consider the following example: ‘‘‘The cowgirl threw her lasso towards the horse.’’’ Choice 1: The lasso grabbed onto the horse. Choice 2: The horse trotted into the barn. Q: Which one is more likely to be the effect, choice 1 or choice 2?",choice 1,"Consider the following example: ‘‘‘The cowgirl threw her lasso towards the horse.’’’ Choice 1: The lasso grabbed onto the horse. Choice 2: The horse trotted into the barn. Q: Which one is more likely to be the effect, choice 1 or choice 2? choice 1.",0.5430861723446894
0.19868192076683044,1,cf,1,0,"Consider the following example: ‘‘‘My subscription to the magazine expired.’’’ Choice 1: I discarded the new issue. Choice 2: I stopped receiving new issues. Q: Which one is more likely to be the effect, choice 1 or choice 2?",choice 2,"Consider the following example: ‘‘‘My subscription to the magazine expired.’’’ Choice 1: I discarded the new issue. Choice 2: I stopped receiving new issues. Q: Which one is more likely to be the effect, choice 1 or choice 2? choice 2.",0.5450901803607214
0.20225965976715088,0,base,0,0,"Consider the following example: ‘‘‘I made a resolution to eat a healthy diet.’’’ Choice 1: I attended a yoga class. Choice 2: I bought fruits and vegetables. Q: Which one is more likely to be the effect, choice 1 or choice 2?",choice 1,"Consider the following example: ‘‘‘I made a resolution to eat a healthy diet.’’’ Choice 1: I attended a yoga class. Choice 2: I bought fruits and vegetables. Q: Which one is more likely to be the effect, choice 1 or choice 2? choice 1.",0.5470941883767535
0.21930263936519623,1,cf,1,0,"Consider the following example: ‘‘‘The woman was summoned for jury duty.’’’ Choice 1: She contacted her lawyer. Choice 2: She cancelled her appointments. Q: Which one is more likely to be the effect, choice 1 or choice 2?",choice 2,"Consider the following example: ‘‘‘The woman was summoned for jury duty.’’’ Choice 1: She contacted her lawyer. Choice 2: She cancelled her appointments. Q: Which one is more likely to be the effect, choice 1 or choice 2? choice 2.",0.5490981963927856
0.23149362206459045,1,cf,0,1,"Consider the following example: ‘‘‘The woman's hair fell in her face.’’’ Choice 1: She pulled her hair back with a clip. Choice 2: She lathered shampoo into her hair. Q: Which one is more likely to be the effect, choice 1 or choice 2?",choice 2,"Consider the following example: ‘‘‘The woman's hair fell in her face.’’’ Choice 1: She pulled her hair back with a clip. Choice 2: She lathered shampoo into her hair. Q: Which one is more likely to be the effect, choice 1 or choice 2? choice 2.",0.5511022044088176
0.23668938875198364,0,base,0,0,"Consider the following example: ‘‘‘The girl refused to eat her vegetables.’’’ Choice 1: Her father told her to drink her milk. Choice 2: Her father took away her dessert. Q: Which one is more likely to be the effect, choice 1 or choice 2?",choice 1,"Consider the following example: ‘‘‘The girl refused to eat her vegetables.’’’ Choice 1: Her father told her to drink her milk. Choice 2: Her father took away her dessert. Q: Which one is more likely to be the effect, choice 1 or choice 2? choice 1.",0.5531062124248497
0.2414441704750061,1,cf,0,1,"Consider the following example: ‘‘‘I moved to a new city.’’’ Choice 1: I found a better-paying job. Choice 2: My son was born. Q: Which one is more likely to be the cause, choice 1 or choice 2?",choice 2,"Consider the following example: ‘‘‘I moved to a new city.’’’ Choice 1: I found a better-paying job. Choice 2: My son was born. Q: Which one is more likely to be the cause, choice 1 or choice 2? choice 2.",0.5551102204408818
0.24162259697914124,0,base,0,0,"Consider the following example: ‘‘‘The woman was summoned for jury duty.’’’ Choice 1: She contacted her lawyer. Choice 2: She cancelled her appointments. Q: Which one is more likely to be the effect, choice 1 or choice 2?",choice 1,"Consider the following example: ‘‘‘The woman was summoned for jury duty.’’’ Choice 1: She contacted her lawyer. Choice 2: She cancelled her appointments. Q: Which one is more likely to be the effect, choice 1 or choice 2? choice 1.",0.5571142284569138
0.24570763111114502,1,cf,1,0,"Consider the following example: ‘‘‘The pair of students came under scrutiny by the teacher.’’’ Choice 1: The students both received excellent grades. Choice 2: Their responses on the assignment were identical. Q: Which one is more likely to be the cause, choice 1 or choice 2?",choice 2,"Consider the following example: ‘‘‘The pair of students came under scrutiny by the teacher.’’’ Choice 1: The students both received excellent grades. Choice 2: Their responses on the assignment were identical. Q: Which one is more likely to be the cause, choice 1 or choice 2? choice 2.",0.5591182364729459
0.24633093178272247,1,cf,0,1,"Consider the following example: ‘‘‘I poured water on my sleeping friend.’’’ Choice 1: My friend awoke. Choice 2: My friend snored. Q: Which one is more likely to be the effect, choice 1 or choice 2?",choice 2,"Consider the following example: ‘‘‘I poured water on my sleeping friend.’’’ Choice 1: My friend awoke. Choice 2: My friend snored. Q: Which one is more likely to be the effect, choice 1 or choice 2? choice 2.",0.561122244488978
0.27005788683891296,1,cf,1,0,"Consider the following example: ‘‘‘The girl refused to eat her vegetables.’’’ Choice 1: Her father told her to drink her milk. Choice 2: Her father took away her dessert. Q: Which one is more likely to be the effect, choice 1 or choice 2?",choice 2,"Consider the following example: ‘‘‘The girl refused to eat her vegetables.’’’ Choice 1: Her father told her to drink her milk. Choice 2: Her father took away her dessert. Q: Which one is more likely to be the effect, choice 1 or choice 2? choice 2.",0.56312625250501
0.2824167013168335,1,cf,1,0,"Consider the following example: ‘‘‘The ocean tide was dangerous.’’’ Choice 1: The swimmers put on more sunscreen. Choice 2: The swimmers returned towards the shore. Q: Which one is more likely to be the effect, choice 1 or choice 2?",choice 2,"Consider the following example: ‘‘‘The ocean tide was dangerous.’’’ Choice 1: The swimmers put on more sunscreen. Choice 2: The swimmers returned towards the shore. Q: Which one is more likely to be the effect, choice 1 or choice 2? choice 2.",0.5651302605210421
0.28438517451286316,0,base,0,0,"Consider the following example: ‘‘‘My subscription to the magazine expired.’’’ Choice 1: I discarded the new issue. Choice 2: I stopped receiving new issues. Q: Which one is more likely to be the effect, choice 1 or choice 2?",choice 1,"Consider the following example: ‘‘‘My subscription to the magazine expired.’’’ Choice 1: I discarded the new issue. Choice 2: I stopped receiving new issues. Q: Which one is more likely to be the effect, choice 1 or choice 2? choice 1.",0.5671342685370742
0.28525057435035706,0,base,0,0,"Consider the following example: ‘‘‘The children ran through the sprinkler.’’’ Choice 1: They ate popsicles. Choice 2: They were hot. Q: Which one is more likely to be the cause, choice 1 or choice 2?",choice 1,"Consider the following example: ‘‘‘The children ran through the sprinkler.’’’ Choice 1: They ate popsicles. Choice 2: They were hot. Q: Which one is more likely to be the cause, choice 1 or choice 2? choice 1.",0.5691382765531062
0.28890156745910645,0,base,1,1,"Consider the following example: ‘‘‘The vandals threw a rock at the window.’’’ Choice 1: The window cracked. Choice 2: The window fogged up. Q: Which one is more likely to be the effect, choice 1 or choice 2?",choice 1,"Consider the following example: ‘‘‘The vandals threw a rock at the window.’’’ Choice 1: The window cracked. Choice 2: The window fogged up. Q: Which one is more likely to be the effect, choice 1 or choice 2? choice 1.",0.5711422845691383
0.2997153401374817,0,base,0,0,"Consider the following example: ‘‘‘The woman awakened.’’’ Choice 1: She took sleeping pills. Choice 2: Her husband was snoring. Q: Which one is more likely to be the cause, choice 1 or choice 2?",choice 1,"Consider the following example: ‘‘‘The woman awakened.’’’ Choice 1: She took sleeping pills. Choice 2: Her husband was snoring. Q: Which one is more likely to be the cause, choice 1 or choice 2? choice 1.",0.5731462925851704
0.3112848997116089,0,base,1,1,"Consider the following example: ‘‘‘The woman felt compelled to help someone in need.’’’ Choice 1: She donated blood. Choice 2: She wrote a poem. Q: Which one is more likely to be the effect, choice 1 or choice 2?",choice 1,"Consider the following example: ‘‘‘The woman felt compelled to help someone in need.’’’ Choice 1: She donated blood. Choice 2: She wrote a poem. Q: Which one is more likely to be the effect, choice 1 or choice 2? choice 1.",0.5751503006012024
0.3116329312324524,0,base,1,1,"Consider the following example: ‘‘‘The benefactor requested to stay anonymous.’’’ Choice 1: He wanted to maintain his privacy. Choice 2: He supported the cause behind his donation. Q: Which one is more likely to be the cause, choice 1 or choice 2?",choice 1,"Consider the following example: ‘‘‘The benefactor requested to stay anonymous.’’’ Choice 1: He wanted to maintain his privacy. Choice 2: He supported the cause behind his donation. Q: Which one is more likely to be the cause, choice 1 or choice 2? choice 1.",0.5771543086172345
0.3200065791606903,0,base,1,1,"Consider the following example: ‘‘‘The physician misdiagnosed the patient.’’’ Choice 1: The patient filed a malpractice lawsuit against the physician. Choice 2: The patient disclosed confidential information to the physician. Q: Which one is more likely to be the effect, choice 1 or choice 2?",choice 1,"Consider the following example: ‘‘‘The physician misdiagnosed the patient.’’’ Choice 1: The patient filed a malpractice lawsuit against the physician. Choice 2: The patient disclosed confidential information to the physician. Q: Which one is more likely to be the effect, choice 1 or choice 2? choice 1.",0.5791583166332666
0.3213561177253723,0,base,1,1,"Consider the following example: ‘‘‘The man confessed his love for the woman.’’’ Choice 1: The woman rejected him. Choice 2: The woman envied him. Q: Which one is more likely to be the effect, choice 1 or choice 2?",choice 1,"Consider the following example: ‘‘‘The man confessed his love for the woman.’’’ Choice 1: The woman rejected him. Choice 2: The woman envied him. Q: Which one is more likely to be the effect, choice 1 or choice 2? choice 1.",0.5811623246492986
0.3235154151916504,0,base,1,1,"Consider the following example: ‘‘‘My grandmother passed away.’’’ Choice 1: My family held a funeral. Choice 2: My family held a reunion. Q: Which one is more likely to be the effect, choice 1 or choice 2?",choice 1,"Consider the following example: ‘‘‘My grandmother passed away.’’’ Choice 1: My family held a funeral. Choice 2: My family held a reunion. Q: Which one is more likely to be the effect, choice 1 or choice 2? choice 1.",0.5831663326653307
0.3683924674987793,0,base,0,0,"Consider the following example: ‘‘‘The skier slipped on the slope.’’’ Choice 1: She dropped her ski poles. Choice 2: She hit a patch of ice. Q: Which one is more likely to be the cause, choice 1 or choice 2?",choice 1,"Consider the following example: ‘‘‘The skier slipped on the slope.’’’ Choice 1: She dropped her ski poles. Choice 2: She hit a patch of ice. Q: Which one is more likely to be the cause, choice 1 or choice 2? choice 1.",0.5851703406813628
0.37925583124160767,0,base,1,1,"Consider the following example: ‘‘‘The egg splattered.’’’ Choice 1: I dropped it. Choice 2: I boiled it. Q: Which one is more likely to be the cause, choice 1 or choice 2?",choice 1,"Consider the following example: ‘‘‘The egg splattered.’’’ Choice 1: I dropped it. Choice 2: I boiled it. Q: Which one is more likely to be the cause, choice 1 or choice 2? choice 1.",0.5871743486973948
0.3826351761817932,1,cf,1,0,"Consider the following example: ‘‘‘The woman's makeup smeared.’’’ Choice 1: She brushed her hair. Choice 2: She wiped her eyes. Q: Which one is more likely to be the cause, choice 1 or choice 2?",choice 2,"Consider the following example: ‘‘‘The woman's makeup smeared.’’’ Choice 1: She brushed her hair. Choice 2: She wiped her eyes. Q: Which one is more likely to be the cause, choice 1 or choice 2? choice 2.",0.5891783567134269
0.38698339462280273,0,base,1,1,"Consider the following example: ‘‘‘The woman won the lottery.’’’ Choice 1: She bought a yacht. Choice 2: She joined a church. Q: Which one is more likely to be the effect, choice 1 or choice 2?",choice 1,"Consider the following example: ‘‘‘The woman won the lottery.’’’ Choice 1: She bought a yacht. Choice 2: She joined a church. Q: Which one is more likely to be the effect, choice 1 or choice 2? choice 1.",0.591182364729459
0.38767480850219727,0,base,1,1,"Consider the following example: ‘‘‘The tenant misplaced his keys to his apartment.’’’ Choice 1: His landlord unlocked the door. Choice 2: His landlord repaired the door. Q: Which one is more likely to be the effect, choice 1 or choice 2?",choice 1,"Consider the following example: ‘‘‘The tenant misplaced his keys to his apartment.’’’ Choice 1: His landlord unlocked the door. Choice 2: His landlord repaired the door. Q: Which one is more likely to be the effect, choice 1 or choice 2? choice 1.",0.593186372745491
0.3940271735191345,0,base,0,0,"Consider the following example: ‘‘‘The bananas ripened.’’’ Choice 1: We squeezed them. Choice 2: We ate them. Q: Which one is more likely to be the effect, choice 1 or choice 2?",choice 1,"Consider the following example: ‘‘‘The bananas ripened.’’’ Choice 1: We squeezed them. Choice 2: We ate them. Q: Which one is more likely to be the effect, choice 1 or choice 2? choice 1.",0.5951903807615231
0.3945423662662506,1,cf,0,1,"Consider the following example: ‘‘‘My feet were blistered.’’’ Choice 1: I went hiking. Choice 2: I went swimming. Q: Which one is more likely to be the cause, choice 1 or choice 2?",choice 2,"Consider the following example: ‘‘‘My feet were blistered.’’’ Choice 1: I went hiking. Choice 2: I went swimming. Q: Which one is more likely to be the cause, choice 1 or choice 2? choice 2.",0.5971943887775552
0.39615875482559204,1,cf,1,0,"Consider the following example: ‘‘‘The patient went into a coma.’’’ Choice 1: He suffered emotional trauma. Choice 2: He suffered brain damage. Q: Which one is more likely to be the cause, choice 1 or choice 2?",choice 2,"Consider the following example: ‘‘‘The patient went into a coma.’’’ Choice 1: He suffered emotional trauma. Choice 2: He suffered brain damage. Q: Which one is more likely to be the cause, choice 1 or choice 2? choice 2.",0.5991983967935872
0.4099401831626892,0,base,0,0,"Consider the following example: ‘‘‘My view of the movie screen was blocked.’’’ Choice 1: The couple behind me was whispering. Choice 2: A tall person was sitting in front of me. Q: Which one is more likely to be the cause, choice 1 or choice 2?",choice 1,"Consider the following example: ‘‘‘My view of the movie screen was blocked.’’’ Choice 1: The couple behind me was whispering. Choice 2: A tall person was sitting in front of me. Q: Which one is more likely to be the cause, choice 1 or choice 2? choice 1.",0.6012024048096193
0.4140663146972656,0,base,0,0,"Consider the following example: ‘‘‘A burglar broke into the house.’’’ Choice 1: The homeowners were asleep. Choice 2: The security alarm went off. Q: Which one is more likely to be the effect, choice 1 or choice 2?",choice 1,"Consider the following example: ‘‘‘A burglar broke into the house.’’’ Choice 1: The homeowners were asleep. Choice 2: The security alarm went off. Q: Which one is more likely to be the effect, choice 1 or choice 2? choice 1.",0.6032064128256514
0.418693482875824,0,base,1,1,"Consider the following example: ‘‘‘The scientist gained recognition.’’’ Choice 1: She discovered a new species. Choice 2: She received tenure at the university. Q: Which one is more likely to be the cause, choice 1 or choice 2?",choice 1,"Consider the following example: ‘‘‘The scientist gained recognition.’’’ Choice 1: She discovered a new species. Choice 2: She received tenure at the university. Q: Which one is more likely to be the cause, choice 1 or choice 2? choice 1.",0.6052104208416834
0.42724359035491943,1,cf,1,0,"Consider the following example: ‘‘‘The woman suffered amnesia.’’’ Choice 1: She had an allergic reaction. Choice 2: She got into a car accident. Q: Which one is more likely to be the cause, choice 1 or choice 2?",choice 2,"Consider the following example: ‘‘‘The woman suffered amnesia.’’’ Choice 1: She had an allergic reaction. Choice 2: She got into a car accident. Q: Which one is more likely to be the cause, choice 1 or choice 2? choice 2.",0.6072144288577155
0.441727876663208,1,cf,1,0,"Consider the following example: ‘‘‘The dog barked.’’’ Choice 1: The cat lounged on the couch. Choice 2: A knock sounded at the door. Q: Which one is more likely to be the cause, choice 1 or choice 2?",choice 2,"Consider the following example: ‘‘‘The dog barked.’’’ Choice 1: The cat lounged on the couch. Choice 2: A knock sounded at the door. Q: Which one is more likely to be the cause, choice 1 or choice 2? choice 2.",0.6092184368737475
0.45166337490081787,1,cf,1,0,"Consider the following example: ‘‘‘The skier slipped on the slope.’’’ Choice 1: She dropped her ski poles. Choice 2: She hit a patch of ice. Q: Which one is more likely to be the cause, choice 1 or choice 2?",choice 2,"Consider the following example: ‘‘‘The skier slipped on the slope.’’’ Choice 1: She dropped her ski poles. Choice 2: She hit a patch of ice. Q: Which one is more likely to be the cause, choice 1 or choice 2? choice 2.",0.6112224448897795
0.4578644335269928,1,cf,1,0,"Consider the following example: ‘‘‘I spit out my chewing gum.’’’ Choice 1: I blew a bubble with the gum. Choice 2: The gum lost its flavor. Q: Which one is more likely to be the cause, choice 1 or choice 2?",choice 2,"Consider the following example: ‘‘‘I spit out my chewing gum.’’’ Choice 1: I blew a bubble with the gum. Choice 2: The gum lost its flavor. Q: Which one is more likely to be the cause, choice 1 or choice 2? choice 2.",0.6132264529058116
0.46999362111091614,1,cf,0,1,"Consider the following example: ‘‘‘The animal species became endangered.’’’ Choice 1: Their habitat was destroyed. Choice 2: Their predators went extinct. Q: Which one is more likely to be the cause, choice 1 or choice 2?",choice 2,"Consider the following example: ‘‘‘The animal species became endangered.’’’ Choice 1: Their habitat was destroyed. Choice 2: Their predators went extinct. Q: Which one is more likely to be the cause, choice 1 or choice 2? choice 2.",0.6152304609218436
0.4724245071411133,1,cf,0,1,"Consider the following example: ‘‘‘The father shut off the children's television.’’’ Choice 1: It was bedtime for the children. Choice 2: The children were watching cartoons. Q: Which one is more likely to be the cause, choice 1 or choice 2?",choice 2,"Consider the following example: ‘‘‘The father shut off the children's television.’’’ Choice 1: It was bedtime for the children. Choice 2: The children were watching cartoons. Q: Which one is more likely to be the cause, choice 1 or choice 2? choice 2.",0.6172344689378757
0.48230603337287903,0,base,1,1,"Consider the following example: ‘‘‘The man took a shower.’’’ Choice 1: He was sweaty from working out. Choice 2: He opened a new bar of soap. Q: Which one is more likely to be the cause, choice 1 or choice 2?",choice 1,"Consider the following example: ‘‘‘The man took a shower.’’’ Choice 1: He was sweaty from working out. Choice 2: He opened a new bar of soap. Q: Which one is more likely to be the cause, choice 1 or choice 2? choice 1.",0.6192384769539078
0.4911491274833679,1,cf,1,0,"Consider the following example: ‘‘‘The man's watch was broken.’’’ Choice 1: He waited at the bus stop. Choice 2: He asked a stranger for the time. Q: Which one is more likely to be the effect, choice 1 or choice 2?",choice 2,"Consider the following example: ‘‘‘The man's watch was broken.’’’ Choice 1: He waited at the bus stop. Choice 2: He asked a stranger for the time. Q: Which one is more likely to be the effect, choice 1 or choice 2? choice 2.",0.6212424849699398
0.4953399896621704,0,base,1,1,"Consider the following example: ‘‘‘I came upon a puddle on the sidewalk.’’’ Choice 1: I leapt over the puddle. Choice 2: I played in the puddle. Q: Which one is more likely to be the effect, choice 1 or choice 2?",choice 1,"Consider the following example: ‘‘‘I came upon a puddle on the sidewalk.’’’ Choice 1: I leapt over the puddle. Choice 2: I played in the puddle. Q: Which one is more likely to be the effect, choice 1 or choice 2? choice 1.",0.6232464929859719
0.521864652633667,0,base,0,0,"Consider the following example: ‘‘‘The boaters set off a flare.’’’ Choice 1: Their boat drifted to shore. Choice 2: Their boat was rescued. Q: Which one is more likely to be the effect, choice 1 or choice 2?",choice 1,"Consider the following example: ‘‘‘The boaters set off a flare.’’’ Choice 1: Their boat drifted to shore. Choice 2: Their boat was rescued. Q: Which one is more likely to be the effect, choice 1 or choice 2? choice 1.",0.625250501002004
0.5308933258056641,1,cf,1,0,"Consider the following example: ‘‘‘The teacher assigned homework to the students.’’’ Choice 1: The students passed notes. Choice 2: The students groaned. Q: Which one is more likely to be the effect, choice 1 or choice 2?",choice 2,"Consider the following example: ‘‘‘The teacher assigned homework to the students.’’’ Choice 1: The students passed notes. Choice 2: The students groaned. Q: Which one is more likely to be the effect, choice 1 or choice 2? choice 2.",0.627254509018036
0.5367342233657837,0,base,1,1,"Consider the following example: ‘‘‘The archeologist dug up the site.’’’ Choice 1: She excavated ancient artifacts. Choice 2: She read about the site's history. Q: Which one is more likely to be the effect, choice 1 or choice 2?",choice 1,"Consider the following example: ‘‘‘The archeologist dug up the site.’’’ Choice 1: She excavated ancient artifacts. Choice 2: She read about the site's history. Q: Which one is more likely to be the effect, choice 1 or choice 2? choice 1.",0.6292585170340681
0.5368674993515015,1,cf,0,1,"Consider the following example: ‘‘‘The dust came off the desk.’’’ Choice 1: I wiped the desk with a cloth. Choice 2: I removed the books from the desk. Q: Which one is more likely to be the cause, choice 1 or choice 2?",choice 2,"Consider the following example: ‘‘‘The dust came off the desk.’’’ Choice 1: I wiped the desk with a cloth. Choice 2: I removed the books from the desk. Q: Which one is more likely to be the cause, choice 1 or choice 2? choice 2.",0.6312625250501002
0.5373837947845459,1,cf,1,0,"Consider the following example: ‘‘‘The elderly woman suffered a stroke.’’’ Choice 1: The woman's daughter came over to clean her house. Choice 2: The woman's daughter moved in to take care of her. Q: Which one is more likely to be the effect, choice 1 or choice 2?",choice 2,"Consider the following example: ‘‘‘The elderly woman suffered a stroke.’’’ Choice 1: The woman's daughter came over to clean her house. Choice 2: The woman's daughter moved in to take care of her. Q: Which one is more likely to be the effect, choice 1 or choice 2? choice 2.",0.6332665330661322
0.5556864738464355,1,cf,1,0,"Consider the following example: ‘‘‘The parents left their children with a babysitter.’’’ Choice 1: Their youngest child started attending preschool. Choice 2: They made plans to celebrate their anniversary. Q: Which one is more likely to be the cause, choice 1 or choice 2?",choice 2,"Consider the following example: ‘‘‘The parents left their children with a babysitter.’’’ Choice 1: Their youngest child started attending preschool. Choice 2: They made plans to celebrate their anniversary. Q: Which one is more likely to be the cause, choice 1 or choice 2? choice 2.",0.6352705410821643
0.5698643326759338,0,base,1,1,"Consider the following example: ‘‘‘The rocket flew up into the sky.’’’ Choice 1: The girl launched it. Choice 2: The girl designed it. Q: Which one is more likely to be the cause, choice 1 or choice 2?",choice 1,"Consider the following example: ‘‘‘The rocket flew up into the sky.’’’ Choice 1: The girl launched it. Choice 2: The girl designed it. Q: Which one is more likely to be the cause, choice 1 or choice 2? choice 1.",0.6372745490981964
0.5749668478965759,1,cf,1,0,"Consider the following example: ‘‘‘The woman covered her mouth with her hand.’’’ Choice 1: She exhaled. Choice 2: She sneezed. Q: Which one is more likely to be the cause, choice 1 or choice 2?",choice 2,"Consider the following example: ‘‘‘The woman covered her mouth with her hand.’’’ Choice 1: She exhaled. Choice 2: She sneezed. Q: Which one is more likely to be the cause, choice 1 or choice 2? choice 2.",0.6392785571142284
0.5858625173568726,0,base,1,1,"Consider the following example: ‘‘‘The host cancelled the party.’’’ Choice 1: She was certain she had the flu. Choice 2: She worried she would catch the flu. Q: Which one is more likely to be the cause, choice 1 or choice 2?",choice 1,"Consider the following example: ‘‘‘The host cancelled the party.’’’ Choice 1: She was certain she had the flu. Choice 2: She worried she would catch the flu. Q: Which one is more likely to be the cause, choice 1 or choice 2? choice 1.",0.6412825651302605
0.5860066413879395,0,base,0,0,"Consider the following example: ‘‘‘The man drank water with his meal.’’’ Choice 1: His meal was cold. Choice 2: His meal was spicy. Q: Which one is more likely to be the cause, choice 1 or choice 2?",choice 1,"Consider the following example: ‘‘‘The man drank water with his meal.’’’ Choice 1: His meal was cold. Choice 2: His meal was spicy. Q: Which one is more likely to be the cause, choice 1 or choice 2? choice 1.",0.6432865731462926
0.5948382616043091,1,cf,0,1,"Consider the following example: ‘‘‘The lock opened.’’’ Choice 1: I turned the key in the lock. Choice 2: I made a duplicate of the key. Q: Which one is more likely to be the cause, choice 1 or choice 2?",choice 2,"Consider the following example: ‘‘‘The lock opened.’’’ Choice 1: I turned the key in the lock. Choice 2: I made a duplicate of the key. Q: Which one is more likely to be the cause, choice 1 or choice 2? choice 2.",0.6452905811623246
0.5972796678543091,0,base,1,1,"Consider the following example: ‘‘‘The woman had an infection.’’’ Choice 1: She took antibiotics. Choice 2: She washed her hands. Q: Which one is more likely to be the effect, choice 1 or choice 2?",choice 1,"Consider the following example: ‘‘‘The woman had an infection.’’’ Choice 1: She took antibiotics. Choice 2: She washed her hands. Q: Which one is more likely to be the effect, choice 1 or choice 2? choice 1.",0.6472945891783567
0.6005976796150208,0,base,0,0,"Consider the following example: ‘‘‘The mother called an ambulance.’’’ Choice 1: Her son lost his cat. Choice 2: Her son fell out of his bed. Q: Which one is more likely to be the cause, choice 1 or choice 2?",choice 1,"Consider the following example: ‘‘‘The mother called an ambulance.’’’ Choice 1: Her son lost his cat. Choice 2: Her son fell out of his bed. Q: Which one is more likely to be the cause, choice 1 or choice 2? choice 1.",0.6492985971943888
0.6008536219596863,1,cf,0,1,"Consider the following example: ‘‘‘The bureau drawers were cluttered.’’’ Choice 1: I threw away unnecessary contents. Choice 2: I locked the drawers shut. Q: Which one is more likely to be the effect, choice 1 or choice 2?",choice 2,"Consider the following example: ‘‘‘The bureau drawers were cluttered.’’’ Choice 1: I threw away unnecessary contents. Choice 2: I locked the drawers shut. Q: Which one is more likely to be the effect, choice 1 or choice 2? choice 2.",0.6513026052104208
0.607221245765686,0,base,1,1,"Consider the following example: ‘‘‘I stood on one foot.’’’ Choice 1: My balance wavered. Choice 2: I kneeled down. Q: Which one is more likely to be the effect, choice 1 or choice 2?",choice 1,"Consider the following example: ‘‘‘I stood on one foot.’’’ Choice 1: My balance wavered. Choice 2: I kneeled down. Q: Which one is more likely to be the effect, choice 1 or choice 2? choice 1.",0.6533066132264529
0.6121816635131836,0,base,0,0,"Consider the following example: ‘‘‘The fugitive hid from the police.’’’ Choice 1: The police dropped the case. Choice 2: The fugitive remained at large. Q: Which one is more likely to be the effect, choice 1 or choice 2?",choice 1,"Consider the following example: ‘‘‘The fugitive hid from the police.’’’ Choice 1: The police dropped the case. Choice 2: The fugitive remained at large. Q: Which one is more likely to be the effect, choice 1 or choice 2? choice 1.",0.655310621242485
0.6125551462173462,0,base,0,0,"Consider the following example: ‘‘‘We found empty seats in the theatre.’’’ Choice 1: The film began. Choice 2: We sat down. Q: Which one is more likely to be the effect, choice 1 or choice 2?",choice 1,"Consider the following example: ‘‘‘We found empty seats in the theatre.’’’ Choice 1: The film began. Choice 2: We sat down. Q: Which one is more likely to be the effect, choice 1 or choice 2? choice 1.",0.657314629258517
0.6125996112823486,1,cf,0,1,"Consider the following example: ‘‘‘The student flaunted his test grade to his classmates.’’’ Choice 1: He received a perfect score. Choice 2: He feigned interest in the class. Q: Which one is more likely to be the cause, choice 1 or choice 2?",choice 2,"Consider the following example: ‘‘‘The student flaunted his test grade to his classmates.’’’ Choice 1: He received a perfect score. Choice 2: He feigned interest in the class. Q: Which one is more likely to be the cause, choice 1 or choice 2? choice 2.",0.6593186372745491
0.6127648949623108,0,base,1,1,"Consider the following example: ‘‘‘The runner wore shorts.’’’ Choice 1: The forecast predicted high temperatures. Choice 2: She planned to run along the beach. Q: Which one is more likely to be the cause, choice 1 or choice 2?",choice 1,"Consider the following example: ‘‘‘The runner wore shorts.’’’ Choice 1: The forecast predicted high temperatures. Choice 2: She planned to run along the beach. Q: Which one is more likely to be the cause, choice 1 or choice 2? choice 1.",0.6613226452905812
0.6136868596076965,0,base,1,1,"Consider the following example: ‘‘‘The woman refused a second beer.’’’ Choice 1: She was the designated driver for the night. Choice 2: She was familiar with the bartender. Q: Which one is more likely to be the cause, choice 1 or choice 2?",choice 1,"Consider the following example: ‘‘‘The woman refused a second beer.’’’ Choice 1: She was the designated driver for the night. Choice 2: She was familiar with the bartender. Q: Which one is more likely to be the cause, choice 1 or choice 2? choice 1.",0.6633266533066132
0.623052179813385,1,cf,1,0,"Consider the following example: ‘‘‘The woman felt ashamed of scar on her face.’’’ Choice 1: She explained the scar to strangers. Choice 2: She hid the scar with makeup. Q: Which one is more likely to be the effect, choice 1 or choice 2?",choice 2,"Consider the following example: ‘‘‘The woman felt ashamed of scar on her face.’’’ Choice 1: She explained the scar to strangers. Choice 2: She hid the scar with makeup. Q: Which one is more likely to be the effect, choice 1 or choice 2? choice 2.",0.6653306613226453
0.6413241624832153,0,base,1,1,"Consider the following example: ‘‘‘The driver slammed on his brakes.’’’ Choice 1: A deer appeared on the road. Choice 2: The car radio shut off. Q: Which one is more likely to be the cause, choice 1 or choice 2?",choice 1,"Consider the following example: ‘‘‘The driver slammed on his brakes.’’’ Choice 1: A deer appeared on the road. Choice 2: The car radio shut off. Q: Which one is more likely to be the cause, choice 1 or choice 2? choice 1.",0.6673346693386774
0.6468750238418579,0,base,1,1,"Consider the following example: ‘‘‘The man went away for the weekend.’’’ Choice 1: He wanted to relax. Choice 2: He felt content. Q: Which one is more likely to be the cause, choice 1 or choice 2?",choice 1,"Consider the following example: ‘‘‘The man went away for the weekend.’’’ Choice 1: He wanted to relax. Choice 2: He felt content. Q: Which one is more likely to be the cause, choice 1 or choice 2? choice 1.",0.6693386773547094
0.649162232875824,1,cf,0,1,"Consider the following example: ‘‘‘The children knocked over a lamp.’’’ Choice 1: They had a pillow fight. Choice 2: They jumped on the bed. Q: Which one is more likely to be the cause, choice 1 or choice 2?",choice 2,"Consider the following example: ‘‘‘The children knocked over a lamp.’’’ Choice 1: They had a pillow fight. Choice 2: They jumped on the bed. Q: Which one is more likely to be the cause, choice 1 or choice 2? choice 2.",0.6713426853707415
0.6546418070793152,1,cf,0,1,"Consider the following example: ‘‘‘The woman's date wanted to look like a gentleman.’’’ Choice 1: He opened the door for her. Choice 2: He asked her if she liked sushi. Q: Which one is more likely to be the effect, choice 1 or choice 2?",choice 2,"Consider the following example: ‘‘‘The woman's date wanted to look like a gentleman.’’’ Choice 1: He opened the door for her. Choice 2: He asked her if she liked sushi. Q: Which one is more likely to be the effect, choice 1 or choice 2? choice 2.",0.6733466933867736
0.655823290348053,0,base,1,1,"Consider the following example: ‘‘‘A fistfight broke out in the hall of the school.’’’ Choice 1: The principal suspended the students involved. Choice 2: The principal called off classes for the day. Q: Which one is more likely to be the effect, choice 1 or choice 2?",choice 1,"Consider the following example: ‘‘‘A fistfight broke out in the hall of the school.’’’ Choice 1: The principal suspended the students involved. Choice 2: The principal called off classes for the day. Q: Which one is more likely to be the effect, choice 1 or choice 2? choice 1.",0.6753507014028056
0.6611058712005615,0,base,1,1,"Consider the following example: ‘‘‘My stomach growled.’’’ Choice 1: I forgot to eat breakfast. Choice 2: I was full from breakfast. Q: Which one is more likely to be the cause, choice 1 or choice 2?",choice 1,"Consider the following example: ‘‘‘My stomach growled.’’’ Choice 1: I forgot to eat breakfast. Choice 2: I was full from breakfast. Q: Which one is more likely to be the cause, choice 1 or choice 2? choice 1.",0.6773547094188377
0.668302059173584,1,cf,1,0,"Consider the following example: ‘‘‘My ears were ringing.’’’ Choice 1: I went to a museum. Choice 2: I went to a concert. Q: Which one is more likely to be the cause, choice 1 or choice 2?",choice 2,"Consider the following example: ‘‘‘My ears were ringing.’’’ Choice 1: I went to a museum. Choice 2: I went to a concert. Q: Which one is more likely to be the cause, choice 1 or choice 2? choice 2.",0.6793587174348698
0.6689067482948303,1,cf,1,0,"Consider the following example: ‘‘‘The man craved a cigarette.’’’ Choice 1: His family urged him to quit smoking. Choice 2: He was addicted to nicotine. Q: Which one is more likely to be the cause, choice 1 or choice 2?",choice 2,"Consider the following example: ‘‘‘The man craved a cigarette.’’’ Choice 1: His family urged him to quit smoking. Choice 2: He was addicted to nicotine. Q: Which one is more likely to be the cause, choice 1 or choice 2? choice 2.",0.6813627254509018
0.6774777173995972,0,base,1,1,"Consider the following example: ‘‘‘The girl received a trophy.’’’ Choice 1: She won a spelling bee. Choice 2: She made a new friend. Q: Which one is more likely to be the cause, choice 1 or choice 2?",choice 1,"Consider the following example: ‘‘‘The girl received a trophy.’’’ Choice 1: She won a spelling bee. Choice 2: She made a new friend. Q: Which one is more likely to be the cause, choice 1 or choice 2? choice 1.",0.6833667334669339
0.6803839802742004,1,cf,0,1,"Consider the following example: ‘‘‘The hospital sent the patient home.’’’ Choice 1: The patient's symptoms cleared up. Choice 2: The patient's family visited him. Q: Which one is more likely to be the cause, choice 1 or choice 2?",choice 2,"Consider the following example: ‘‘‘The hospital sent the patient home.’’’ Choice 1: The patient's symptoms cleared up. Choice 2: The patient's family visited him. Q: Which one is more likely to be the cause, choice 1 or choice 2? choice 2.",0.685370741482966
0.6847280263900757,0,base,0,0,"Consider the following example: ‘‘‘The driver turned on the car's headlights.’’’ Choice 1: He heard thunder. Choice 2: The sun went down. Q: Which one is more likely to be the cause, choice 1 or choice 2?",choice 1,"Consider the following example: ‘‘‘The driver turned on the car's headlights.’’’ Choice 1: He heard thunder. Choice 2: The sun went down. Q: Which one is more likely to be the cause, choice 1 or choice 2? choice 1.",0.687374749498998
0.7026420831680298,1,cf,0,1,"Consider the following example: ‘‘‘The gardener pulled the weeds.’’’ Choice 1: The weeds came out of the soil. Choice 2: The weeds produced seeds. Q: Which one is more likely to be the effect, choice 1 or choice 2?",choice 2,"Consider the following example: ‘‘‘The gardener pulled the weeds.’’’ Choice 1: The weeds came out of the soil. Choice 2: The weeds produced seeds. Q: Which one is more likely to be the effect, choice 1 or choice 2? choice 2.",0.6893787575150301
0.7048046588897705,0,base,0,0,"Consider the following example: ‘‘‘I pushed the pendulum.’’’ Choice 1: It slowed to a stop. Choice 2: It swung back and forth. Q: Which one is more likely to be the effect, choice 1 or choice 2?",choice 1,"Consider the following example: ‘‘‘I pushed the pendulum.’’’ Choice 1: It slowed to a stop. Choice 2: It swung back and forth. Q: Which one is more likely to be the effect, choice 1 or choice 2? choice 1.",0.6913827655310621
0.7053707838058472,0,base,1,1,"Consider the following example: ‘‘‘The ring on my finger got stuck.’’’ Choice 1: My finger swelled. Choice 2: I chipped my fingernail. Q: Which one is more likely to be the cause, choice 1 or choice 2?",choice 1,"Consider the following example: ‘‘‘The ring on my finger got stuck.’’’ Choice 1: My finger swelled. Choice 2: I chipped my fingernail. Q: Which one is more likely to be the cause, choice 1 or choice 2? choice 1.",0.6933867735470942
0.7184885740280151,0,base,0,0,"Consider the following example: ‘‘‘The driver got a flat tire.’’’ Choice 1: He went over the speed limit. Choice 2: He ran over a nail. Q: Which one is more likely to be the cause, choice 1 or choice 2?",choice 1,"Consider the following example: ‘‘‘The driver got a flat tire.’’’ Choice 1: He went over the speed limit. Choice 2: He ran over a nail. Q: Which one is more likely to be the cause, choice 1 or choice 2? choice 1.",0.6953907815631263
0.7200006246566772,1,cf,0,1,"Consider the following example: ‘‘‘Air pollution in the city worsened.’’’ Choice 1: Factories increased their production. Choice 2: Factories shut down. Q: Which one is more likely to be the cause, choice 1 or choice 2?",choice 2,"Consider the following example: ‘‘‘Air pollution in the city worsened.’’’ Choice 1: Factories increased their production. Choice 2: Factories shut down. Q: Which one is more likely to be the cause, choice 1 or choice 2? choice 2.",0.6973947895791583
0.7221993803977966,0,base,0,0,"Consider the following example: ‘‘‘The girl went down the hill on her bike.’’’ Choice 1: Her bike swerved. Choice 2: Her bike sped up. Q: Which one is more likely to be the effect, choice 1 or choice 2?",choice 1,"Consider the following example: ‘‘‘The girl went down the hill on her bike.’’’ Choice 1: Her bike swerved. Choice 2: Her bike sped up. Q: Which one is more likely to be the effect, choice 1 or choice 2? choice 1.",0.6993987975951904
0.7350290417671204,0,base,1,1,"Consider the following example: ‘‘‘The police officer pulled over the celebrity.’’’ Choice 1: The celebrity offered the officer a bribe. Choice 2: The celebrity sued the police officer. Q: Which one is more likely to be the effect, choice 1 or choice 2?",choice 1,"Consider the following example: ‘‘‘The police officer pulled over the celebrity.’’’ Choice 1: The celebrity offered the officer a bribe. Choice 2: The celebrity sued the police officer. Q: Which one is more likely to be the effect, choice 1 or choice 2? choice 1.",0.7014028056112225
0.7380161285400391,0,base,0,0,"Consider the following example: ‘‘‘The parents recognized their daughter's creativity.’’’ Choice 1: They taught her how to ride a bike. Choice 2: They encouraged her to become an artist. Q: Which one is more likely to be the effect, choice 1 or choice 2?",choice 1,"Consider the following example: ‘‘‘The parents recognized their daughter's creativity.’’’ Choice 1: They taught her how to ride a bike. Choice 2: They encouraged her to become an artist. Q: Which one is more likely to be the effect, choice 1 or choice 2? choice 1.",0.7034068136272545
0.7386175394058228,1,cf,1,0,"Consider the following example: ‘‘‘I misplaced my wallet.’’’ Choice 1: I retrieved my phone. Choice 2: I retraced my steps. Q: Which one is more likely to be the effect, choice 1 or choice 2?",choice 2,"Consider the following example: ‘‘‘I misplaced my wallet.’’’ Choice 1: I retrieved my phone. Choice 2: I retraced my steps. Q: Which one is more likely to be the effect, choice 1 or choice 2? choice 2.",0.7054108216432866
0.7589917182922363,1,cf,0,1,"Consider the following example: ‘‘‘The truck crashed into the motorcycle on the bridge.’’’ Choice 1: The motorcyclist died. Choice 2: The bridge collapsed. Q: Which one is more likely to be the effect, choice 1 or choice 2?",choice 2,"Consider the following example: ‘‘‘The truck crashed into the motorcycle on the bridge.’’’ Choice 1: The motorcyclist died. Choice 2: The bridge collapsed. Q: Which one is more likely to be the effect, choice 1 or choice 2? choice 2.",0.7074148296593187
0.7900885343551636,0,base,1,1,"Consider the following example: ‘‘‘The student forgot to do her assignment.’’’ Choice 1: She made up an excuse to tell the teacher. Choice 2: The teacher promoted her to the next grade. Q: Which one is more likely to be the effect, choice 1 or choice 2?",choice 1,"Consider the following example: ‘‘‘The student forgot to do her assignment.’’’ Choice 1: She made up an excuse to tell the teacher. Choice 2: The teacher promoted her to the next grade. Q: Which one is more likely to be the effect, choice 1 or choice 2? choice 1.",0.7094188376753507
0.7904561758041382,0,base,1,1,"Consider the following example: ‘‘‘The retail shop shut down.’’’ Choice 1: Its sales were lagging. Choice 2: It renewed its lease. Q: Which one is more likely to be the cause, choice 1 or choice 2?",choice 1,"Consider the following example: ‘‘‘The retail shop shut down.’’’ Choice 1: Its sales were lagging. Choice 2: It renewed its lease. Q: Which one is more likely to be the cause, choice 1 or choice 2? choice 1.",0.7114228456913828
0.7972813844680786,1,cf,0,1,"Consider the following example: ‘‘‘The teacher took roll.’’’ Choice 1: She identified the students that were absent. Choice 2: She gave her students a pop quiz. Q: Which one is more likely to be the effect, choice 1 or choice 2?",choice 2,"Consider the following example: ‘‘‘The teacher took roll.’’’ Choice 1: She identified the students that were absent. Choice 2: She gave her students a pop quiz. Q: Which one is more likely to be the effect, choice 1 or choice 2? choice 2.",0.7134268537074149
0.7972937822341919,0,base,0,0,"Consider the following example: ‘‘‘The milk stayed cold.’’’ Choice 1: It was pasteurized. Choice 2: I stored it in the refrigerator. Q: Which one is more likely to be the cause, choice 1 or choice 2?",choice 1,"Consider the following example: ‘‘‘The milk stayed cold.’’’ Choice 1: It was pasteurized. Choice 2: I stored it in the refrigerator. Q: Which one is more likely to be the cause, choice 1 or choice 2? choice 1.",0.7154308617234469
0.8065991997718811,1,cf,1,0,"Consider the following example: ‘‘‘The child kicked the stack of blocks.’’’ Choice 1: The stack towered over the boy's head. Choice 2: The blocks scattered all over the rug. Q: Which one is more likely to be the effect, choice 1 or choice 2?",choice 2,"Consider the following example: ‘‘‘The child kicked the stack of blocks.’’’ Choice 1: The stack towered over the boy's head. Choice 2: The blocks scattered all over the rug. Q: Which one is more likely to be the effect, choice 1 or choice 2? choice 2.",0.717434869739479
0.8087992668151855,0,base,0,0,"Consider the following example: ‘‘‘The seasons changed from summer to autumn.’’’ Choice 1: People evacuated their homes. Choice 2: Leaves fell from the trees. Q: Which one is more likely to be the effect, choice 1 or choice 2?",choice 1,"Consider the following example: ‘‘‘The seasons changed from summer to autumn.’’’ Choice 1: People evacuated their homes. Choice 2: Leaves fell from the trees. Q: Which one is more likely to be the effect, choice 1 or choice 2? choice 1.",0.7194388777555111
0.8199800252914429,1,cf,0,1,"Consider the following example: ‘‘‘The woman had a religious awakening.’’’ Choice 1: She began going to church. Choice 2: She began travelling abroad. Q: Which one is more likely to be the effect, choice 1 or choice 2?",choice 2,"Consider the following example: ‘‘‘The woman had a religious awakening.’’’ Choice 1: She began going to church. Choice 2: She began travelling abroad. Q: Which one is more likely to be the effect, choice 1 or choice 2? choice 2.",0.7214428857715431
0.8265893459320068,1,cf,0,1,"Consider the following example: ‘‘‘The woman became famous.’’’ Choice 1: Photographers followed her. Choice 2: Her family avoided her. Q: Which one is more likely to be the effect, choice 1 or choice 2?",choice 2,"Consider the following example: ‘‘‘The woman became famous.’’’ Choice 1: Photographers followed her. Choice 2: Her family avoided her. Q: Which one is more likely to be the effect, choice 1 or choice 2? choice 2.",0.7234468937875751
0.8333508968353271,0,base,1,1,"Consider the following example: ‘‘‘The offender violated parole.’’’ Choice 1: She was sent back to jail. Choice 2: She stole money from a church. Q: Which one is more likely to be the effect, choice 1 or choice 2?",choice 1,"Consider the following example: ‘‘‘The offender violated parole.’’’ Choice 1: She was sent back to jail. Choice 2: She stole money from a church. Q: Which one is more likely to be the effect, choice 1 or choice 2? choice 1.",0.7254509018036072
0.8362964987754822,1,cf,1,0,"Consider the following example: ‘‘‘The vehicles travelled slowly.’’’ Choice 1: It was cloudy. Choice 2: It was foggy. Q: Which one is more likely to be the cause, choice 1 or choice 2?",choice 2,"Consider the following example: ‘‘‘The vehicles travelled slowly.’’’ Choice 1: It was cloudy. Choice 2: It was foggy. Q: Which one is more likely to be the cause, choice 1 or choice 2? choice 2.",0.7274549098196392
0.8378407955169678,1,cf,1,0,"Consider the following example: ‘‘‘The woman sensed a pleasant smell.’’’ Choice 1: She remembered to take her medication. Choice 2: She was reminded of her childhood. Q: Which one is more likely to be the effect, choice 1 or choice 2?",choice 2,"Consider the following example: ‘‘‘The woman sensed a pleasant smell.’’’ Choice 1: She remembered to take her medication. Choice 2: She was reminded of her childhood. Q: Which one is more likely to be the effect, choice 1 or choice 2? choice 2.",0.7294589178356713
0.8396940231323242,0,base,0,0,"Consider the following example: ‘‘‘The woman complimented the man.’’’ Choice 1: He sneezed. Choice 2: He blushed. Q: Which one is more likely to be the effect, choice 1 or choice 2?",choice 1,"Consider the following example: ‘‘‘The woman complimented the man.’’’ Choice 1: He sneezed. Choice 2: He blushed. Q: Which one is more likely to be the effect, choice 1 or choice 2? choice 1.",0.7314629258517034
0.8519986867904663,1,cf,0,1,"Consider the following example: ‘‘‘The man was lost.’’’ Choice 1: He asked for directions. Choice 2: He drew a map. Q: Which one is more likely to be the effect, choice 1 or choice 2?",choice 2,"Consider the following example: ‘‘‘The man was lost.’’’ Choice 1: He asked for directions. Choice 2: He drew a map. Q: Which one is more likely to be the effect, choice 1 or choice 2? choice 2.",0.7334669338677354
0.9023257493972778,0,base,1,1,"Consider the following example: ‘‘‘The girl applied the scissors to the paper.’’’ Choice 1: The paper sliced apart. Choice 2: The paper crinkled. Q: Which one is more likely to be the effect, choice 1 or choice 2?",choice 1,"Consider the following example: ‘‘‘The girl applied the scissors to the paper.’’’ Choice 1: The paper sliced apart. Choice 2: The paper crinkled. Q: Which one is more likely to be the effect, choice 1 or choice 2? choice 1.",0.7354709418837675
0.9071336388587952,1,cf,0,1,"Consider the following example: ‘‘‘The boy's hands were shaking.’’’ Choice 1: He planned to ask the girl out. Choice 2: His palms were cold and sweaty. Q: Which one is more likely to be the cause, choice 1 or choice 2?",choice 2,"Consider the following example: ‘‘‘The boy's hands were shaking.’’’ Choice 1: He planned to ask the girl out. Choice 2: His palms were cold and sweaty. Q: Which one is more likely to be the cause, choice 1 or choice 2? choice 2.",0.7374749498997996
0.9129737615585327,1,cf,0,1,"Consider the following example: ‘‘‘I received a package in the mail.’’’ Choice 1: The package triggered my curiosity. Choice 2: I took the package to the post office. Q: Which one is more likely to be the effect, choice 1 or choice 2?",choice 2,"Consider the following example: ‘‘‘I received a package in the mail.’’’ Choice 1: The package triggered my curiosity. Choice 2: I took the package to the post office. Q: Which one is more likely to be the effect, choice 1 or choice 2? choice 2.",0.7394789579158316
0.9166138768196106,0,base,0,0,"Consider the following example: ‘‘‘I approached the man.’’’ Choice 1: He looked busy. Choice 2: He looked familiar. Q: Which one is more likely to be the cause, choice 1 or choice 2?",choice 1,"Consider the following example: ‘‘‘I approached the man.’’’ Choice 1: He looked busy. Choice 2: He looked familiar. Q: Which one is more likely to be the cause, choice 1 or choice 2? choice 1.",0.7414829659318637
0.9705070853233337,1,cf,1,0,"Consider the following example: ‘‘‘The woman's eyeglasses fogged up.’’’ Choice 1: She reclined by the pool. Choice 2: She entered the sauna. Q: Which one is more likely to be the cause, choice 1 or choice 2?",choice 2,"Consider the following example: ‘‘‘The woman's eyeglasses fogged up.’’’ Choice 1: She reclined by the pool. Choice 2: She entered the sauna. Q: Which one is more likely to be the cause, choice 1 or choice 2? choice 2.",0.7434869739478958
0.973540186882019,1,cf,0,1,"Consider the following example: ‘‘‘The jewelry thieves were caught.’’’ Choice 1: The stolen jewelry was returned to its owners. Choice 2: The cost of the stolen jewelry was calculated. Q: Which one is more likely to be the effect, choice 1 or choice 2?",choice 2,"Consider the following example: ‘‘‘The jewelry thieves were caught.’’’ Choice 1: The stolen jewelry was returned to its owners. Choice 2: The cost of the stolen jewelry was calculated. Q: Which one is more likely to be the effect, choice 1 or choice 2? choice 2.",0.7454909819639278
0.9739933013916016,1,cf,0,1,"Consider the following example: ‘‘‘The girl pushed herself off the top of the slide.’’’ Choice 1: She glided down the slide. Choice 2: She crawled up the slide. Q: Which one is more likely to be the effect, choice 1 or choice 2?",choice 2,"Consider the following example: ‘‘‘The girl pushed herself off the top of the slide.’’’ Choice 1: She glided down the slide. Choice 2: She crawled up the slide. Q: Which one is more likely to be the effect, choice 1 or choice 2? choice 2.",0.7474949899799599
0.9750200510025024,1,cf,0,1,"Consider the following example: ‘‘‘The couple got engaged.’’’ Choice 1: They planned a wedding. Choice 2: They took some time apart. Q: Which one is more likely to be the effect, choice 1 or choice 2?",choice 2,"Consider the following example: ‘‘‘The couple got engaged.’’’ Choice 1: They planned a wedding. Choice 2: They took some time apart. Q: Which one is more likely to be the effect, choice 1 or choice 2? choice 2.",0.749498997995992
0.9795498251914978,0,base,0,0,"Consider the following example: ‘‘‘The driver rotated the steering wheel.’’’ Choice 1: The car halted. Choice 2: The car turned. Q: Which one is more likely to be the effect, choice 1 or choice 2?",choice 1,"Consider the following example: ‘‘‘The driver rotated the steering wheel.’’’ Choice 1: The car halted. Choice 2: The car turned. Q: Which one is more likely to be the effect, choice 1 or choice 2? choice 1.",0.751503006012024
1.0000417232513428,1,cf,1,0,"Consider the following example: ‘‘‘The boy tuned the radio.’’’ Choice 1: The station was playing rock music. Choice 2: The station was coming in with static. Q: Which one is more likely to be the cause, choice 1 or choice 2?",choice 2,"Consider the following example: ‘‘‘The boy tuned the radio.’’’ Choice 1: The station was playing rock music. Choice 2: The station was coming in with static. Q: Which one is more likely to be the cause, choice 1 or choice 2? choice 2.",0.7535070140280561
1.015468955039978,0,base,0,0,"Consider the following example: ‘‘‘The administrator cleared her throat.’’’ Choice 1: The meeting was postponed. Choice 2: The meeting commenced. Q: Which one is more likely to be the effect, choice 1 or choice 2?",choice 1,"Consider the following example: ‘‘‘The administrator cleared her throat.’’’ Choice 1: The meeting was postponed. Choice 2: The meeting commenced. Q: Which one is more likely to be the effect, choice 1 or choice 2? choice 1.",0.7555110220440882
1.0257279872894287,0,base,1,1,"Consider the following example: ‘‘‘The man held his breath.’’’ Choice 1: He went underwater. Choice 2: He treaded water. Q: Which one is more likely to be the cause, choice 1 or choice 2?",choice 1,"Consider the following example: ‘‘‘The man held his breath.’’’ Choice 1: He went underwater. Choice 2: He treaded water. Q: Which one is more likely to be the cause, choice 1 or choice 2? choice 1.",0.7575150300601202
1.0372371673583984,0,base,0,0,"Consider the following example: ‘‘‘The woman's purse was missing.’’’ Choice 1: It contained a lot of junk. Choice 2: She left it unsupervised. Q: Which one is more likely to be the cause, choice 1 or choice 2?",choice 1,"Consider the following example: ‘‘‘The woman's purse was missing.’’’ Choice 1: It contained a lot of junk. Choice 2: She left it unsupervised. Q: Which one is more likely to be the cause, choice 1 or choice 2? choice 1.",0.7595190380761523
1.0576006174087524,1,cf,0,1,"Consider the following example: ‘‘‘The boy felt homesick.’’’ Choice 1: He went away to camp. Choice 2: He bickered with his sister. Q: Which one is more likely to be the cause, choice 1 or choice 2?",choice 2,"Consider the following example: ‘‘‘The boy felt homesick.’’’ Choice 1: He went away to camp. Choice 2: He bickered with his sister. Q: Which one is more likely to be the cause, choice 1 or choice 2? choice 2.",0.7615230460921844
1.0623605251312256,1,cf,1,0,"Consider the following example: ‘‘‘The motorcyclist twisted the throttle.’’’ Choice 1: The motorcycle coasted to a halt. Choice 2: The motorcycle shot forward. Q: Which one is more likely to be the effect, choice 1 or choice 2?",choice 2,"Consider the following example: ‘‘‘The motorcyclist twisted the throttle.’’’ Choice 1: The motorcycle coasted to a halt. Choice 2: The motorcycle shot forward. Q: Which one is more likely to be the effect, choice 1 or choice 2? choice 2.",0.7635270541082164
1.0654757022857666,1,cf,0,1,"Consider the following example: ‘‘‘The kidnappers released the hostage.’’’ Choice 1: They accepted ransom money. Choice 2: They escaped from jail. Q: Which one is more likely to be the cause, choice 1 or choice 2?",choice 2,"Consider the following example: ‘‘‘The kidnappers released the hostage.’’’ Choice 1: They accepted ransom money. Choice 2: They escaped from jail. Q: Which one is more likely to be the cause, choice 1 or choice 2? choice 2.",0.7655310621242485
1.06785249710083,0,base,0,0,"Consider the following example: ‘‘‘I tidied up my house.’’’ Choice 1: I was swamped with work. Choice 2: I was expecting company. Q: Which one is more likely to be the cause, choice 1 or choice 2?",choice 1,"Consider the following example: ‘‘‘I tidied up my house.’’’ Choice 1: I was swamped with work. Choice 2: I was expecting company. Q: Which one is more likely to be the cause, choice 1 or choice 2? choice 1.",0.7675350701402806
1.0719976425170898,0,base,1,1,"Consider the following example: ‘‘‘The homeowners disliked their nosy neighbors.’’’ Choice 1: They built a fence around their property. Choice 2: They hosted a barbeque in their backyard. Q: Which one is more likely to be the effect, choice 1 or choice 2?",choice 1,"Consider the following example: ‘‘‘The homeowners disliked their nosy neighbors.’’’ Choice 1: They built a fence around their property. Choice 2: They hosted a barbeque in their backyard. Q: Which one is more likely to be the effect, choice 1 or choice 2? choice 1.",0.7695390781563126
1.0768033266067505,0,base,1,1,"Consider the following example: ‘‘‘The chandelier shattered on the floor.’’’ Choice 1: The chandelier dropped from the ceiling. Choice 2: The chandelier's lights flickered on and off. Q: Which one is more likely to be the cause, choice 1 or choice 2?",choice 1,"Consider the following example: ‘‘‘The chandelier shattered on the floor.’’’ Choice 1: The chandelier dropped from the ceiling. Choice 2: The chandelier's lights flickered on and off. Q: Which one is more likely to be the cause, choice 1 or choice 2? choice 1.",0.7715430861723447
1.0769193172454834,0,base,0,0,"Consider the following example: ‘‘‘The man threw his empty can onto the street.’’’ Choice 1: He was jumped from behind. Choice 2: He was fined for littering. Q: Which one is more likely to be the effect, choice 1 or choice 2?",choice 1,"Consider the following example: ‘‘‘The man threw his empty can onto the street.’’’ Choice 1: He was jumped from behind. Choice 2: He was fined for littering. Q: Which one is more likely to be the effect, choice 1 or choice 2? choice 1.",0.7735470941883767
1.0892146825790405,1,cf,0,1,"Consider the following example: ‘‘‘The librarian located the book in the stacks.’’’ Choice 1: I requested the librarian's help. Choice 2: The book was checked out. Q: Which one is more likely to be the cause, choice 1 or choice 2?",choice 2,"Consider the following example: ‘‘‘The librarian located the book in the stacks.’’’ Choice 1: I requested the librarian's help. Choice 2: The book was checked out. Q: Which one is more likely to be the cause, choice 1 or choice 2? choice 2.",0.7755511022044088
1.1171596050262451,1,cf,1,0,"Consider the following example: ‘‘‘The customer filed a complaint with the store manager.’’’ Choice 1: The sales associate undercharged the customer. Choice 2: The sales associate acted rude to the customer. Q: Which one is more likely to be the cause, choice 1 or choice 2?",choice 2,"Consider the following example: ‘‘‘The customer filed a complaint with the store manager.’’’ Choice 1: The sales associate undercharged the customer. Choice 2: The sales associate acted rude to the customer. Q: Which one is more likely to be the cause, choice 1 or choice 2? choice 2.",0.7775551102204409
1.123443603515625,0,base,0,0,"Consider the following example: ‘‘‘The chair squeaked.’’’ Choice 1: The man carried the chair to his office. Choice 2: The man scooted the chair closer to his desk. Q: Which one is more likely to be the cause, choice 1 or choice 2?",choice 1,"Consider the following example: ‘‘‘The chair squeaked.’’’ Choice 1: The man carried the chair to his office. Choice 2: The man scooted the chair closer to his desk. Q: Which one is more likely to be the cause, choice 1 or choice 2? choice 1.",0.779559118236473
1.1370888948440552,0,base,1,1,"Consider the following example: ‘‘‘The man fell unconscious.’’’ Choice 1: The assailant struck the man in the head. Choice 2: The assailant took the man's wallet. Q: Which one is more likely to be the cause, choice 1 or choice 2?",choice 1,"Consider the following example: ‘‘‘The man fell unconscious.’’’ Choice 1: The assailant struck the man in the head. Choice 2: The assailant took the man's wallet. Q: Which one is more likely to be the cause, choice 1 or choice 2? choice 1.",0.781563126252505
1.1445369720458984,0,base,0,0,"Consider the following example: ‘‘‘I ran the ice cube under warm water.’’’ Choice 1: The ice cube stuck to my fingers. Choice 2: The ice cube vanished. Q: Which one is more likely to be the effect, choice 1 or choice 2?",choice 1,"Consider the following example: ‘‘‘I ran the ice cube under warm water.’’’ Choice 1: The ice cube stuck to my fingers. Choice 2: The ice cube vanished. Q: Which one is more likely to be the effect, choice 1 or choice 2? choice 1.",0.7835671342685371
1.145961880683899,0,base,0,0,"Consider the following example: ‘‘‘The young woman was denied entrance into the bar.’’’ Choice 1: Her friends stood her up. Choice 2: She forgot her ID. Q: Which one is more likely to be the cause, choice 1 or choice 2?",choice 1,"Consider the following example: ‘‘‘The young woman was denied entrance into the bar.’’’ Choice 1: Her friends stood her up. Choice 2: She forgot her ID. Q: Which one is more likely to be the cause, choice 1 or choice 2? choice 1.",0.7855711422845691
1.1932331323623657,1,cf,0,1,"Consider the following example: ‘‘‘The balloon expanded.’’’ Choice 1: I blew into it. Choice 2: I pricked it. Q: Which one is more likely to be the cause, choice 1 or choice 2?",choice 2,"Consider the following example: ‘‘‘The balloon expanded.’’’ Choice 1: I blew into it. Choice 2: I pricked it. Q: Which one is more likely to be the cause, choice 1 or choice 2? choice 2.",0.7875751503006012
1.1949527263641357,1,cf,1,0,"Consider the following example: ‘‘‘The man got a discount on his groceries.’’’ Choice 1: He greeted the cashier. Choice 2: He used a coupon. Q: Which one is more likely to be the cause, choice 1 or choice 2?",choice 2,"Consider the following example: ‘‘‘The man got a discount on his groceries.’’’ Choice 1: He greeted the cashier. Choice 2: He used a coupon. Q: Which one is more likely to be the cause, choice 1 or choice 2? choice 2.",0.7895791583166333
1.198203206062317,1,cf,1,0,"Consider the following example: ‘‘‘The shop was closed.’’’ Choice 1: The owner was helping customers. Choice 2: The shop was undergoing renovation. Q: Which one is more likely to be the cause, choice 1 or choice 2?",choice 2,"Consider the following example: ‘‘‘The shop was closed.’’’ Choice 1: The owner was helping customers. Choice 2: The shop was undergoing renovation. Q: Which one is more likely to be the cause, choice 1 or choice 2? choice 2.",0.7915831663326653
1.2014625072479248,0,base,1,1,"Consider the following example: ‘‘‘I got distracted from my conversation with the woman.’’’ Choice 1: Everyone in the room was talking. Choice 2: The woman was telling a funny story. Q: Which one is more likely to be the cause, choice 1 or choice 2?",choice 1,"Consider the following example: ‘‘‘I got distracted from my conversation with the woman.’’’ Choice 1: Everyone in the room was talking. Choice 2: The woman was telling a funny story. Q: Which one is more likely to be the cause, choice 1 or choice 2? choice 1.",0.7935871743486974
1.2045996189117432,1,cf,0,1,"Consider the following example: ‘‘‘The grape juice fermented.’’’ Choice 1: The juice turned to wine. Choice 2: The juice evaporated. Q: Which one is more likely to be the effect, choice 1 or choice 2?",choice 2,"Consider the following example: ‘‘‘The grape juice fermented.’’’ Choice 1: The juice turned to wine. Choice 2: The juice evaporated. Q: Which one is more likely to be the effect, choice 1 or choice 2? choice 2.",0.7955911823647295
1.2061541080474854,0,base,0,0,"Consider the following example: ‘‘‘I tipped the bottle.’’’ Choice 1: The liquid in the bottle froze. Choice 2: The liquid in the bottle poured out. Q: Which one is more likely to be the effect, choice 1 or choice 2?",choice 1,"Consider the following example: ‘‘‘I tipped the bottle.’’’ Choice 1: The liquid in the bottle froze. Choice 2: The liquid in the bottle poured out. Q: Which one is more likely to be the effect, choice 1 or choice 2? choice 1.",0.7975951903807615
1.2095879316329956,1,cf,1,0,"Consider the following example: ‘‘‘The student's answer on the exam was incorrect.’’’ Choice 1: The teacher added bonus points to the student's grade. Choice 2: The teacher subtracted points off the student's grade. Q: Which one is more likely to be the effect, choice 1 or choice 2?",choice 2,"Consider the following example: ‘‘‘The student's answer on the exam was incorrect.’’’ Choice 1: The teacher added bonus points to the student's grade. Choice 2: The teacher subtracted points off the student's grade. Q: Which one is more likely to be the effect, choice 1 or choice 2? choice 2.",0.7995991983967936
1.2198824882507324,1,cf,1,0,"Consider the following example: ‘‘‘The glasses on the table spilled.’’’ Choice 1: The child drew on the table. Choice 2: The child yanked the tablecloth. Q: Which one is more likely to be the cause, choice 1 or choice 2?",choice 2,"Consider the following example: ‘‘‘The glasses on the table spilled.’’’ Choice 1: The child drew on the table. Choice 2: The child yanked the tablecloth. Q: Which one is more likely to be the cause, choice 1 or choice 2? choice 2.",0.8016032064128257
1.2229994535446167,0,base,1,1,"Consider the following example: ‘‘‘The photo albums collected dust in the attic.’’’ Choice 1: They remained untouched for years. Choice 2: The family reminisced over the photos. Q: Which one is more likely to be the cause, choice 1 or choice 2?",choice 1,"Consider the following example: ‘‘‘The photo albums collected dust in the attic.’’’ Choice 1: They remained untouched for years. Choice 2: The family reminisced over the photos. Q: Which one is more likely to be the cause, choice 1 or choice 2? choice 1.",0.8036072144288577
1.2273433208465576,1,cf,1,0,"Consider the following example: ‘‘‘The woman banished the children from her property.’’’ Choice 1: The children hit a ball into her yard. Choice 2: The children trampled through her garden. Q: Which one is more likely to be the cause, choice 1 or choice 2?",choice 2,"Consider the following example: ‘‘‘The woman banished the children from her property.’’’ Choice 1: The children hit a ball into her yard. Choice 2: The children trampled through her garden. Q: Which one is more likely to be the cause, choice 1 or choice 2? choice 2.",0.8056112224448898
1.2390434741973877,0,base,1,1,"Consider the following example: ‘‘‘The student was in a rush to get to school on time.’’’ Choice 1: He left his assignment at home. Choice 2: He brought his lunch to school. Q: Which one is more likely to be the effect, choice 1 or choice 2?",choice 1,"Consider the following example: ‘‘‘The student was in a rush to get to school on time.’’’ Choice 1: He left his assignment at home. Choice 2: He brought his lunch to school. Q: Which one is more likely to be the effect, choice 1 or choice 2? choice 1.",0.8076152304609219
1.2408466339111328,1,cf,0,1,"Consider the following example: ‘‘‘The woman felt reluctant to switch careers.’’’ Choice 1: She made a lot of money in her current occupation. Choice 2: She endured a lot of stress in her current occupation. Q: Which one is more likely to be the cause, choice 1 or choice 2?",choice 2,"Consider the following example: ‘‘‘The woman felt reluctant to switch careers.’’’ Choice 1: She made a lot of money in her current occupation. Choice 2: She endured a lot of stress in her current occupation. Q: Which one is more likely to be the cause, choice 1 or choice 2? choice 2.",0.8096192384769539
1.2458858489990234,0,base,1,1,"Consider the following example: ‘‘‘The book was deemed inappropriate for children.’’’ Choice 1: Schools banned it from its libraries. Choice 2: Teachers required students to read it. Q: Which one is more likely to be the effect, choice 1 or choice 2?",choice 1,"Consider the following example: ‘‘‘The book was deemed inappropriate for children.’’’ Choice 1: Schools banned it from its libraries. Choice 2: Teachers required students to read it. Q: Which one is more likely to be the effect, choice 1 or choice 2? choice 1.",0.811623246492986
1.2816650867462158,0,base,1,1,"Consider the following example: ‘‘‘The mother scolded her daughter.’’’ Choice 1: Her daughter burped at the kitchen table. Choice 2: Her daughter set the kitchen table. Q: Which one is more likely to be the cause, choice 1 or choice 2?",choice 1,"Consider the following example: ‘‘‘The mother scolded her daughter.’’’ Choice 1: Her daughter burped at the kitchen table. Choice 2: Her daughter set the kitchen table. Q: Which one is more likely to be the cause, choice 1 or choice 2? choice 1.",0.8136272545090181
1.2819709777832031,0,base,0,0,"Consider the following example: ‘‘‘The patient underwent the risky medical procedure.’’’ Choice 1: The procedure was costly. Choice 2: Specialists recommended the procedure. Q: Which one is more likely to be the cause, choice 1 or choice 2?",choice 1,"Consider the following example: ‘‘‘The patient underwent the risky medical procedure.’’’ Choice 1: The procedure was costly. Choice 2: Specialists recommended the procedure. Q: Which one is more likely to be the cause, choice 1 or choice 2? choice 1.",0.8156312625250501
1.3048157691955566,1,cf,0,1,"Consider the following example: ‘‘‘I rubbed the soap between my hands.’’’ Choice 1: The soap foamed. Choice 2: My hands went numb. Q: Which one is more likely to be the effect, choice 1 or choice 2?",choice 2,"Consider the following example: ‘‘‘I rubbed the soap between my hands.’’’ Choice 1: The soap foamed. Choice 2: My hands went numb. Q: Which one is more likely to be the effect, choice 1 or choice 2? choice 2.",0.8176352705410822
1.306001901626587,0,base,1,1,"Consider the following example: ‘‘‘The surfer caught the wave.’’’ Choice 1: The wave carried her to the shore. Choice 2: She paddled her board into the ocean. Q: Which one is more likely to be the effect, choice 1 or choice 2?",choice 1,"Consider the following example: ‘‘‘The surfer caught the wave.’’’ Choice 1: The wave carried her to the shore. Choice 2: She paddled her board into the ocean. Q: Which one is more likely to be the effect, choice 1 or choice 2? choice 1.",0.8196392785571143
1.3300106525421143,0,base,1,1,"Consider the following example: ‘‘‘The man wanted to get revenge on his enemy.’’’ Choice 1: The man framed his enemy for a crime. Choice 2: The man declared a truce with his enemy. Q: Which one is more likely to be the effect, choice 1 or choice 2?",choice 1,"Consider the following example: ‘‘‘The man wanted to get revenge on his enemy.’’’ Choice 1: The man framed his enemy for a crime. Choice 2: The man declared a truce with his enemy. Q: Which one is more likely to be the effect, choice 1 or choice 2? choice 1.",0.8216432865731463
1.339229702949524,1,cf,1,0,"Consider the following example: ‘‘‘My stomach hurt.’’’ Choice 1: I jogged on the treadmill. Choice 2: I ate birthday cake. Q: Which one is more likely to be the cause, choice 1 or choice 2?",choice 2,"Consider the following example: ‘‘‘My stomach hurt.’’’ Choice 1: I jogged on the treadmill. Choice 2: I ate birthday cake. Q: Which one is more likely to be the cause, choice 1 or choice 2? choice 2.",0.8236472945891784
1.3467053174972534,0,base,0,0,"Consider the following example: ‘‘‘The woman hummed to herself.’’’ Choice 1: She was nervous. Choice 2: She was in a good mood. Q: Which one is more likely to be the cause, choice 1 or choice 2?",choice 1,"Consider the following example: ‘‘‘The woman hummed to herself.’’’ Choice 1: She was nervous. Choice 2: She was in a good mood. Q: Which one is more likely to be the cause, choice 1 or choice 2? choice 1.",0.8256513026052105
1.3513853549957275,0,base,0,0,"Consider the following example: ‘‘‘The girl pushed her friend.’’’ Choice 1: Her friend choked. Choice 2: Her friend fell over. Q: Which one is more likely to be the effect, choice 1 or choice 2?",choice 1,"Consider the following example: ‘‘‘The girl pushed her friend.’’’ Choice 1: Her friend choked. Choice 2: Her friend fell over. Q: Which one is more likely to be the effect, choice 1 or choice 2? choice 1.",0.8276553106212425
1.3813986778259277,0,base,0,0,"Consider the following example: ‘‘‘The police eliminated the woman from the list of suspects.’’’ Choice 1: The police interrogated her. Choice 2: Her alibi checked out. Q: Which one is more likely to be the cause, choice 1 or choice 2?",choice 1,"Consider the following example: ‘‘‘The police eliminated the woman from the list of suspects.’’’ Choice 1: The police interrogated her. Choice 2: Her alibi checked out. Q: Which one is more likely to be the cause, choice 1 or choice 2? choice 1.",0.8296593186372746
1.3909287452697754,1,cf,0,1,"Consider the following example: ‘‘‘The clock chimed.’’’ Choice 1: It was the top of the hour. Choice 2: The hour seemed to drag on. Q: Which one is more likely to be the cause, choice 1 or choice 2?",choice 2,"Consider the following example: ‘‘‘The clock chimed.’’’ Choice 1: It was the top of the hour. Choice 2: The hour seemed to drag on. Q: Which one is more likely to be the cause, choice 1 or choice 2? choice 2.",0.8316633266533067
1.4059348106384277,0,base,0,0,"Consider the following example: ‘‘‘The man woke up with a toothache.’’’ Choice 1: He missed an appointment with the dentist. Choice 2: He made an appointment with the dentist. Q: Which one is more likely to be the effect, choice 1 or choice 2?",choice 1,"Consider the following example: ‘‘‘The man woke up with a toothache.’’’ Choice 1: He missed an appointment with the dentist. Choice 2: He made an appointment with the dentist. Q: Which one is more likely to be the effect, choice 1 or choice 2? choice 1.",0.8336673346693386
1.4096089601516724,1,cf,1,0,"Consider the following example: ‘‘‘The child disobeyed her parents.’’’ Choice 1: Her parents hugged her. Choice 2: Her parents punished her. Q: Which one is more likely to be the effect, choice 1 or choice 2?",choice 2,"Consider the following example: ‘‘‘The child disobeyed her parents.’’’ Choice 1: Her parents hugged her. Choice 2: Her parents punished her. Q: Which one is more likely to be the effect, choice 1 or choice 2? choice 2.",0.8356713426853707
1.4283843040466309,0,base,0,0,"Consider the following example: ‘‘‘The flashlight was dead.’’’ Choice 1: I took it apart. Choice 2: I replaced the batteries. Q: Which one is more likely to be the effect, choice 1 or choice 2?",choice 1,"Consider the following example: ‘‘‘The flashlight was dead.’’’ Choice 1: I took it apart. Choice 2: I replaced the batteries. Q: Which one is more likely to be the effect, choice 1 or choice 2? choice 1.",0.8376753507014028
1.4416823387145996,0,base,0,0,"Consider the following example: ‘‘‘The secretary put the caller on hold.’’’ Choice 1: The caller's phone lost reception. Choice 2: The caller waited on the line. Q: Which one is more likely to be the effect, choice 1 or choice 2?",choice 1,"Consider the following example: ‘‘‘The secretary put the caller on hold.’’’ Choice 1: The caller's phone lost reception. Choice 2: The caller waited on the line. Q: Which one is more likely to be the effect, choice 1 or choice 2? choice 1.",0.8396793587174348
1.450447916984558,1,cf,0,1,"Consider the following example: ‘‘‘The man won the lottery.’’’ Choice 1: He became rich. Choice 2: He owed money. Q: Which one is more likely to be the effect, choice 1 or choice 2?",choice 2,"Consider the following example: ‘‘‘The man won the lottery.’’’ Choice 1: He became rich. Choice 2: He owed money. Q: Which one is more likely to be the effect, choice 1 or choice 2? choice 2.",0.8416833667334669
1.4505218267440796,1,cf,1,0,"Consider the following example: ‘‘‘The detective revealed an anomaly in the case.’’’ Choice 1: He finalized his theory. Choice 2: He scrapped his theory. Q: Which one is more likely to be the effect, choice 1 or choice 2?",choice 2,"Consider the following example: ‘‘‘The detective revealed an anomaly in the case.’’’ Choice 1: He finalized his theory. Choice 2: He scrapped his theory. Q: Which one is more likely to be the effect, choice 1 or choice 2? choice 2.",0.843687374749499
1.4549134969711304,0,base,0,0,"Consider the following example: ‘‘‘The mother suspected that her son was lying.’’’ Choice 1: He refused to talk to her. Choice 2: He avoided making eye contact with her. Q: Which one is more likely to be the cause, choice 1 or choice 2?",choice 1,"Consider the following example: ‘‘‘The mother suspected that her son was lying.’’’ Choice 1: He refused to talk to her. Choice 2: He avoided making eye contact with her. Q: Which one is more likely to be the cause, choice 1 or choice 2? choice 1.",0.845691382765531
1.4621233940124512,0,base,0,0,"Consider the following example: ‘‘‘I wrote a thank-you note to my grandmother.’’’ Choice 1: She became forgetful. Choice 2: She sent me a gift. Q: Which one is more likely to be the cause, choice 1 or choice 2?",choice 1,"Consider the following example: ‘‘‘I wrote a thank-you note to my grandmother.’’’ Choice 1: She became forgetful. Choice 2: She sent me a gift. Q: Which one is more likely to be the cause, choice 1 or choice 2? choice 1.",0.8476953907815631
1.465658187866211,1,cf,0,1,"Consider the following example: ‘‘‘The boy painted a picture for his mother.’’’ Choice 1: His mother hung the picture on the wall. Choice 2: His mother sold the picture to a gallery. Q: Which one is more likely to be the effect, choice 1 or choice 2?",choice 2,"Consider the following example: ‘‘‘The boy painted a picture for his mother.’’’ Choice 1: His mother hung the picture on the wall. Choice 2: His mother sold the picture to a gallery. Q: Which one is more likely to be the effect, choice 1 or choice 2? choice 2.",0.8496993987975952
1.4794070720672607,0,base,1,1,"Consider the following example: ‘‘‘The horse bucked.’’’ Choice 1: A fly bit the horse. Choice 2: The rider stroked the horse. Q: Which one is more likely to be the cause, choice 1 or choice 2?",choice 1,"Consider the following example: ‘‘‘The horse bucked.’’’ Choice 1: A fly bit the horse. Choice 2: The rider stroked the horse. Q: Which one is more likely to be the cause, choice 1 or choice 2? choice 1.",0.8517034068136272
1.498600959777832,0,base,1,1,"Consider the following example: ‘‘‘The woman was deemed mentally ill.’’’ Choice 1: She was sent to a psychiatric institution. Choice 2: She sought a career as a psychiatrist. Q: Which one is more likely to be the effect, choice 1 or choice 2?",choice 1,"Consider the following example: ‘‘‘The woman was deemed mentally ill.’’’ Choice 1: She was sent to a psychiatric institution. Choice 2: She sought a career as a psychiatrist. Q: Which one is more likely to be the effect, choice 1 or choice 2? choice 1.",0.8537074148296593
1.526942491531372,1,cf,1,0,"Consider the following example: ‘‘‘The bride got cold feet before the wedding.’’’ Choice 1: The wedding guests brought gifts. Choice 2: She called the wedding off. Q: Which one is more likely to be the effect, choice 1 or choice 2?",choice 2,"Consider the following example: ‘‘‘The bride got cold feet before the wedding.’’’ Choice 1: The wedding guests brought gifts. Choice 2: She called the wedding off. Q: Which one is more likely to be the effect, choice 1 or choice 2? choice 2.",0.8557114228456913
1.5436838865280151,1,cf,1,0,"Consider the following example: ‘‘‘The celebrity wore sunglasses.’’’ Choice 1: She wanted to thank her fans. Choice 2: She wanted to avoid recognition. Q: Which one is more likely to be the cause, choice 1 or choice 2?",choice 2,"Consider the following example: ‘‘‘The celebrity wore sunglasses.’’’ Choice 1: She wanted to thank her fans. Choice 2: She wanted to avoid recognition. Q: Which one is more likely to be the cause, choice 1 or choice 2? choice 2.",0.8577154308617234
1.578027367591858,1,cf,1,0,"Consider the following example: ‘‘‘Air leaked out of the beach ball.’’’ Choice 1: It was inflated. Choice 2: There was a hole in it. Q: Which one is more likely to be the cause, choice 1 or choice 2?",choice 2,"Consider the following example: ‘‘‘Air leaked out of the beach ball.’’’ Choice 1: It was inflated. Choice 2: There was a hole in it. Q: Which one is more likely to be the cause, choice 1 or choice 2? choice 2.",0.8597194388777555
1.614276647567749,0,base,0,0,"Consider the following example: ‘‘‘The teacher caught the student chewing gum.’’’ Choice 1: The gum stuck to the student's shoe. Choice 2: The student spit out the gum. Q: Which one is more likely to be the effect, choice 1 or choice 2?",choice 1,"Consider the following example: ‘‘‘The teacher caught the student chewing gum.’’’ Choice 1: The gum stuck to the student's shoe. Choice 2: The student spit out the gum. Q: Which one is more likely to be the effect, choice 1 or choice 2? choice 1.",0.8617234468937875
1.6148905754089355,1,cf,1,0,"Consider the following example: ‘‘‘The man went into denial about the tragedy.’’’ Choice 1: He got over it easily. Choice 2: He refused to talk about it. Q: Which one is more likely to be the effect, choice 1 or choice 2?",choice 2,"Consider the following example: ‘‘‘The man went into denial about the tragedy.’’’ Choice 1: He got over it easily. Choice 2: He refused to talk about it. Q: Which one is more likely to be the effect, choice 1 or choice 2? choice 2.",0.8637274549098196
1.6194263696670532,1,cf,0,1,"Consider the following example: ‘‘‘I put coins in the washing machine at the laundromat.’’’ Choice 1: The machine powered on. Choice 2: I ran out of laundry detergent. Q: Which one is more likely to be the effect, choice 1 or choice 2?",choice 2,"Consider the following example: ‘‘‘I put coins in the washing machine at the laundromat.’’’ Choice 1: The machine powered on. Choice 2: I ran out of laundry detergent. Q: Which one is more likely to be the effect, choice 1 or choice 2? choice 2.",0.8657314629258517
1.648144245147705,1,cf,1,0,"Consider the following example: ‘‘‘The girl found a bug in her cereal.’’’ Choice 1: She poured milk in the bowl. Choice 2: She lost her appetite. Q: Which one is more likely to be the effect, choice 1 or choice 2?",choice 2,"Consider the following example: ‘‘‘The girl found a bug in her cereal.’’’ Choice 1: She poured milk in the bowl. Choice 2: She lost her appetite. Q: Which one is more likely to be the effect, choice 1 or choice 2? choice 2.",0.8677354709418837
1.6545171737670898,1,cf,1,0,"Consider the following example: ‘‘‘The stain came out of the shirt.’’’ Choice 1: I patched the shirt. Choice 2: I bleached the shirt. Q: Which one is more likely to be the cause, choice 1 or choice 2?",choice 2,"Consider the following example: ‘‘‘The stain came out of the shirt.’’’ Choice 1: I patched the shirt. Choice 2: I bleached the shirt. Q: Which one is more likely to be the cause, choice 1 or choice 2? choice 2.",0.8697394789579158
1.6603162288665771,0,base,0,0,"Consider the following example: ‘‘‘The customer came into the boutique.’’’ Choice 1: She left her wallet at home. Choice 2: The window display caught her eye. Q: Which one is more likely to be the cause, choice 1 or choice 2?",choice 1,"Consider the following example: ‘‘‘The customer came into the boutique.’’’ Choice 1: She left her wallet at home. Choice 2: The window display caught her eye. Q: Which one is more likely to be the cause, choice 1 or choice 2? choice 1.",0.8717434869739479
1.6644831895828247,1,cf,0,1,"Consider the following example: ‘‘‘The button on my shirt fell off.’’’ Choice 1: I sewed the button back on. Choice 2: I glued the button back on. Q: Which one is more likely to be the effect, choice 1 or choice 2?",choice 2,"Consider the following example: ‘‘‘The button on my shirt fell off.’’’ Choice 1: I sewed the button back on. Choice 2: I glued the button back on. Q: Which one is more likely to be the effect, choice 1 or choice 2? choice 2.",0.87374749498998
1.674597144126892,1,cf,1,0,"Consider the following example: ‘‘‘I went to bed.’’’ Choice 1: It was a clear night. Choice 2: It was late. Q: Which one is more likely to be the cause, choice 1 or choice 2?",choice 2,"Consider the following example: ‘‘‘I went to bed.’’’ Choice 1: It was a clear night. Choice 2: It was late. Q: Which one is more likely to be the cause, choice 1 or choice 2? choice 2.",0.875751503006012
1.675232172012329,0,base,1,1,"Consider the following example: ‘‘‘I coughed.’’’ Choice 1: I inhaled smoke. Choice 2: I lowered my voice. Q: Which one is more likely to be the cause, choice 1 or choice 2?",choice 1,"Consider the following example: ‘‘‘I coughed.’’’ Choice 1: I inhaled smoke. Choice 2: I lowered my voice. Q: Which one is more likely to be the cause, choice 1 or choice 2? choice 1.",0.8777555110220441
1.6860606670379639,1,cf,0,1,"Consider the following example: ‘‘‘The skydiver glided safely to the ground.’’’ Choice 1: She opened her parachute. Choice 2: She jumped out of the plane. Q: Which one is more likely to be the cause, choice 1 or choice 2?",choice 2,"Consider the following example: ‘‘‘The skydiver glided safely to the ground.’’’ Choice 1: She opened her parachute. Choice 2: She jumped out of the plane. Q: Which one is more likely to be the cause, choice 1 or choice 2? choice 2.",0.8797595190380761
1.6930949687957764,0,base,0,0,"Consider the following example: ‘‘‘My friend paid for my ticket.’’’ Choice 1: I sought a refund. Choice 2: I paid her back. Q: Which one is more likely to be the effect, choice 1 or choice 2?",choice 1,"Consider the following example: ‘‘‘My friend paid for my ticket.’’’ Choice 1: I sought a refund. Choice 2: I paid her back. Q: Which one is more likely to be the effect, choice 1 or choice 2? choice 1.",0.8817635270541082
1.7118874788284302,0,base,1,1,"Consider the following example: ‘‘‘The pharmaceutical company recalled the drug.’’’ Choice 1: Users reported dangerous side effects. Choice 2: Users got refills on their prescriptions. Q: Which one is more likely to be the cause, choice 1 or choice 2?",choice 1,"Consider the following example: ‘‘‘The pharmaceutical company recalled the drug.’’’ Choice 1: Users reported dangerous side effects. Choice 2: Users got refills on their prescriptions. Q: Which one is more likely to be the cause, choice 1 or choice 2? choice 1.",0.8837675350701403
1.7546117305755615,1,cf,0,1,"Consider the following example: ‘‘‘I drank a cup of coffee.’’’ Choice 1: My yawning ceased. Choice 2: I nodded off to sleep. Q: Which one is more likely to be the effect, choice 1 or choice 2?",choice 2,"Consider the following example: ‘‘‘I drank a cup of coffee.’’’ Choice 1: My yawning ceased. Choice 2: I nodded off to sleep. Q: Which one is more likely to be the effect, choice 1 or choice 2? choice 2.",0.8857715430861723
1.7564274072647095,1,cf,0,1,"Consider the following example: ‘‘‘The woman gave the man her phone number.’’’ Choice 1: She was attracted to him. Choice 2: She was repulsed by him. Q: Which one is more likely to be the cause, choice 1 or choice 2?",choice 2,"Consider the following example: ‘‘‘The woman gave the man her phone number.’’’ Choice 1: She was attracted to him. Choice 2: She was repulsed by him. Q: Which one is more likely to be the cause, choice 1 or choice 2? choice 2.",0.8877755511022044
1.7701510190963745,1,cf,0,1,"Consider the following example: ‘‘‘I clenched the candy wrapper in my fist.’’’ Choice 1: The wrapper crinkled. Choice 2: The wrapper ripped. Q: Which one is more likely to be the effect, choice 1 or choice 2?",choice 2,"Consider the following example: ‘‘‘I clenched the candy wrapper in my fist.’’’ Choice 1: The wrapper crinkled. Choice 2: The wrapper ripped. Q: Which one is more likely to be the effect, choice 1 or choice 2? choice 2.",0.8897795591182365
1.7954410314559937,1,cf,1,0,"Consider the following example: ‘‘‘I put rubber gloves on.’’’ Choice 1: I was preparing to wash my hands. Choice 2: I was preparing to clean the bathroom. Q: Which one is more likely to be the cause, choice 1 or choice 2?",choice 2,"Consider the following example: ‘‘‘I put rubber gloves on.’’’ Choice 1: I was preparing to wash my hands. Choice 2: I was preparing to clean the bathroom. Q: Which one is more likely to be the cause, choice 1 or choice 2? choice 2.",0.8917835671342685
1.811466932296753,0,base,0,0,"Consider the following example: ‘‘‘The shirt shrunk.’’’ Choice 1: I poured bleach on it. Choice 2: I put it in the dryer. Q: Which one is more likely to be the cause, choice 1 or choice 2?",choice 1,"Consider the following example: ‘‘‘The shirt shrunk.’’’ Choice 1: I poured bleach on it. Choice 2: I put it in the dryer. Q: Which one is more likely to be the cause, choice 1 or choice 2? choice 1.",0.8937875751503006
1.8321081399917603,0,base,0,0,"Consider the following example: ‘‘‘The city re-elected the mayor.’’’ Choice 1: The city cut its budget. Choice 2: The mayor fulfilled his promises. Q: Which one is more likely to be the cause, choice 1 or choice 2?",choice 1,"Consider the following example: ‘‘‘The city re-elected the mayor.’’’ Choice 1: The city cut its budget. Choice 2: The mayor fulfilled his promises. Q: Which one is more likely to be the cause, choice 1 or choice 2? choice 1.",0.8957915831663327
1.8401868343353271,1,cf,1,0,"Consider the following example: ‘‘‘The boy was afraid to go to bed.’’’ Choice 1: He turned on his nightlight. Choice 2: He watched a horror movie. Q: Which one is more likely to be the cause, choice 1 or choice 2?",choice 2,"Consider the following example: ‘‘‘The boy was afraid to go to bed.’’’ Choice 1: He turned on his nightlight. Choice 2: He watched a horror movie. Q: Which one is more likely to be the cause, choice 1 or choice 2? choice 2.",0.8977955911823647
1.8550937175750732,1,cf,0,1,"Consider the following example: ‘‘‘The girl found the missing puzzle piece.’’’ Choice 1: She completed the puzzle. Choice 2: She took apart the puzzle. Q: Which one is more likely to be the effect, choice 1 or choice 2?",choice 2,"Consider the following example: ‘‘‘The girl found the missing puzzle piece.’’’ Choice 1: She completed the puzzle. Choice 2: She took apart the puzzle. Q: Which one is more likely to be the effect, choice 1 or choice 2? choice 2.",0.8997995991983968
1.8562300205230713,1,cf,1,0,"Consider the following example: ‘‘‘The man fainted.’’’ Choice 1: He took a nap. Choice 2: He ran a marathon. Q: Which one is more likely to be the cause, choice 1 or choice 2?",choice 2,"Consider the following example: ‘‘‘The man fainted.’’’ Choice 1: He took a nap. Choice 2: He ran a marathon. Q: Which one is more likely to be the cause, choice 1 or choice 2? choice 2.",0.9018036072144289
1.8592569828033447,0,base,0,0,"Consider the following example: ‘‘‘The woman presented her brother with a gift.’’’ Choice 1: Her brother refused to accept the gift. Choice 2: Her brother unwrapped the gift. Q: Which one is more likely to be the effect, choice 1 or choice 2?",choice 1,"Consider the following example: ‘‘‘The woman presented her brother with a gift.’’’ Choice 1: Her brother refused to accept the gift. Choice 2: Her brother unwrapped the gift. Q: Which one is more likely to be the effect, choice 1 or choice 2? choice 1.",0.9038076152304609
1.8654403686523438,1,cf,1,0,"Consider the following example: ‘‘‘The doctors amputated the patient's leg.’’’ Choice 1: It was badly bruised. Choice 2: It was severely infected. Q: Which one is more likely to be the cause, choice 1 or choice 2?",choice 2,"Consider the following example: ‘‘‘The doctors amputated the patient's leg.’’’ Choice 1: It was badly bruised. Choice 2: It was severely infected. Q: Which one is more likely to be the cause, choice 1 or choice 2? choice 2.",0.905811623246493
1.886645793914795,1,cf,0,1,"Consider the following example: ‘‘‘I drank from the water fountain.’’’ Choice 1: I was thirsty. Choice 2: I felt nauseous. Q: Which one is more likely to be the cause, choice 1 or choice 2?",choice 2,"Consider the following example: ‘‘‘I drank from the water fountain.’’’ Choice 1: I was thirsty. Choice 2: I felt nauseous. Q: Which one is more likely to be the cause, choice 1 or choice 2? choice 2.",0.9078156312625251
1.8916070461273193,1,cf,0,1,"Consider the following example: ‘‘‘The farmland needed irrigation.’’’ Choice 1: A canal was constructed. Choice 2: A flood occurred. Q: Which one is more likely to be the effect, choice 1 or choice 2?",choice 2,"Consider the following example: ‘‘‘The farmland needed irrigation.’’’ Choice 1: A canal was constructed. Choice 2: A flood occurred. Q: Which one is more likely to be the effect, choice 1 or choice 2? choice 2.",0.9098196392785571
1.9668530225753784,0,base,1,1,"Consider the following example: ‘‘‘I botched the job interview.’’’ Choice 1: The interviewer asked difficult questions. Choice 2: I anticipated the interviewer's questions. Q: Which one is more likely to be the cause, choice 1 or choice 2?",choice 1,"Consider the following example: ‘‘‘I botched the job interview.’’’ Choice 1: The interviewer asked difficult questions. Choice 2: I anticipated the interviewer's questions. Q: Which one is more likely to be the cause, choice 1 or choice 2? choice 1.",0.9118236472945892
1.9736248254776,1,cf,0,1,"Consider the following example: ‘‘‘My knees buckled on the stairs.’’’ Choice 1: I caught myself on the railing. Choice 2: The railing came loose from the wall. Q: Which one is more likely to be the effect, choice 1 or choice 2?",choice 2,"Consider the following example: ‘‘‘My knees buckled on the stairs.’’’ Choice 1: I caught myself on the railing. Choice 2: The railing came loose from the wall. Q: Which one is more likely to be the effect, choice 1 or choice 2? choice 2.",0.9138276553106213
1.9803392887115479,1,cf,0,1,"Consider the following example: ‘‘‘The school principal implemented a dress code.’’’ Choice 1: Students protested the decision. Choice 2: Students were expelled from school. Q: Which one is more likely to be the effect, choice 1 or choice 2?",choice 2,"Consider the following example: ‘‘‘The school principal implemented a dress code.’’’ Choice 1: Students protested the decision. Choice 2: Students were expelled from school. Q: Which one is more likely to be the effect, choice 1 or choice 2? choice 2.",0.9158316633266533
1.980622410774231,0,base,0,0,"Consider the following example: ‘‘‘I regained composure from my fit of anger.’’’ Choice 1: My heart pounded. Choice 2: I took deep breaths. Q: Which one is more likely to be the cause, choice 1 or choice 2?",choice 1,"Consider the following example: ‘‘‘I regained composure from my fit of anger.’’’ Choice 1: My heart pounded. Choice 2: I took deep breaths. Q: Which one is more likely to be the cause, choice 1 or choice 2? choice 1.",0.9178356713426854
1.981640338897705,1,cf,1,0,"Consider the following example: ‘‘‘The man threw out the bread.’’’ Choice 1: It was fresh. Choice 2: It was stale. Q: Which one is more likely to be the cause, choice 1 or choice 2?",choice 2,"Consider the following example: ‘‘‘The man threw out the bread.’’’ Choice 1: It was fresh. Choice 2: It was stale. Q: Which one is more likely to be the cause, choice 1 or choice 2? choice 2.",0.9198396793587175
1.9866254329681396,1,cf,0,1,"Consider the following example: ‘‘‘I put my plate in the sink.’’’ Choice 1: I finished eating. Choice 2: I skipped dinner. Q: Which one is more likely to be the cause, choice 1 or choice 2?",choice 2,"Consider the following example: ‘‘‘I put my plate in the sink.’’’ Choice 1: I finished eating. Choice 2: I skipped dinner. Q: Which one is more likely to be the cause, choice 1 or choice 2? choice 2.",0.9218436873747495
2.0287880897521973,1,cf,1,0,"Consider the following example: ‘‘‘The computer was expensive to fix.’’’ Choice 1: I got it repaired. Choice 2: I bought a new one. Q: Which one is more likely to be the effect, choice 1 or choice 2?",choice 2,"Consider the following example: ‘‘‘The computer was expensive to fix.’’’ Choice 1: I got it repaired. Choice 2: I bought a new one. Q: Which one is more likely to be the effect, choice 1 or choice 2? choice 2.",0.9238476953907816
2.059988021850586,1,cf,0,1,"Consider the following example: ‘‘‘The player caught the ball.’’’ Choice 1: Her teammate threw it to her. Choice 2: Her opponent tried to intercept it. Q: Which one is more likely to be the cause, choice 1 or choice 2?",choice 2,"Consider the following example: ‘‘‘The player caught the ball.’’’ Choice 1: Her teammate threw it to her. Choice 2: Her opponent tried to intercept it. Q: Which one is more likely to be the cause, choice 1 or choice 2? choice 2.",0.9258517034068137
2.0605039596557617,0,base,0,0,"Consider the following example: ‘‘‘The woman took her family on vacation.’’’ Choice 1: Her husband got laid off. Choice 2: She received a salary bonus. Q: Which one is more likely to be the cause, choice 1 or choice 2?",choice 1,"Consider the following example: ‘‘‘The woman took her family on vacation.’’’ Choice 1: Her husband got laid off. Choice 2: She received a salary bonus. Q: Which one is more likely to be the cause, choice 1 or choice 2? choice 1.",0.9278557114228457
2.14582896232605,1,cf,1,0,"Consider the following example: ‘‘‘The bartender refused to serve the patron.’’’ Choice 1: The patron was alone. Choice 2: The patron was drunk. Q: Which one is more likely to be the cause, choice 1 or choice 2?",choice 2,"Consider the following example: ‘‘‘The bartender refused to serve the patron.’’’ Choice 1: The patron was alone. Choice 2: The patron was drunk. Q: Which one is more likely to be the cause, choice 1 or choice 2? choice 2.",0.9298597194388778
2.162670135498047,0,base,0,0,"Consider the following example: ‘‘‘The man had an attack of conscience.’’’ Choice 1: He manipulated his friend. Choice 2: He admitted his indiscretion. Q: Which one is more likely to be the effect, choice 1 or choice 2?",choice 1,"Consider the following example: ‘‘‘The man had an attack of conscience.’’’ Choice 1: He manipulated his friend. Choice 2: He admitted his indiscretion. Q: Which one is more likely to be the effect, choice 1 or choice 2? choice 1.",0.9318637274549099
2.1893346309661865,0,base,0,0,"Consider the following example: ‘‘‘The girl wanted to demonstrate proper etiquette.’’’ Choice 1: She threw away her napkin after eating. Choice 2: She put her napkin on her lap before eating. Q: Which one is more likely to be the effect, choice 1 or choice 2?",choice 1,"Consider the following example: ‘‘‘The girl wanted to demonstrate proper etiquette.’’’ Choice 1: She threw away her napkin after eating. Choice 2: She put her napkin on her lap before eating. Q: Which one is more likely to be the effect, choice 1 or choice 2? choice 1.",0.9338677354709419
2.1910529136657715,0,base,0,0,"Consider the following example: ‘‘‘The woman visited her family.’’’ Choice 1: She distrusted them. Choice 2: She missed them. Q: Which one is more likely to be the cause, choice 1 or choice 2?",choice 1,"Consider the following example: ‘‘‘The woman visited her family.’’’ Choice 1: She distrusted them. Choice 2: She missed them. Q: Which one is more likely to be the cause, choice 1 or choice 2? choice 1.",0.935871743486974
2.2179901599884033,0,base,1,1,"Consider the following example: ‘‘‘The boy climbed the tree.’’’ Choice 1: A cat got stuck in the tree. Choice 2: A bird built a nest in the tree. Q: Which one is more likely to be the cause, choice 1 or choice 2?",choice 1,"Consider the following example: ‘‘‘The boy climbed the tree.’’’ Choice 1: A cat got stuck in the tree. Choice 2: A bird built a nest in the tree. Q: Which one is more likely to be the cause, choice 1 or choice 2? choice 1.",0.9378757515030061
2.2389984130859375,1,cf,1,0,"Consider the following example: ‘‘‘My computer crashed.’’’ Choice 1: I installed new speakers. Choice 2: I lost all my data. Q: Which one is more likely to be the effect, choice 1 or choice 2?",choice 2,"Consider the following example: ‘‘‘My computer crashed.’’’ Choice 1: I installed new speakers. Choice 2: I lost all my data. Q: Which one is more likely to be the effect, choice 1 or choice 2? choice 2.",0.9398797595190381
2.2413575649261475,0,base,0,0,"Consider the following example: ‘‘‘The chef pressed down on the dough.’’’ Choice 1: The dough crumbled. Choice 2: The dough flattened. Q: Which one is more likely to be the effect, choice 1 or choice 2?",choice 1,"Consider the following example: ‘‘‘The chef pressed down on the dough.’’’ Choice 1: The dough crumbled. Choice 2: The dough flattened. Q: Which one is more likely to be the effect, choice 1 or choice 2? choice 1.",0.9418837675350702
2.2504398822784424,0,base,0,0,"Consider the following example: ‘‘‘The girl handed down her clothes to her younger sister.’’’ Choice 1: The clothes were tattered. Choice 2: She outgrew the clothes. Q: Which one is more likely to be the cause, choice 1 or choice 2?",choice 1,"Consider the following example: ‘‘‘The girl handed down her clothes to her younger sister.’’’ Choice 1: The clothes were tattered. Choice 2: She outgrew the clothes. Q: Which one is more likely to be the cause, choice 1 or choice 2? choice 1.",0.9438877755511023
2.2577626705169678,0,base,1,1,"Consider the following example: ‘‘‘Everyone in the class turned to stare at the student.’’’ Choice 1: The student's phone rang. Choice 2: The student took notes. Q: Which one is more likely to be the cause, choice 1 or choice 2?",choice 1,"Consider the following example: ‘‘‘Everyone in the class turned to stare at the student.’’’ Choice 1: The student's phone rang. Choice 2: The student took notes. Q: Which one is more likely to be the cause, choice 1 or choice 2? choice 1.",0.9458917835671342
2.2651100158691406,1,cf,0,1,"Consider the following example: ‘‘‘The girl wanted to wear earrings.’’’ Choice 1: She got her ears pierced. Choice 2: She got a tattoo. Q: Which one is more likely to be the effect, choice 1 or choice 2?",choice 2,"Consider the following example: ‘‘‘The girl wanted to wear earrings.’’’ Choice 1: She got her ears pierced. Choice 2: She got a tattoo. Q: Which one is more likely to be the effect, choice 1 or choice 2? choice 2.",0.9478957915831663
2.272799491882324,1,cf,0,1,"Consider the following example: ‘‘‘The product was heavily advertised.’’’ Choice 1: Consumers recognized the product. Choice 2: The product became outdated. Q: Which one is more likely to be the effect, choice 1 or choice 2?",choice 2,"Consider the following example: ‘‘‘The product was heavily advertised.’’’ Choice 1: Consumers recognized the product. Choice 2: The product became outdated. Q: Which one is more likely to be the effect, choice 1 or choice 2? choice 2.",0.9498997995991983
2.277845859527588,1,cf,1,0,"Consider the following example: ‘‘‘The woman walked with crutches.’’’ Choice 1: She shaved her legs. Choice 2: She broke her leg. Q: Which one is more likely to be the cause, choice 1 or choice 2?",choice 2,"Consider the following example: ‘‘‘The woman walked with crutches.’’’ Choice 1: She shaved her legs. Choice 2: She broke her leg. Q: Which one is more likely to be the cause, choice 1 or choice 2? choice 2.",0.9519038076152304
2.290257453918457,0,base,1,1,"Consider the following example: ‘‘‘The girl was angry with her friend.’’’ Choice 1: The girl spread a rumor about her friend. Choice 2: The girl told a secret to her friend. Q: Which one is more likely to be the effect, choice 1 or choice 2?",choice 1,"Consider the following example: ‘‘‘The girl was angry with her friend.’’’ Choice 1: The girl spread a rumor about her friend. Choice 2: The girl told a secret to her friend. Q: Which one is more likely to be the effect, choice 1 or choice 2? choice 1.",0.9539078156312625
2.3204264640808105,0,base,1,1,"Consider the following example: ‘‘‘The girl shared her lunch with her friend.’’’ Choice 1: Her friend forgot to bring his lunch. Choice 2: Her friend sat next to her at lunch. Q: Which one is more likely to be the cause, choice 1 or choice 2?",choice 1,"Consider the following example: ‘‘‘The girl shared her lunch with her friend.’’’ Choice 1: Her friend forgot to bring his lunch. Choice 2: Her friend sat next to her at lunch. Q: Which one is more likely to be the cause, choice 1 or choice 2? choice 1.",0.9559118236472945
2.3412766456604004,0,base,0,0,"Consider the following example: ‘‘‘The journalist wrote a biography about the humanitarian's life.’’’ Choice 1: The humanitarian was difficult for the journalist to interview. Choice 2: The journalist was intrigued by the humanitarian's work. Q: Which one is more likely to be the cause, choice 1 or choice 2?",choice 1,"Consider the following example: ‘‘‘The journalist wrote a biography about the humanitarian's life.’’’ Choice 1: The humanitarian was difficult for the journalist to interview. Choice 2: The journalist was intrigued by the humanitarian's work. Q: Which one is more likely to be the cause, choice 1 or choice 2? choice 1.",0.9579158316633266
2.3419899940490723,1,cf,0,1,"Consider the following example: ‘‘‘I put my hands under the running faucet.’’’ Choice 1: The soap rinsed off my hands. Choice 2: The water splashed in my face. Q: Which one is more likely to be the effect, choice 1 or choice 2?",choice 2,"Consider the following example: ‘‘‘I put my hands under the running faucet.’’’ Choice 1: The soap rinsed off my hands. Choice 2: The water splashed in my face. Q: Which one is more likely to be the effect, choice 1 or choice 2? choice 2.",0.9599198396793587
2.4047815799713135,1,cf,1,0,"Consider the following example: ‘‘‘I ironed my shirt.’’’ Choice 1: It was clean. Choice 2: It was wrinkled. Q: Which one is more likely to be the cause, choice 1 or choice 2?",choice 2,"Consider the following example: ‘‘‘I ironed my shirt.’’’ Choice 1: It was clean. Choice 2: It was wrinkled. Q: Which one is more likely to be the cause, choice 1 or choice 2? choice 2.",0.9619238476953907
2.4120354652404785,0,base,1,1,"Consider the following example: ‘‘‘A man cut in front of me in the long line.’’’ Choice 1: I confronted him. Choice 2: I smiled at him. Q: Which one is more likely to be the effect, choice 1 or choice 2?",choice 1,"Consider the following example: ‘‘‘A man cut in front of me in the long line.’’’ Choice 1: I confronted him. Choice 2: I smiled at him. Q: Which one is more likely to be the effect, choice 1 or choice 2? choice 1.",0.9639278557114228
2.4336037635803223,1,cf,0,1,"Consider the following example: ‘‘‘The man became disabled.’’’ Choice 1: His family offered him financial support. Choice 2: His family cut off contact with him. Q: Which one is more likely to be the effect, choice 1 or choice 2?",choice 2,"Consider the following example: ‘‘‘The man became disabled.’’’ Choice 1: His family offered him financial support. Choice 2: His family cut off contact with him. Q: Which one is more likely to be the effect, choice 1 or choice 2? choice 2.",0.9659318637274549
2.4895150661468506,1,cf,1,0,"Consider the following example: ‘‘‘The friends' debate dragged on interminably.’’’ Choice 1: The friends saw eye to eye. Choice 2: The friends were splitting hairs. Q: Which one is more likely to be the cause, choice 1 or choice 2?",choice 2,"Consider the following example: ‘‘‘The friends' debate dragged on interminably.’’’ Choice 1: The friends saw eye to eye. Choice 2: The friends were splitting hairs. Q: Which one is more likely to be the cause, choice 1 or choice 2? choice 2.",0.9679358717434869
2.553898811340332,0,base,0,0,"Consider the following example: ‘‘‘The boy had trouble buttoning his shirt.’’’ Choice 1: He refused to wear the shirt. Choice 2: He asked his mother for help. Q: Which one is more likely to be the effect, choice 1 or choice 2?",choice 1,"Consider the following example: ‘‘‘The boy had trouble buttoning his shirt.’’’ Choice 1: He refused to wear the shirt. Choice 2: He asked his mother for help. Q: Which one is more likely to be the effect, choice 1 or choice 2? choice 1.",0.969939879759519
2.55642032623291,1,cf,1,0,"Consider the following example: ‘‘‘The woman betrayed her friend.’’’ Choice 1: Her friend sent her a greeting card. Choice 2: Her friend cut off contact with her. Q: Which one is more likely to be the effect, choice 1 or choice 2?",choice 2,"Consider the following example: ‘‘‘The woman betrayed her friend.’’’ Choice 1: Her friend sent her a greeting card. Choice 2: Her friend cut off contact with her. Q: Which one is more likely to be the effect, choice 1 or choice 2? choice 2.",0.9719438877755511
2.5956263542175293,1,cf,1,0,"Consider the following example: ‘‘‘The boat capsized.’’’ Choice 1: The captain raised the sail. Choice 2: It was caught in a hurricane. Q: Which one is more likely to be the cause, choice 1 or choice 2?",choice 2,"Consider the following example: ‘‘‘The boat capsized.’’’ Choice 1: The captain raised the sail. Choice 2: It was caught in a hurricane. Q: Which one is more likely to be the cause, choice 1 or choice 2? choice 2.",0.9739478957915831
2.6040828227996826,1,cf,1,0,"Consider the following example: ‘‘‘The woman was arrested.’’’ Choice 1: She checked into rehab. Choice 2: She committed assault. Q: Which one is more likely to be the cause, choice 1 or choice 2?",choice 2,"Consider the following example: ‘‘‘The woman was arrested.’’’ Choice 1: She checked into rehab. Choice 2: She committed assault. Q: Which one is more likely to be the cause, choice 1 or choice 2? choice 2.",0.9759519038076152
2.613036632537842,0,base,0,0,"Consider the following example: ‘‘‘I clumsily bumped into the stranger.’’’ Choice 1: I ran away. Choice 2: I apologized to him. Q: Which one is more likely to be the effect, choice 1 or choice 2?",choice 1,"Consider the following example: ‘‘‘I clumsily bumped into the stranger.’’’ Choice 1: I ran away. Choice 2: I apologized to him. Q: Which one is more likely to be the effect, choice 1 or choice 2? choice 1.",0.9779559118236473
2.722175121307373,1,cf,0,1,"Consider the following example: ‘‘‘I rubbed sandpaper on the wood.’’’ Choice 1: The wood became smooth. Choice 2: The wood became sticky. Q: Which one is more likely to be the effect, choice 1 or choice 2?",choice 2,"Consider the following example: ‘‘‘I rubbed sandpaper on the wood.’’’ Choice 1: The wood became smooth. Choice 2: The wood became sticky. Q: Which one is more likely to be the effect, choice 1 or choice 2? choice 2.",0.9799599198396793
2.738339900970459,0,base,0,0,"Consider the following example: ‘‘‘The man turned on the faucet.’’’ Choice 1: The toilet filled with water. Choice 2: Water flowed from the spout. Q: Which one is more likely to be the effect, choice 1 or choice 2?",choice 1,"Consider the following example: ‘‘‘The man turned on the faucet.’’’ Choice 1: The toilet filled with water. Choice 2: Water flowed from the spout. Q: Which one is more likely to be the effect, choice 1 or choice 2? choice 1.",0.9819639278557114
2.7490806579589844,1,cf,1,0,"Consider the following example: ‘‘‘The woman was in a bad mood.’’’ Choice 1: She engaged in small talk with her friend. Choice 2: She told her friend to leave her alone. Q: Which one is more likely to be the effect, choice 1 or choice 2?",choice 2,"Consider the following example: ‘‘‘The woman was in a bad mood.’’’ Choice 1: She engaged in small talk with her friend. Choice 2: She told her friend to leave her alone. Q: Which one is more likely to be the effect, choice 1 or choice 2? choice 2.",0.9839679358717435
2.7576167583465576,1,cf,1,0,"Consider the following example: ‘‘‘The smoke alarm went off.’’’ Choice 1: I lit a candle. Choice 2: I burnt my dinner. Q: Which one is more likely to be the cause, choice 1 or choice 2?",choice 2,"Consider the following example: ‘‘‘The smoke alarm went off.’’’ Choice 1: I lit a candle. Choice 2: I burnt my dinner. Q: Which one is more likely to be the cause, choice 1 or choice 2? choice 2.",0.9859719438877755
2.8886001110076904,1,cf,0,1,"Consider the following example: ‘‘‘The man revealed personal information to the therapist.’’’ Choice 1: He trusted the therapist. Choice 2: He disagreed with the therapist. Q: Which one is more likely to be the cause, choice 1 or choice 2?",choice 2,"Consider the following example: ‘‘‘The man revealed personal information to the therapist.’’’ Choice 1: He trusted the therapist. Choice 2: He disagreed with the therapist. Q: Which one is more likely to be the cause, choice 1 or choice 2? choice 2.",0.9879759519038076
3.0393192768096924,1,cf,1,0,"Consider the following example: ‘‘‘The woman filed a restraining order against the man.’’’ Choice 1: The man called her. Choice 2: The man stalked her. Q: Which one is more likely to be the cause, choice 1 or choice 2?",choice 2,"Consider the following example: ‘‘‘The woman filed a restraining order against the man.’’’ Choice 1: The man called her. Choice 2: The man stalked her. Q: Which one is more likely to be the cause, choice 1 or choice 2? choice 2.",0.9899799599198397
3.0662460327148438,1,cf,0,1,"Consider the following example: ‘‘‘The woman tolerated her friend's difficult behavior.’’’ Choice 1: The woman knew her friend was going through a hard time. Choice 2: The woman felt that her friend took advantage of her kindness. Q: Which one is more likely to be the cause, choice 1 or choice 2?",choice 2,"Consider the following example: ‘‘‘The woman tolerated her friend's difficult behavior.’’’ Choice 1: The woman knew her friend was going through a hard time. Choice 2: The woman felt that her friend took advantage of her kindness. Q: Which one is more likely to be the cause, choice 1 or choice 2? choice 2.",0.9919839679358717
3.1361947059631348,1,cf,0,1,"Consider the following example: ‘‘‘I learned how to play the board game.’’’ Choice 1: My friend explained the rules to me. Choice 2: My friend got the rules wrong. Q: Which one is more likely to be the cause, choice 1 or choice 2?",choice 2,"Consider the following example: ‘‘‘I learned how to play the board game.’’’ Choice 1: My friend explained the rules to me. Choice 2: My friend got the rules wrong. Q: Which one is more likely to be the cause, choice 1 or choice 2? choice 2.",0.9939879759519038
3.1853370666503906,1,cf,0,1,"Consider the following example: ‘‘‘The host served dinner to his guests.’’’ Choice 1: His guests were gracious. Choice 2: His guests went hungry. Q: Which one is more likely to be the effect, choice 1 or choice 2?",choice 2,"Consider the following example: ‘‘‘The host served dinner to his guests.’’’ Choice 1: His guests were gracious. Choice 2: His guests went hungry. Q: Which one is more likely to be the effect, choice 1 or choice 2? choice 2.",0.9959919839679359
3.319563627243042,1,cf,1,0,"Consider the following example: ‘‘‘The computer crashed.’’’ Choice 1: I backed up my files. Choice 2: I downloaded a virus. Q: Which one is more likely to be the cause, choice 1 or choice 2?",choice 2,"Consider the following example: ‘‘‘The computer crashed.’’’ Choice 1: I backed up my files. Choice 2: I downloaded a virus. Q: Which one is more likely to be the cause, choice 1 or choice 2? choice 2.",0.9979959919839679
3.719642400741577,1,cf,0,1,"Consider the following example: ‘‘‘The scientist conducted an experiment.’’’ Choice 1: She validated her theory. Choice 2: She fabricated her data. Q: Which one is more likely to be the effect, choice 1 or choice 2?",choice 2,"Consider the following example: ‘‘‘The scientist conducted an experiment.’’’ Choice 1: She validated her theory. Choice 2: She fabricated her data. Q: Which one is more likely to be the effect, choice 1 or choice 2? choice 2.",1.0
